call,live,original_emulated,reimpl_emulated,match
ecx=0x3614040 -1 0,0x0,0x0,0x0,True
ecx=0x3614040 0 2,0x3622804,0x3622804,0x3622804,True
ecx=0x3614040 1 3,0x3629c5c,0x3629c5c,0x3629c5c,True
ecx=0x3614040 0 4,0x3630c24,0x3630c24,0x3630c24,True
ecx=0x3614040 -1 7,0x0,0x0,0x0,True
ecx=0x3614040 0 9,0x3654674,0x3654674,0x3654674,True
ecx=0x3614040 1 10,0x365bacc,0x365bacc,0x365bacc,True
ecx=0x3614040 0 11,0x3662a94,0x3662a94,0x3662a94,True
ecx=0x3614040 -1 14,0x0,0x0,0x0,True
ecx=0x3614040 0 16,0x36864e4,0x36864e4,0x36864e4,True
ecx=0x3614040 1 17,0x368d93c,0x368d93c,0x368d93c,True
ecx=0x3614040 0 18,0x3694904,0x3694904,0x3694904,True
ecx=0x3614040 -1 21,0x0,0x0,0x0,True
ecx=0x3614040 0 23,0x36b8354,0x36b8354,0x36b8354,True
ecx=0x3614040 1 24,0x36bf7ac,0x36bf7ac,0x36bf7ac,True
ecx=0x3614040 0 25,0x36c6774,0x36c6774,0x36c6774,True
ecx=0x3614040 -1 28,0x0,0x0,0x0,True
ecx=0x3614040 0 30,0x36ea1c4,0x36ea1c4,0x36ea1c4,True
ecx=0x3614040 1 31,0x36f161c,0x36f161c,0x36f161c,True
ecx=0x3614040 0 32,0x36f85e4,0x36f85e4,0x36f85e4,True
ecx=0x3614040 -1 35,0x0,0x0,0x0,True
ecx=0x3614040 0 37,0x371c034,0x371c034,0x371c034,True
ecx=0x3614040 1 38,0x372348c,0x372348c,0x372348c,True
ecx=0x3614040 0 39,0x372a454,0x372a454,0x372a454,True
ecx=0x3614040 -1 42,0x0,0x0,0x0,True
ecx=0x3614040 0 44,0x374dea4,0x374dea4,0x374dea4,True
ecx=0x3614040 1 45,0x37552fc,0x37552fc,0x37552fc,True
ecx=0x3614040 0 46,0x375c2c4,0x375c2c4,0x375c2c4,True
ecx=0x3614040 -1 49,0x0,0x0,0x0,True
ecx=0x3614040 1 1,0x361b83c,0x361b83c,0x361b83c,True
ecx=0x3614040 2 2,0x3622c94,0x3622c94,0x3622c94,True
ecx=0x3614040 1 3,0x3629c5c,0x3629c5c,0x3629c5c,True
ecx=0x3614040 0 6,0x363f044,0x363f044,0x363f044,True
ecx=0x3614040 1 8,0x364d6ac,0x364d6ac,0x364d6ac,True
ecx=0x3614040 2 9,0x3654b04,0x3654b04,0x3654b04,True
ecx=0x3614040 1 10,0x365bacc,0x365bacc,0x365bacc,True
ecx=0x3614040 0 13,0x3670eb4,0x3670eb4,0x3670eb4,True
ecx=0x3614040 1 15,0x367f51c,0x367f51c,0x367f51c,True
ecx=0x3614040 2 16,0x3686974,0x3686974,0x3686974,True
ecx=0x3614040 1 17,0x368d93c,0x368d93c,0x368d93c,True
ecx=0x3614040 0 20,0x36a2d24,0x36a2d24,0x36a2d24,True
ecx=0x3614040 1 22,0x36b138c,0x36b138c,0x36b138c,True
ecx=0x3614040 2 23,0x36b87e4,0x36b87e4,0x36b87e4,True
ecx=0x3614040 1 24,0x36bf7ac,0x36bf7ac,0x36bf7ac,True
ecx=0x3614040 0 27,0x36d4b94,0x36d4b94,0x36d4b94,True
ecx=0x3614040 1 29,0x36e31fc,0x36e31fc,0x36e31fc,True
ecx=0x3614040 2 30,0x36ea654,0x36ea654,0x36ea654,True
ecx=0x3614040 1 31,0x36f161c,0x36f161c,0x36f161c,True
ecx=0x3614040 0 34,0x3706a04,0x3706a04,0x3706a04,True
ecx=0x3614040 1 36,0x371506c,0x371506c,0x371506c,True
ecx=0x3614040 2 37,0x371c4c4,0x371c4c4,0x371c4c4,True
ecx=0x3614040 1 38,0x372348c,0x372348c,0x372348c,True
ecx=0x3614040 0 41,0x3738874,0x3738874,0x3738874,True
ecx=0x3614040 1 43,0x3746edc,0x3746edc,0x3746edc,True
ecx=0x3614040 2 44,0x374e334,0x374e334,0x374e334,True
ecx=0x3614040 1 45,0x37552fc,0x37552fc,0x37552fc,True
ecx=0x3614040 0 48,0x376a6e4,0x376a6e4,0x376a6e4,True
ecx=0x3614040 1 50,0x0,0x0,0x0,True
ecx=0x3614040 3 1,0x361bccc,0x361bccc,0x361bccc,True
ecx=0x3614040 2 2,0x3622c94,0x3622c94,0x3622c94,True
ecx=0x3614040 1 5,0x363807c,0x363807c,0x363807c,True
ecx=0x3614040 2 7,0x36466e4,0x36466e4,0x36466e4,True
ecx=0x3614040 3 8,0x364db3c,0x364db3c,0x364db3c,True
ecx=0x3614040 2 9,0x3654b04,0x3654b04,0x3654b04,True
ecx=0x3614040 1 12,0x3669eec,0x3669eec,0x3669eec,True
ecx=0x3614040 2 14,0x3678554,0x3678554,0x3678554,True
ecx=0x3614040 3 15,0x367f9ac,0x367f9ac,0x367f9ac,True
ecx=0x3614040 2 16,0x3686974,0x3686974,0x3686974,True
ecx=0x3614040 1 19,0x369bd5c,0x369bd5c,0x369bd5c,True
ecx=0x3614040 2 21,0x36aa3c4,0x36aa3c4,0x36aa3c4,True
ecx=0x3614040 3 22,0x36b181c,0x36b181c,0x36b181c,True
ecx=0x3614040 2 23,0x36b87e4,0x36b87e4,0x36b87e4,True
ecx=0x3614040 1 26,0x36cdbcc,0x36cdbcc,0x36cdbcc,True
ecx=0x3614040 2 28,0x36dc234,0x36dc234,0x36dc234,True
ecx=0x3614040 3 29,0x36e368c,0x36e368c,0x36e368c,True
ecx=0x3614040 2 30,0x36ea654,0x36ea654,0x36ea654,True
ecx=0x3614040 1 33,0x36ffa3c,0x36ffa3c,0x36ffa3c,True
ecx=0x3614040 2 35,0x370e0a4,0x370e0a4,0x370e0a4,True
ecx=0x3614040 3 36,0x37154fc,0x37154fc,0x37154fc,True
ecx=0x3614040 2 37,0x371c4c4,0x371c4c4,0x371c4c4,True
ecx=0x3614040 1 40,0x37318ac,0x37318ac,0x37318ac,True
ecx=0x3614040 2 42,0x373ff14,0x373ff14,0x373ff14,True
ecx=0x3614040 3 43,0x374736c,0x374736c,0x374736c,True
ecx=0x3614040 2 44,0x374e334,0x374e334,0x374e334,True
ecx=0x3614040 1 47,0x376371c,0x376371c,0x376371c,True
ecx=0x3614040 2 49,0x3771d84,0x3771d84,0x3771d84,True
ecx=0x3614040 4 0,0x3614d04,0x3614d04,0x3614d04,True
ecx=0x3614040 3 1,0x361bccc,0x361bccc,0x361bccc,True
ecx=0x3614040 2 4,0x36310b4,0x36310b4,0x36310b4,True
ecx=0x3614040 3 6,0x363f71c,0x363f71c,0x363f71c,True
ecx=0x3614040 4 7,0x3646b74,0x3646b74,0x3646b74,True
ecx=0x3614040 3 8,0x364db3c,0x364db3c,0x364db3c,True
ecx=0x3614040 2 11,0x3662f24,0x3662f24,0x3662f24,True
ecx=0x3614040 3 13,0x367158c,0x367158c,0x367158c,True
ecx=0x3614040 4 14,0x36789e4,0x36789e4,0x36789e4,True
ecx=0x3614040 3 15,0x367f9ac,0x367f9ac,0x367f9ac,True
ecx=0x3614040 2 18,0x3694d94,0x3694d94,0x3694d94,True
ecx=0x3614040 3 20,0x36a33fc,0x36a33fc,0x36a33fc,True
ecx=0x3614040 4 21,0x36aa854,0x36aa854,0x36aa854,True
ecx=0x3614040 3 22,0x36b181c,0x36b181c,0x36b181c,True
ecx=0x3614040 2 25,0x36c6c04,0x36c6c04,0x36c6c04,True
ecx=0x3614040 3 27,0x36d526c,0x36d526c,0x36d526c,True
ecx=0x3614040 4 28,0x36dc6c4,0x36dc6c4,0x36dc6c4,True
ecx=0x3614040 3 29,0x36e368c,0x36e368c,0x36e368c,True
ecx=0x3614040 2 32,0x36f8a74,0x36f8a74,0x36f8a74,True
ecx=0x3614040 3 34,0x37070dc,0x37070dc,0x37070dc,True
ecx=0x3614040 4 35,0x370e534,0x370e534,0x370e534,True
ecx=0x3614040 3 36,0x37154fc,0x37154fc,0x37154fc,True
ecx=0x3614040 2 39,0x372a8e4,0x372a8e4,0x372a8e4,True
ecx=0x3614040 3 41,0x3738f4c,0x3738f4c,0x3738f4c,True
ecx=0x3614040 4 42,0x37403a4,0x37403a4,0x37403a4,True
ecx=0x3614040 3 43,0x374736c,0x374736c,0x374736c,True
ecx=0x3614040 2 46,0x375c754,0x375c754,0x375c754,True
ecx=0x3614040 3 48,0x376adbc,0x376adbc,0x376adbc,True
ecx=0x3614040 4 49,0x3772214,0x3772214,0x3772214,True
ecx=0x3614040 4 0,0x3614d04,0x3614d04,0x3614d04,True
ecx=0x3614040 3 3,0x362a0ec,0x362a0ec,0x362a0ec,True
ecx=0x3614040 4 5,0x3638754,0x3638754,0x3638754,True
ecx=0x3614040 5 6,0x363fbac,0x363fbac,0x363fbac,True
ecx=0x3614040 4 7,0x3646b74,0x3646b74,0x3646b74,True
ecx=0x3614040 3 10,0x365bf5c,0x365bf5c,0x365bf5c,True
ecx=0x3614040 4 12,0x366a5c4,0x366a5c4,0x366a5c4,True
ecx=0x3614040 5 13,0x3671a1c,0x3671a1c,0x3671a1c,True
ecx=0x3614040 4 14,0x36789e4,0x36789e4,0x36789e4,True
ecx=0x3614040 3 17,0x368ddcc,0x368ddcc,0x368ddcc,True
ecx=0x3614040 4 19,0x369c434,0x369c434,0x369c434,True
ecx=0x3614040 5 20,0x36a388c,0x36a388c,0x36a388c,True
ecx=0x3614040 4 21,0x36aa854,0x36aa854,0x36aa854,True
ecx=0x3614040 3 24,0x36bfc3c,0x36bfc3c,0x36bfc3c,True
ecx=0x3614040 4 26,0x36ce2a4,0x36ce2a4,0x36ce2a4,True
ecx=0x3614040 5 27,0x36d56fc,0x36d56fc,0x36d56fc,True
ecx=0x3614040 4 28,0x36dc6c4,0x36dc6c4,0x36dc6c4,True
ecx=0x3614040 3 31,0x36f1aac,0x36f1aac,0x36f1aac,True
ecx=0x3614040 4 33,0x3700114,0x3700114,0x3700114,True
ecx=0x3614040 5 34,0x370756c,0x370756c,0x370756c,True
ecx=0x3614040 4 35,0x370e534,0x370e534,0x370e534,True
ecx=0x3614040 3 38,0x372391c,0x372391c,0x372391c,True
ecx=0x3614040 4 40,0x3731f84,0x3731f84,0x3731f84,True
ecx=0x3614040 5 41,0x37393dc,0x37393dc,0x37393dc,True
ecx=0x3614040 4 42,0x37403a4,0x37403a4,0x37403a4,True
ecx=0x3614040 3 45,0x375578c,0x375578c,0x375578c,True
ecx=0x3614040 4 47,0x3763df4,0x3763df4,0x3763df4,True
ecx=0x3614040 5 48,0x376b24c,0x376b24c,0x376b24c,True
ecx=0x3614040 5 -1,0x0,0x0,0x0,True
ecx=0x3614040 4 2,0x3623124,0x3623124,0x3623124,True
ecx=0x3614040 5 4,0x363178c,0x363178c,0x363178c,True
ecx=0x3614040 6 5,0x3638be4,0x3638be4,0x3638be4,True
ecx=0x3614040 5 6,0x363fbac,0x363fbac,0x363fbac,True
ecx=0x3614040 4 9,0x3654f94,0x3654f94,0x3654f94,True
ecx=0x3614040 5 11,0x36635fc,0x36635fc,0x36635fc,True
ecx=0x3614040 6 12,0x366aa54,0x366aa54,0x366aa54,True
ecx=0x3614040 5 13,0x3671a1c,0x3671a1c,0x3671a1c,True
ecx=0x3614040 4 16,0x3686e04,0x3686e04,0x3686e04,True
ecx=0x3614040 5 18,0x369546c,0x369546c,0x369546c,True
ecx=0x3614040 6 19,0x369c8c4,0x369c8c4,0x369c8c4,True
ecx=0x3614040 5 20,0x36a388c,0x36a388c,0x36a388c,True
ecx=0x3614040 4 23,0x36b8c74,0x36b8c74,0x36b8c74,True
ecx=0x3614040 5 25,0x36c72dc,0x36c72dc,0x36c72dc,True
ecx=0x3614040 6 26,0x36ce734,0x36ce734,0x36ce734,True
ecx=0x3614040 5 27,0x36d56fc,0x36d56fc,0x36d56fc,True
ecx=0x3614040 4 30,0x36eaae4,0x36eaae4,0x36eaae4,True
ecx=0x3614040 5 32,0x36f914c,0x36f914c,0x36f914c,True
ecx=0x3614040 6 33,0x37005a4,0x37005a4,0x37005a4,True
ecx=0x3614040 5 34,0x370756c,0x370756c,0x370756c,True
ecx=0x3614040 4 37,0x371c954,0x371c954,0x371c954,True
ecx=0x3614040 5 39,0x372afbc,0x372afbc,0x372afbc,True
ecx=0x3614040 6 40,0x3732414,0x3732414,0x3732414,True
ecx=0x3614040 5 41,0x37393dc,0x37393dc,0x37393dc,True
ecx=0x3614040 4 44,0x374e7c4,0x374e7c4,0x374e7c4,True
ecx=0x3614040 5 46,0x375ce2c,0x375ce2c,0x375ce2c,True
ecx=0x3614040 6 47,0x3764284,0x3764284,0x3764284,True
ecx=0x3614040 5 48,0x376b24c,0x376b24c,0x376b24c,True
ecx=0x3614040 5 1,0x361c15c,0x361c15c,0x361c15c,True
ecx=0x3614040 6 3,0x362a7c4,0x362a7c4,0x362a7c4,True
ecx=0x3614040 7 4,0x3631c1c,0x3631c1c,0x3631c1c,True
ecx=0x3614040 6 5,0x3638be4,0x3638be4,0x3638be4,True
ecx=0x3614040 5 8,0x364dfcc,0x364dfcc,0x364dfcc,True
ecx=0x3614040 6 10,0x365c634,0x365c634,0x365c634,True
ecx=0x3614040 7 11,0x3663a8c,0x3663a8c,0x3663a8c,True
ecx=0x3614040 6 12,0x366aa54,0x366aa54,0x366aa54,True
ecx=0x3614040 5 15,0x367fe3c,0x367fe3c,0x367fe3c,True
ecx=0x3614040 6 17,0x368e4a4,0x368e4a4,0x368e4a4,True
ecx=0x3614040 7 18,0x36958fc,0x36958fc,0x36958fc,True
ecx=0x3614040 6 19,0x369c8c4,0x369c8c4,0x369c8c4,True
ecx=0x3614040 5 22,0x36b1cac,0x36b1cac,0x36b1cac,True
ecx=0x3614040 6 24,0x36c0314,0x36c0314,0x36c0314,True
ecx=0x3614040 7 25,0x36c776c,0x36c776c,0x36c776c,True
ecx=0x3614040 6 26,0x36ce734,0x36ce734,0x36ce734,True
ecx=0x3614040 5 29,0x36e3b1c,0x36e3b1c,0x36e3b1c,True
ecx=0x3614040 6 31,0x36f2184,0x36f2184,0x36f2184,True
ecx=0x3614040 7 32,0x36f95dc,0x36f95dc,0x36f95dc,True
ecx=0x3614040 6 33,0x37005a4,0x37005a4,0x37005a4,True
ecx=0x3614040 5 36,0x371598c,0x371598c,0x371598c,True
ecx=0x3614040 6 38,0x3723ff4,0x3723ff4,0x3723ff4,True
ecx=0x3614040 7 39,0x372b44c,0x372b44c,0x372b44c,True
ecx=0x3614040 6 40,0x3732414,0x3732414,0x3732414,True
ecx=0x3614040 5 43,0x37477fc,0x37477fc,0x37477fc,True
ecx=0x3614040 6 45,0x3755e64,0x3755e64,0x3755e64,True
ecx=0x3614040 7 46,0x375d2bc,0x375d2bc,0x375d2bc,True
ecx=0x3614040 6 47,0x3764284,0x3764284,0x3764284,True
ecx=0x3614040 6 0,0x3615194,0x3615194,0x3615194,True
ecx=0x3614040 7 2,0x36237fc,0x36237fc,0x36237fc,True
ecx=0x3614040 8 3,0x362ac54,0x362ac54,0x362ac54,True
ecx=0x3614040 7 4,0x3631c1c,0x3631c1c,0x3631c1c,True
ecx=0x3614040 6 7,0x3647004,0x3647004,0x3647004,True
ecx=0x3614040 7 9,0x365566c,0x365566c,0x365566c,True
ecx=0x3614040 8 10,0x365cac4,0x365cac4,0x365cac4,True
ecx=0x3614040 7 11,0x3663a8c,0x3663a8c,0x3663a8c,True
ecx=0x3614040 6 14,0x3678e74,0x3678e74,0x3678e74,True
ecx=0x3614040 7 16,0x36874dc,0x36874dc,0x36874dc,True
ecx=0x3614040 8 17,0x368e934,0x368e934,0x368e934,True
ecx=0x3614040 7 18,0x36958fc,0x36958fc,0x36958fc,True
ecx=0x3614040 6 21,0x36aace4,0x36aace4,0x36aace4,True
ecx=0x3614040 7 23,0x36b934c,0x36b934c,0x36b934c,True
ecx=0x3614040 8 24,0x36c07a4,0x36c07a4,0x36c07a4,True
ecx=0x3614040 7 25,0x36c776c,0x36c776c,0x36c776c,True
ecx=0x3614040 6 28,0x36dcb54,0x36dcb54,0x36dcb54,True
ecx=0x3614040 7 30,0x36eb1bc,0x36eb1bc,0x36eb1bc,True
ecx=0x3614040 8 31,0x36f2614,0x36f2614,0x36f2614,True
ecx=0x3614040 7 32,0x36f95dc,0x36f95dc,0x36f95dc,True
ecx=0x3614040 6 35,0x370e9c4,0x370e9c4,0x370e9c4,True
ecx=0x3614040 7 37,0x371d02c,0x371d02c,0x371d02c,True
ecx=0x3614040 8 38,0x3724484,0x3724484,0x3724484,True
ecx=0x3614040 7 39,0x372b44c,0x372b44c,0x372b44c,True
ecx=0x3614040 6 42,0x3740834,0x3740834,0x3740834,True
ecx=0x3614040 7 44,0x374ee9c,0x374ee9c,0x374ee9c,True
ecx=0x3614040 8 45,0x37562f4,0x37562f4,0x37562f4,True
ecx=0x3614040 7 46,0x375d2bc,0x375d2bc,0x375d2bc,True
ecx=0x3614040 6 49,0x37726a4,0x37726a4,0x37726a4,True
ecx=0x3614040 8 1,0x361c834,0x361c834,0x361c834,True
ecx=0x3614040 9 2,0x3623c8c,0x3623c8c,0x3623c8c,True
ecx=0x3614040 8 3,0x362ac54,0x362ac54,0x362ac54,True
ecx=0x3614040 7 6,0x364003c,0x364003c,0x364003c,True
ecx=0x3614040 8 8,0x364e6a4,0x364e6a4,0x364e6a4,True
ecx=0x3614040 9 9,0x3655afc,0x3655afc,0x3655afc,True
ecx=0x3614040 8 10,0x365cac4,0x365cac4,0x365cac4,True
ecx=0x3614040 7 13,0x3671eac,0x3671eac,0x3671eac,True
ecx=0x3614040 8 15,0x3680514,0x3680514,0x3680514,True
ecx=0x3614040 9 16,0x368796c,0x368796c,0x368796c,True
ecx=0x3614040 8 17,0x368e934,0x368e934,0x368e934,True
ecx=0x3614040 7 20,0x36a3d1c,0x36a3d1c,0x36a3d1c,True
ecx=0x3614040 8 22,0x36b2384,0x36b2384,0x36b2384,True
ecx=0x3614040 9 23,0x36b97dc,0x36b97dc,0x36b97dc,True
ecx=0x3614040 8 24,0x36c07a4,0x36c07a4,0x36c07a4,True
ecx=0x3614040 7 27,0x36d5b8c,0x36d5b8c,0x36d5b8c,True
ecx=0x3614040 8 29,0x36e41f4,0x36e41f4,0x36e41f4,True
ecx=0x3614040 9 30,0x36eb64c,0x36eb64c,0x36eb64c,True
ecx=0x3614040 8 31,0x36f2614,0x36f2614,0x36f2614,True
ecx=0x3614040 7 34,0x37079fc,0x37079fc,0x37079fc,True
ecx=0x3614040 8 36,0x3716064,0x3716064,0x3716064,True
ecx=0x3614040 9 37,0x371d4bc,0x371d4bc,0x371d4bc,True
ecx=0x3614040 8 38,0x3724484,0x3724484,0x3724484,True
ecx=0x3614040 7 41,0x373986c,0x373986c,0x373986c,True
ecx=0x3614040 8 43,0x3747ed4,0x3747ed4,0x3747ed4,True
ecx=0x3614040 9 44,0x374f32c,0x374f32c,0x374f32c,True
ecx=0x3614040 8 45,0x37562f4,0x37562f4,0x37562f4,True
ecx=0x3614040 7 48,0x376b6dc,0x376b6dc,0x376b6dc,True
ecx=0x3614040 8 50,0x0,0x0,0x0,True
ecx=0x3614040 10 1,0x361ccc4,0x361ccc4,0x361ccc4,True
ecx=0x3614040 9 2,0x3623c8c,0x3623c8c,0x3623c8c,True
ecx=0x3614040 8 5,0x3639074,0x3639074,0x3639074,True
ecx=0x3614040 9 7,0x36476dc,0x36476dc,0x36476dc,True
ecx=0x3614040 10 8,0x364eb34,0x364eb34,0x364eb34,True
ecx=0x3614040 9 9,0x3655afc,0x3655afc,0x3655afc,True
ecx=0x3614040 8 12,0x366aee4,0x366aee4,0x366aee4,True
ecx=0x3614040 9 14,0x367954c,0x367954c,0x367954c,True
ecx=0x3614040 10 15,0x36809a4,0x36809a4,0x36809a4,True
ecx=0x3614040 9 16,0x368796c,0x368796c,0x368796c,True
ecx=0x3614040 8 19,0x369cd54,0x369cd54,0x369cd54,True
ecx=0x3614040 9 21,0x36ab3bc,0x36ab3bc,0x36ab3bc,True
ecx=0x3614040 10 22,0x36b2814,0x36b2814,0x36b2814,True
ecx=0x3614040 9 23,0x36b97dc,0x36b97dc,0x36b97dc,True
ecx=0x3614040 8 26,0x36cebc4,0x36cebc4,0x36cebc4,True
ecx=0x3614040 9 28,0x36dd22c,0x36dd22c,0x36dd22c,True
ecx=0x3614040 10 29,0x36e4684,0x36e4684,0x36e4684,True
ecx=0x3614040 9 30,0x36eb64c,0x36eb64c,0x36eb64c,True
ecx=0x3614040 8 33,0x3700a34,0x3700a34,0x3700a34,True
ecx=0x3614040 9 35,0x370f09c,0x370f09c,0x370f09c,True
ecx=0x3614040 10 36,0x37164f4,0x37164f4,0x37164f4,True
ecx=0x3614040 9 37,0x371d4bc,0x371d4bc,0x371d4bc,True
ecx=0x3614040 8 40,0x37328a4,0x37328a4,0x37328a4,True
ecx=0x3614040 9 42,0x3740f0c,0x3740f0c,0x3740f0c,True
ecx=0x3614040 10 43,0x3748364,0x3748364,0x3748364,True
ecx=0x3614040 9 44,0x374f32c,0x374f32c,0x374f32c,True
ecx=0x3614040 8 47,0x3764714,0x3764714,0x3764714,True
ecx=0x3614040 9 49,0x3772d7c,0x3772d7c,0x3772d7c,True
ecx=0x3614040 11 0,0x3615cfc,0x3615cfc,0x3615cfc,True
ecx=0x3614040 10 1,0x361ccc4,0x361ccc4,0x361ccc4,True
ecx=0x3614040 9 4,0x36320ac,0x36320ac,0x36320ac,True
ecx=0x3614040 10 6,0x3640714,0x3640714,0x3640714,True
ecx=0x3614040 11 7,0x3647b6c,0x3647b6c,0x3647b6c,True
ecx=0x3614040 10 8,0x364eb34,0x364eb34,0x364eb34,True
ecx=0x3614040 9 11,0x3663f1c,0x3663f1c,0x3663f1c,True
ecx=0x3614040 10 13,0x3672584,0x3672584,0x3672584,True
ecx=0x3614040 11 14,0x36799dc,0x36799dc,0x36799dc,True
ecx=0x3614040 10 15,0x36809a4,0x36809a4,0x36809a4,True
ecx=0x3614040 9 18,0x3695d8c,0x3695d8c,0x3695d8c,True
ecx=0x3614040 10 20,0x36a43f4,0x36a43f4,0x36a43f4,True
ecx=0x3614040 11 21,0x36ab84c,0x36ab84c,0x36ab84c,True
ecx=0x3614040 10 22,0x36b2814,0x36b2814,0x36b2814,True
ecx=0x3614040 9 25,0x36c7bfc,0x36c7bfc,0x36c7bfc,True
ecx=0x3614040 10 27,0x36d6264,0x36d6264,0x36d6264,True
ecx=0x3614040 11 28,0x36dd6bc,0x36dd6bc,0x36dd6bc,True
ecx=0x3614040 10 29,0x36e4684,0x36e4684,0x36e4684,True
ecx=0x3614040 9 32,0x36f9a6c,0x36f9a6c,0x36f9a6c,True
ecx=0x3614040 10 34,0x37080d4,0x37080d4,0x37080d4,True
ecx=0x3614040 11 35,0x370f52c,0x370f52c,0x370f52c,True
ecx=0x3614040 10 36,0x37164f4,0x37164f4,0x37164f4,True
ecx=0x3614040 9 39,0x372b8dc,0x372b8dc,0x372b8dc,True
ecx=0x3614040 10 41,0x3739f44,0x3739f44,0x3739f44,True
ecx=0x3614040 11 42,0x374139c,0x374139c,0x374139c,True
ecx=0x3614040 10 43,0x3748364,0x3748364,0x3748364,True
ecx=0x3614040 9 46,0x375d74c,0x375d74c,0x375d74c,True
ecx=0x3614040 10 48,0x376bdb4,0x376bdb4,0x376bdb4,True
ecx=0x3614040 11 49,0x377320c,0x377320c,0x377320c,True
ecx=0x3614040 11 0,0x3615cfc,0x3615cfc,0x3615cfc,True
ecx=0x3614040 10 3,0x362b0e4,0x362b0e4,0x362b0e4,True
ecx=0x3614040 11 5,0x363974c,0x363974c,0x363974c,True
ecx=0x3614040 12 6,0x3640ba4,0x3640ba4,0x3640ba4,True
ecx=0x3614040 11 7,0x3647b6c,0x3647b6c,0x3647b6c,True
ecx=0x3614040 10 10,0x365cf54,0x365cf54,0x365cf54,True
ecx=0x3614040 11 12,0x366b5bc,0x366b5bc,0x366b5bc,True
ecx=0x3614040 12 13,0x3672a14,0x3672a14,0x3672a14,True
ecx=0x3614040 11 14,0x36799dc,0x36799dc,0x36799dc,True
ecx=0x3614040 10 17,0x368edc4,0x368edc4,0x368edc4,True
ecx=0x3614040 11 19,0x369d42c,0x369d42c,0x369d42c,True
ecx=0x3614040 12 20,0x36a4884,0x36a4884,0x36a4884,True
ecx=0x3614040 11 21,0x36ab84c,0x36ab84c,0x36ab84c,True
ecx=0x3614040 10 24,0x36c0c34,0x36c0c34,0x36c0c34,True
ecx=0x3614040 11 26,0x36cf29c,0x36cf29c,0x36cf29c,True
ecx=0x3614040 12 27,0x36d66f4,0x36d66f4,0x36d66f4,True
ecx=0x3614040 11 28,0x36dd6bc,0x36dd6bc,0x36dd6bc,True
ecx=0x3614040 10 31,0x36f2aa4,0x36f2aa4,0x36f2aa4,True
ecx=0x3614040 11 33,0x370110c,0x370110c,0x370110c,True
ecx=0x3614040 12 34,0x3708564,0x3708564,0x3708564,True
ecx=0x3614040 11 35,0x370f52c,0x370f52c,0x370f52c,True
ecx=0x3614040 10 38,0x3724914,0x3724914,0x3724914,True
ecx=0x3614040 11 40,0x3732f7c,0x3732f7c,0x3732f7c,True
ecx=0x3614040 12 41,0x373a3d4,0x373a3d4,0x373a3d4,True
ecx=0x3614040 11 42,0x374139c,0x374139c,0x374139c,True
ecx=0x3614040 10 45,0x3756784,0x3756784,0x3756784,True
ecx=0x3614040 11 47,0x3764dec,0x3764dec,0x3764dec,True
ecx=0x3614040 12 48,0x376c244,0x376c244,0x376c244,True
ecx=0x3614040 12 -1,0x0,0x0,0x0,True
ecx=0x3614040 11 2,0x362411c,0x362411c,0x362411c,True
ecx=0x3614040 12 4,0x3632784,0x3632784,0x3632784,True
ecx=0x3614040 13 5,0x3639bdc,0x3639bdc,0x3639bdc,True
ecx=0x3614040 12 6,0x3640ba4,0x3640ba4,0x3640ba4,True
ecx=0x3614040 11 9,0x3655f8c,0x3655f8c,0x3655f8c,True
ecx=0x3614040 12 11,0x36645f4,0x36645f4,0x36645f4,True
ecx=0x3614040 13 12,0x366ba4c,0x366ba4c,0x366ba4c,True
ecx=0x3614040 12 13,0x3672a14,0x3672a14,0x3672a14,True
ecx=0x3614040 11 16,0x3687dfc,0x3687dfc,0x3687dfc,True
ecx=0x3614040 12 18,0x3696464,0x3696464,0x3696464,True
ecx=0x3614040 13 19,0x369d8bc,0x369d8bc,0x369d8bc,True
ecx=0x3614040 12 20,0x36a4884,0x36a4884,0x36a4884,True
ecx=0x3614040 11 23,0x36b9c6c,0x36b9c6c,0x36b9c6c,True
ecx=0x3614040 12 25,0x36c82d4,0x36c82d4,0x36c82d4,True
ecx=0x3614040 13 26,0x36cf72c,0x36cf72c,0x36cf72c,True
ecx=0x3614040 12 27,0x36d66f4,0x36d66f4,0x36d66f4,True
ecx=0x3614040 11 30,0x36ebadc,0x36ebadc,0x36ebadc,True
ecx=0x3614040 12 32,0x36fa144,0x36fa144,0x36fa144,True
ecx=0x3614040 13 33,0x370159c,0x370159c,0x370159c,True
ecx=0x3614040 12 34,0x3708564,0x3708564,0x3708564,True
ecx=0x3614040 11 37,0x371d94c,0x371d94c,0x371d94c,True
ecx=0x3614040 12 39,0x372bfb4,0x372bfb4,0x372bfb4,True
ecx=0x3614040 13 40,0x373340c,0x373340c,0x373340c,True
ecx=0x3614040 12 41,0x373a3d4,0x373a3d4,0x373a3d4,True
ecx=0x3614040 11 44,0x374f7bc,0x374f7bc,0x374f7bc,True
ecx=0x3614040 12 46,0x375de24,0x375de24,0x375de24,True
ecx=0x3614040 13 47,0x376527c,0x376527c,0x376527c,True
ecx=0x3614040 12 48,0x376c244,0x376c244,0x376c244,True
ecx=0x3614040 12 1,0x361d154,0x361d154,0x361d154,True
ecx=0x3614040 13 3,0x362b7bc,0x362b7bc,0x362b7bc,True
ecx=0x3614040 14 4,0x3632c14,0x3632c14,0x3632c14,True
ecx=0x3614040 13 5,0x3639bdc,0x3639bdc,0x3639bdc,True
ecx=0x3614040 12 8,0x364efc4,0x364efc4,0x364efc4,True
ecx=0x3614040 13 10,0x365d62c,0x365d62c,0x365d62c,True
ecx=0x3614040 14 11,0x3664a84,0x3664a84,0x3664a84,True
ecx=0x3614040 13 12,0x366ba4c,0x366ba4c,0x366ba4c,True
ecx=0x3614040 12 15,0x3680e34,0x3680e34,0x3680e34,True
ecx=0x3614040 13 17,0x368f49c,0x368f49c,0x368f49c,True
ecx=0x3614040 14 18,0x36968f4,0x36968f4,0x36968f4,True
ecx=0x3614040 13 19,0x369d8bc,0x369d8bc,0x369d8bc,True
ecx=0x3614040 12 22,0x36b2ca4,0x36b2ca4,0x36b2ca4,True
ecx=0x3614040 13 24,0x36c130c,0x36c130c,0x36c130c,True
ecx=0x3614040 14 25,0x36c8764,0x36c8764,0x36c8764,True
ecx=0x3614040 13 26,0x36cf72c,0x36cf72c,0x36cf72c,True
ecx=0x3614040 12 29,0x36e4b14,0x36e4b14,0x36e4b14,True
ecx=0x3614040 13 31,0x36f317c,0x36f317c,0x36f317c,True
ecx=0x3614040 14 32,0x36fa5d4,0x36fa5d4,0x36fa5d4,True
ecx=0x3614040 13 33,0x370159c,0x370159c,0x370159c,True
ecx=0x3614040 12 36,0x3716984,0x3716984,0x3716984,True
ecx=0x3614040 13 38,0x3724fec,0x3724fec,0x3724fec,True
ecx=0x3614040 14 39,0x372c444,0x372c444,0x372c444,True
ecx=0x3614040 13 40,0x373340c,0x373340c,0x373340c,True
ecx=0x3614040 12 43,0x37487f4,0x37487f4,0x37487f4,True
ecx=0x3614040 13 45,0x3756e5c,0x3756e5c,0x3756e5c,True
ecx=0x3614040 14 46,0x375e2b4,0x375e2b4,0x375e2b4,True
ecx=0x3614040 13 47,0x376527c,0x376527c,0x376527c,True
ecx=0x3614040 13 0,0x361618c,0x361618c,0x361618c,True
ecx=0x3614040 14 2,0x36247f4,0x36247f4,0x36247f4,True
ecx=0x3614040 15 3,0x362bc4c,0x362bc4c,0x362bc4c,True
ecx=0x3614040 14 4,0x3632c14,0x3632c14,0x3632c14,True
ecx=0x3614040 13 7,0x3647ffc,0x3647ffc,0x3647ffc,True
ecx=0x3614040 14 9,0x3656664,0x3656664,0x3656664,True
ecx=0x3614040 15 10,0x365dabc,0x365dabc,0x365dabc,True
ecx=0x3614040 14 11,0x3664a84,0x3664a84,0x3664a84,True
ecx=0x3614040 13 14,0x3679e6c,0x3679e6c,0x3679e6c,True
ecx=0x3614040 14 16,0x36884d4,0x36884d4,0x36884d4,True
ecx=0x3614040 15 17,0x368f92c,0x368f92c,0x368f92c,True
ecx=0x3614040 14 18,0x36968f4,0x36968f4,0x36968f4,True
ecx=0x3614040 13 21,0x36abcdc,0x36abcdc,0x36abcdc,True
ecx=0x3614040 14 23,0x36ba344,0x36ba344,0x36ba344,True
ecx=0x3614040 15 24,0x36c179c,0x36c179c,0x36c179c,True
ecx=0x3614040 14 25,0x36c8764,0x36c8764,0x36c8764,True
ecx=0x3614040 13 28,0x36ddb4c,0x36ddb4c,0x36ddb4c,True
ecx=0x3614040 14 30,0x36ec1b4,0x36ec1b4,0x36ec1b4,True
ecx=0x3614040 15 31,0x36f360c,0x36f360c,0x36f360c,True
ecx=0x3614040 14 32,0x36fa5d4,0x36fa5d4,0x36fa5d4,True
ecx=0x3614040 13 35,0x370f9bc,0x370f9bc,0x370f9bc,True
ecx=0x3614040 14 37,0x371e024,0x371e024,0x371e024,True
ecx=0x3614040 15 38,0x372547c,0x372547c,0x372547c,True
ecx=0x3614040 14 39,0x372c444,0x372c444,0x372c444,True
ecx=0x3614040 13 42,0x374182c,0x374182c,0x374182c,True
ecx=0x3614040 14 44,0x374fe94,0x374fe94,0x374fe94,True
ecx=0x3614040 15 45,0x37572ec,0x37572ec,0x37572ec,True
ecx=0x3614040 14 46,0x375e2b4,0x375e2b4,0x375e2b4,True
ecx=0x3614040 13 49,0x377369c,0x377369c,0x377369c,True
ecx=0x3614040 15 1,0x361d82c,0x361d82c,0x361d82c,True
ecx=0x3614040 16 2,0x3624c84,0x3624c84,0x3624c84,True
ecx=0x3614040 15 3,0x362bc4c,0x362bc4c,0x362bc4c,True
ecx=0x3614040 14 6,0x3641034,0x3641034,0x3641034,True
ecx=0x3614040 15 8,0x364f69c,0x364f69c,0x364f69c,True
ecx=0x3614040 16 9,0x3656af4,0x3656af4,0x3656af4,True
ecx=0x3614040 15 10,0x365dabc,0x365dabc,0x365dabc,True
ecx=0x3614040 14 13,0x3672ea4,0x3672ea4,0x3672ea4,True
ecx=0x3614040 15 15,0x368150c,0x368150c,0x368150c,True
ecx=0x3614040 16 16,0x3688964,0x3688964,0x3688964,True
ecx=0x3614040 15 17,0x368f92c,0x368f92c,0x368f92c,True
ecx=0x3614040 14 20,0x36a4d14,0x36a4d14,0x36a4d14,True
ecx=0x3614040 15 22,0x36b337c,0x36b337c,0x36b337c,True
ecx=0x3614040 16 23,0x36ba7d4,0x36ba7d4,0x36ba7d4,True
ecx=0x3614040 15 24,0x36c179c,0x36c179c,0x36c179c,True
ecx=0x3614040 14 27,0x36d6b84,0x36d6b84,0x36d6b84,True
ecx=0x3614040 15 29,0x36e51ec,0x36e51ec,0x36e51ec,True
ecx=0x3614040 16 30,0x36ec644,0x36ec644,0x36ec644,True
ecx=0x3614040 15 31,0x36f360c,0x36f360c,0x36f360c,True
ecx=0x3614040 14 34,0x37089f4,0x37089f4,0x37089f4,True
ecx=0x3614040 15 36,0x371705c,0x371705c,0x371705c,True
ecx=0x3614040 16 37,0x371e4b4,0x371e4b4,0x371e4b4,True
ecx=0x3614040 15 38,0x372547c,0x372547c,0x372547c,True
ecx=0x3614040 14 41,0x373a864,0x373a864,0x373a864,True
ecx=0x3614040 15 43,0x3748ecc,0x3748ecc,0x3748ecc,True
ecx=0x3614040 16 44,0x3750324,0x3750324,0x3750324,True
ecx=0x3614040 15 45,0x37572ec,0x37572ec,0x37572ec,True
ecx=0x3614040 14 48,0x376c6d4,0x376c6d4,0x376c6d4,True
ecx=0x3614040 15 50,0x0,0x0,0x0,True
ecx=0x3614040 17 1,0x361dcbc,0x361dcbc,0x361dcbc,True
ecx=0x3614040 16 2,0x3624c84,0x3624c84,0x3624c84,True
ecx=0x3614040 15 5,0x363a06c,0x363a06c,0x363a06c,True
ecx=0x3614040 16 7,0x36486d4,0x36486d4,0x36486d4,True
ecx=0x3614040 17 8,0x364fb2c,0x364fb2c,0x364fb2c,True
ecx=0x3614040 16 9,0x3656af4,0x3656af4,0x3656af4,True
ecx=0x3614040 15 12,0x366bedc,0x366bedc,0x366bedc,True
ecx=0x3614040 16 14,0x367a544,0x367a544,0x367a544,True
ecx=0x3614040 17 15,0x368199c,0x368199c,0x368199c,True
ecx=0x3614040 16 16,0x3688964,0x3688964,0x3688964,True
ecx=0x3614040 15 19,0x369dd4c,0x369dd4c,0x369dd4c,True
ecx=0x3614040 16 21,0x36ac3b4,0x36ac3b4,0x36ac3b4,True
ecx=0x3614040 17 22,0x36b380c,0x36b380c,0x36b380c,True
ecx=0x3614040 16 23,0x36ba7d4,0x36ba7d4,0x36ba7d4,True
ecx=0x3614040 15 26,0x36cfbbc,0x36cfbbc,0x36cfbbc,True
ecx=0x3614040 16 28,0x36de224,0x36de224,0x36de224,True
ecx=0x3614040 17 29,0x36e567c,0x36e567c,0x36e567c,True
ecx=0x3614040 16 30,0x36ec644,0x36ec644,0x36ec644,True
ecx=0x3614040 15 33,0x3701a2c,0x3701a2c,0x3701a2c,True
ecx=0x3614040 16 35,0x3710094,0x3710094,0x3710094,True
ecx=0x3614040 17 36,0x37174ec,0x37174ec,0x37174ec,True
ecx=0x3614040 16 37,0x371e4b4,0x371e4b4,0x371e4b4,True
ecx=0x3614040 15 40,0x373389c,0x373389c,0x373389c,True
ecx=0x3614040 16 42,0x3741f04,0x3741f04,0x3741f04,True
ecx=0x3614040 17 43,0x374935c,0x374935c,0x374935c,True
ecx=0x3614040 16 44,0x3750324,0x3750324,0x3750324,True
ecx=0x3614040 15 47,0x376570c,0x376570c,0x376570c,True
ecx=0x3614040 16 49,0x3773d74,0x3773d74,0x3773d74,True
ecx=0x3614040 18 0,0x3616cf4,0x3616cf4,0x3616cf4,True
ecx=0x3614040 17 1,0x361dcbc,0x361dcbc,0x361dcbc,True
ecx=0x3614040 16 4,0x36330a4,0x36330a4,0x36330a4,True
ecx=0x3614040 17 6,0x364170c,0x364170c,0x364170c,True
ecx=0x3614040 18 7,0x3648b64,0x3648b64,0x3648b64,True
ecx=0x3614040 17 8,0x364fb2c,0x364fb2c,0x364fb2c,True
ecx=0x3614040 16 11,0x3664f14,0x3664f14,0x3664f14,True
ecx=0x3614040 17 13,0x367357c,0x367357c,0x367357c,True
ecx=0x3614040 18 14,0x367a9d4,0x367a9d4,0x367a9d4,True
ecx=0x3614040 17 15,0x368199c,0x368199c,0x368199c,True
ecx=0x3614040 16 18,0x3696d84,0x3696d84,0x3696d84,True
ecx=0x3614040 17 20,0x36a53ec,0x36a53ec,0x36a53ec,True
ecx=0x3614040 18 21,0x36ac844,0x36ac844,0x36ac844,True
ecx=0x3614040 17 22,0x36b380c,0x36b380c,0x36b380c,True
ecx=0x3614040 16 25,0x36c8bf4,0x36c8bf4,0x36c8bf4,True
ecx=0x3614040 17 27,0x36d725c,0x36d725c,0x36d725c,True
ecx=0x3614040 18 28,0x36de6b4,0x36de6b4,0x36de6b4,True
ecx=0x3614040 17 29,0x36e567c,0x36e567c,0x36e567c,True
ecx=0x3614040 16 32,0x36faa64,0x36faa64,0x36faa64,True
ecx=0x3614040 17 34,0x37090cc,0x37090cc,0x37090cc,True
ecx=0x3614040 18 35,0x3710524,0x3710524,0x3710524,True
ecx=0x3614040 17 36,0x37174ec,0x37174ec,0x37174ec,True
ecx=0x3614040 16 39,0x372c8d4,0x372c8d4,0x372c8d4,True
ecx=0x3614040 17 41,0x373af3c,0x373af3c,0x373af3c,True
ecx=0x3614040 18 42,0x3742394,0x3742394,0x3742394,True
ecx=0x3614040 17 43,0x374935c,0x374935c,0x374935c,True
ecx=0x3614040 16 46,0x375e744,0x375e744,0x375e744,True
ecx=0x3614040 17 48,0x376cdac,0x376cdac,0x376cdac,True
ecx=0x3614040 18 49,0x3774204,0x3774204,0x3774204,True
ecx=0x3614040 18 0,0x3616cf4,0x3616cf4,0x3616cf4,True
ecx=0x3614040 17 3,0x362c0dc,0x362c0dc,0x362c0dc,True
ecx=0x3614040 18 5,0x363a744,0x363a744,0x363a744,True
ecx=0x3614040 19 6,0x3641b9c,0x3641b9c,0x3641b9c,True
ecx=0x3614040 18 7,0x3648b64,0x3648b64,0x3648b64,True
ecx=0x3614040 17 10,0x365df4c,0x365df4c,0x365df4c,True
ecx=0x3614040 18 12,0x366c5b4,0x366c5b4,0x366c5b4,True
ecx=0x3614040 19 13,0x3673a0c,0x3673a0c,0x3673a0c,True
ecx=0x3614040 18 14,0x367a9d4,0x367a9d4,0x367a9d4,True
ecx=0x3614040 17 17,0x368fdbc,0x368fdbc,0x368fdbc,True
ecx=0x3614040 18 19,0x369e424,0x369e424,0x369e424,True
ecx=0x3614040 19 20,0x36a587c,0x36a587c,0x36a587c,True
ecx=0x3614040 18 21,0x36ac844,0x36ac844,0x36ac844,True
ecx=0x3614040 17 24,0x36c1c2c,0x36c1c2c,0x36c1c2c,True
ecx=0x3614040 18 26,0x36d0294,0x36d0294,0x36d0294,True
ecx=0x3614040 19 27,0x36d76ec,0x36d76ec,0x36d76ec,True
ecx=0x3614040 18 28,0x36de6b4,0x36de6b4,0x36de6b4,True
ecx=0x3614040 17 31,0x36f3a9c,0x36f3a9c,0x36f3a9c,True
ecx=0x3614040 18 33,0x3702104,0x3702104,0x3702104,True
ecx=0x3614040 19 34,0x370955c,0x370955c,0x370955c,True
ecx=0x3614040 18 35,0x3710524,0x3710524,0x3710524,True
ecx=0x3614040 17 38,0x372590c,0x372590c,0x372590c,True
ecx=0x3614040 18 40,0x3733f74,0x3733f74,0x3733f74,True
ecx=0x3614040 19 41,0x373b3cc,0x373b3cc,0x373b3cc,True
ecx=0x3614040 18 42,0x3742394,0x3742394,0x3742394,True
ecx=0x3614040 17 45,0x375777c,0x375777c,0x375777c,True
ecx=0x3614040 18 47,0x3765de4,0x3765de4,0x3765de4,True
ecx=0x3614040 19 48,0x376d23c,0x376d23c,0x376d23c,True
ecx=0x3614040 19 -1,0x0,0x0,0x0,True
ecx=0x3614040 18 2,0x3625114,0x3625114,0x3625114,True
ecx=0x3614040 19 4,0x363377c,0x363377c,0x363377c,True
ecx=0x3614040 20 5,0x363abd4,0x363abd4,0x363abd4,True
ecx=0x3614040 19 6,0x3641b9c,0x3641b9c,0x3641b9c,True
ecx=0x3614040 18 9,0x3656f84,0x3656f84,0x3656f84,True
ecx=0x3614040 19 11,0x36655ec,0x36655ec,0x36655ec,True
ecx=0x3614040 20 12,0x366ca44,0x366ca44,0x366ca44,True
ecx=0x3614040 19 13,0x3673a0c,0x3673a0c,0x3673a0c,True
ecx=0x3614040 18 16,0x3688df4,0x3688df4,0x3688df4,True
ecx=0x3614040 19 18,0x369745c,0x369745c,0x369745c,True
ecx=0x3614040 20 19,0x369e8b4,0x369e8b4,0x369e8b4,True
ecx=0x3614040 19 20,0x36a587c,0x36a587c,0x36a587c,True
ecx=0x3614040 18 23,0x36bac64,0x36bac64,0x36bac64,True
ecx=0x3614040 19 25,0x36c92cc,0x36c92cc,0x36c92cc,True
ecx=0x3614040 20 26,0x36d0724,0x36d0724,0x36d0724,True
ecx=0x3614040 19 27,0x36d76ec,0x36d76ec,0x36d76ec,True
ecx=0x3614040 18 30,0x36ecad4,0x36ecad4,0x36ecad4,True
ecx=0x3614040 19 32,0x36fb13c,0x36fb13c,0x36fb13c,True
ecx=0x3614040 20 33,0x3702594,0x3702594,0x3702594,True
ecx=0x3614040 19 34,0x370955c,0x370955c,0x370955c,True
ecx=0x3614040 18 37,0x371e944,0x371e944,0x371e944,True
ecx=0x3614040 19 39,0x372cfac,0x372cfac,0x372cfac,True
ecx=0x3614040 20 40,0x3734404,0x3734404,0x3734404,True
ecx=0x3614040 19 41,0x373b3cc,0x373b3cc,0x373b3cc,True
ecx=0x3614040 18 44,0x37507b4,0x37507b4,0x37507b4,True
ecx=0x3614040 19 46,0x375ee1c,0x375ee1c,0x375ee1c,True
ecx=0x3614040 20 47,0x3766274,0x3766274,0x3766274,True
ecx=0x3614040 19 48,0x376d23c,0x376d23c,0x376d23c,True
ecx=0x3614040 19 1,0x361e14c,0x361e14c,0x361e14c,True
ecx=0x3614040 20 3,0x362c7b4,0x362c7b4,0x362c7b4,True
ecx=0x3614040 21 4,0x3633c0c,0x3633c0c,0x3633c0c,True
ecx=0x3614040 20 5,0x363abd4,0x363abd4,0x363abd4,True
ecx=0x3614040 19 8,0x364ffbc,0x364ffbc,0x364ffbc,True
ecx=0x3614040 20 10,0x365e624,0x365e624,0x365e624,True
ecx=0x3614040 21 11,0x3665a7c,0x3665a7c,0x3665a7c,True
ecx=0x3614040 20 12,0x366ca44,0x366ca44,0x366ca44,True
ecx=0x3614040 19 15,0x3681e2c,0x3681e2c,0x3681e2c,True
ecx=0x3614040 20 17,0x3690494,0x3690494,0x3690494,True
ecx=0x3614040 21 18,0x36978ec,0x36978ec,0x36978ec,True
ecx=0x3614040 20 19,0x369e8b4,0x369e8b4,0x369e8b4,True
ecx=0x3614040 19 22,0x36b3c9c,0x36b3c9c,0x36b3c9c,True
ecx=0x3614040 20 24,0x36c2304,0x36c2304,0x36c2304,True
ecx=0x3614040 21 25,0x36c975c,0x36c975c,0x36c975c,True
ecx=0x3614040 20 26,0x36d0724,0x36d0724,0x36d0724,True
ecx=0x3614040 19 29,0x36e5b0c,0x36e5b0c,0x36e5b0c,True
ecx=0x3614040 20 31,0x36f4174,0x36f4174,0x36f4174,True
ecx=0x3614040 21 32,0x36fb5cc,0x36fb5cc,0x36fb5cc,True
ecx=0x3614040 20 33,0x3702594,0x3702594,0x3702594,True
ecx=0x3614040 19 36,0x371797c,0x371797c,0x371797c,True
ecx=0x3614040 20 38,0x3725fe4,0x3725fe4,0x3725fe4,True
ecx=0x3614040 21 39,0x372d43c,0x372d43c,0x372d43c,True
ecx=0x3614040 20 40,0x3734404,0x3734404,0x3734404,True
ecx=0x3614040 19 43,0x37497ec,0x37497ec,0x37497ec,True
ecx=0x3614040 20 45,0x3757e54,0x3757e54,0x3757e54,True
ecx=0x3614040 21 46,0x375f2ac,0x375f2ac,0x375f2ac,True
ecx=0x3614040 20 47,0x3766274,0x3766274,0x3766274,True
ecx=0x3614040 20 0,0x3617184,0x3617184,0x3617184,True
ecx=0x3614040 21 2,0x36257ec,0x36257ec,0x36257ec,True
ecx=0x3614040 22 3,0x362cc44,0x362cc44,0x362cc44,True
ecx=0x3614040 21 4,0x3633c0c,0x3633c0c,0x3633c0c,True
ecx=0x3614040 20 7,0x3648ff4,0x3648ff4,0x3648ff4,True
ecx=0x3614040 21 9,0x365765c,0x365765c,0x365765c,True
ecx=0x3614040 22 10,0x365eab4,0x365eab4,0x365eab4,True
ecx=0x3614040 21 11,0x3665a7c,0x3665a7c,0x3665a7c,True
ecx=0x3614040 20 14,0x367ae64,0x367ae64,0x367ae64,True
ecx=0x3614040 21 16,0x36894cc,0x36894cc,0x36894cc,True
ecx=0x3614040 22 17,0x3690924,0x3690924,0x3690924,True
ecx=0x3614040 21 18,0x36978ec,0x36978ec,0x36978ec,True
ecx=0x3614040 20 21,0x36accd4,0x36accd4,0x36accd4,True
ecx=0x3614040 21 23,0x36bb33c,0x36bb33c,0x36bb33c,True
ecx=0x3614040 22 24,0x36c2794,0x36c2794,0x36c2794,True
ecx=0x3614040 21 25,0x36c975c,0x36c975c,0x36c975c,True
ecx=0x3614040 20 28,0x36deb44,0x36deb44,0x36deb44,True
ecx=0x3614040 21 30,0x36ed1ac,0x36ed1ac,0x36ed1ac,True
ecx=0x3614040 22 31,0x36f4604,0x36f4604,0x36f4604,True
ecx=0x3614040 21 32,0x36fb5cc,0x36fb5cc,0x36fb5cc,True
ecx=0x3614040 20 35,0x37109b4,0x37109b4,0x37109b4,True
ecx=0x3614040 21 37,0x371f01c,0x371f01c,0x371f01c,True
ecx=0x3614040 22 38,0x3726474,0x3726474,0x3726474,True
ecx=0x3614040 21 39,0x372d43c,0x372d43c,0x372d43c,True
ecx=0x3614040 20 42,0x3742824,0x3742824,0x3742824,True
ecx=0x3614040 21 44,0x3750e8c,0x3750e8c,0x3750e8c,True
ecx=0x3614040 22 45,0x37582e4,0x37582e4,0x37582e4,True
ecx=0x3614040 21 46,0x375f2ac,0x375f2ac,0x375f2ac,True
ecx=0x3614040 20 49,0x3774694,0x3774694,0x3774694,True
ecx=0x3614040 22 1,0x361e824,0x361e824,0x361e824,True
ecx=0x3614040 23 2,0x3625c7c,0x3625c7c,0x3625c7c,True
ecx=0x3614040 22 3,0x362cc44,0x362cc44,0x362cc44,True
ecx=0x3614040 21 6,0x364202c,0x364202c,0x364202c,True
ecx=0x3614040 22 8,0x3650694,0x3650694,0x3650694,True
ecx=0x3614040 23 9,0x3657aec,0x3657aec,0x3657aec,True
ecx=0x3614040 22 10,0x365eab4,0x365eab4,0x365eab4,True
ecx=0x3614040 21 13,0x3673e9c,0x3673e9c,0x3673e9c,True
ecx=0x3614040 22 15,0x3682504,0x3682504,0x3682504,True
ecx=0x3614040 23 16,0x368995c,0x368995c,0x368995c,True
ecx=0x3614040 22 17,0x3690924,0x3690924,0x3690924,True
ecx=0x3614040 21 20,0x36a5d0c,0x36a5d0c,0x36a5d0c,True
ecx=0x3614040 22 22,0x36b4374,0x36b4374,0x36b4374,True
ecx=0x3614040 23 23,0x36bb7cc,0x36bb7cc,0x36bb7cc,True
ecx=0x3614040 22 24,0x36c2794,0x36c2794,0x36c2794,True
ecx=0x3614040 21 27,0x36d7b7c,0x36d7b7c,0x36d7b7c,True
ecx=0x3614040 22 29,0x36e61e4,0x36e61e4,0x36e61e4,True
ecx=0x3614040 23 30,0x36ed63c,0x36ed63c,0x36ed63c,True
ecx=0x3614040 22 31,0x36f4604,0x36f4604,0x36f4604,True
ecx=0x3614040 21 34,0x37099ec,0x37099ec,0x37099ec,True
ecx=0x3614040 22 36,0x3718054,0x3718054,0x3718054,True
ecx=0x3614040 23 37,0x371f4ac,0x371f4ac,0x371f4ac,True
ecx=0x3614040 22 38,0x3726474,0x3726474,0x3726474,True
ecx=0x3614040 21 41,0x373b85c,0x373b85c,0x373b85c,True
ecx=0x3614040 22 43,0x3749ec4,0x3749ec4,0x3749ec4,True
ecx=0x3614040 23 44,0x375131c,0x375131c,0x375131c,True
ecx=0x3614040 22 45,0x37582e4,0x37582e4,0x37582e4,True
ecx=0x3614040 21 48,0x376d6cc,0x376d6cc,0x376d6cc,True
ecx=0x3614040 22 50,0x0,0x0,0x0,True
ecx=0x3614040 24 1,0x361ecb4,0x361ecb4,0x361ecb4,True
ecx=0x3614040 23 2,0x3625c7c,0x3625c7c,0x3625c7c,True
ecx=0x3614040 22 5,0x363b064,0x363b064,0x363b064,True
ecx=0x3614040 23 7,0x36496cc,0x36496cc,0x36496cc,True
ecx=0x3614040 24 8,0x3650b24,0x3650b24,0x3650b24,True
ecx=0x3614040 23 9,0x3657aec,0x3657aec,0x3657aec,True
ecx=0x3614040 22 12,0x366ced4,0x366ced4,0x366ced4,True
ecx=0x3614040 23 14,0x367b53c,0x367b53c,0x367b53c,True
ecx=0x3614040 24 15,0x3682994,0x3682994,0x3682994,True
ecx=0x3614040 23 16,0x368995c,0x368995c,0x368995c,True
ecx=0x3614040 22 19,0x369ed44,0x369ed44,0x369ed44,True
ecx=0x3614040 23 21,0x36ad3ac,0x36ad3ac,0x36ad3ac,True
ecx=0x3614040 24 22,0x36b4804,0x36b4804,0x36b4804,True
ecx=0x3614040 23 23,0x36bb7cc,0x36bb7cc,0x36bb7cc,True
ecx=0x3614040 22 26,0x36d0bb4,0x36d0bb4,0x36d0bb4,True
ecx=0x3614040 23 28,0x36df21c,0x36df21c,0x36df21c,True
ecx=0x3614040 24 29,0x36e6674,0x36e6674,0x36e6674,True
ecx=0x3614040 23 30,0x36ed63c,0x36ed63c,0x36ed63c,True
ecx=0x3614040 22 33,0x3702a24,0x3702a24,0x3702a24,True
ecx=0x3614040 23 35,0x371108c,0x371108c,0x371108c,True
ecx=0x3614040 24 36,0x37184e4,0x37184e4,0x37184e4,True
ecx=0x3614040 23 37,0x371f4ac,0x371f4ac,0x371f4ac,True
ecx=0x3614040 22 40,0x3734894,0x3734894,0x3734894,True
ecx=0x3614040 23 42,0x3742efc,0x3742efc,0x3742efc,True
ecx=0x3614040 24 43,0x374a354,0x374a354,0x374a354,True
ecx=0x3614040 23 44,0x375131c,0x375131c,0x375131c,True
ecx=0x3614040 22 47,0x3766704,0x3766704,0x3766704,True
ecx=0x3614040 23 49,0x3774d6c,0x3774d6c,0x3774d6c,True
ecx=0x3614040 25 0,0x3617cec,0x3617cec,0x3617cec,True
ecx=0x3614040 24 1,0x361ecb4,0x361ecb4,0x361ecb4,True
ecx=0x3614040 23 4,0x363409c,0x363409c,0x363409c,True
ecx=0x3614040 24 6,0x3642704,0x3642704,0x3642704,True
ecx=0x3614040 25 7,0x3649b5c,0x3649b5c,0x3649b5c,True
ecx=0x3614040 24 8,0x3650b24,0x3650b24,0x3650b24,True
ecx=0x3614040 23 11,0x3665f0c,0x3665f0c,0x3665f0c,True
ecx=0x3614040 24 13,0x3674574,0x3674574,0x3674574,True
ecx=0x3614040 25 14,0x367b9cc,0x367b9cc,0x367b9cc,True
ecx=0x3614040 24 15,0x3682994,0x3682994,0x3682994,True
ecx=0x3614040 23 18,0x3697d7c,0x3697d7c,0x3697d7c,True
ecx=0x3614040 24 20,0x36a63e4,0x36a63e4,0x36a63e4,True
ecx=0x3614040 25 21,0x36ad83c,0x36ad83c,0x36ad83c,True
ecx=0x3614040 24 22,0x36b4804,0x36b4804,0x36b4804,True
ecx=0x3614040 23 25,0x36c9bec,0x36c9bec,0x36c9bec,True
ecx=0x3614040 24 27,0x36d8254,0x36d8254,0x36d8254,True
ecx=0x3614040 25 28,0x36df6ac,0x36df6ac,0x36df6ac,True
ecx=0x3614040 24 29,0x36e6674,0x36e6674,0x36e6674,True
ecx=0x3614040 23 32,0x36fba5c,0x36fba5c,0x36fba5c,True
ecx=0x3614040 24 34,0x370a0c4,0x370a0c4,0x370a0c4,True
ecx=0x3614040 25 35,0x371151c,0x371151c,0x371151c,True
ecx=0x3614040 24 36,0x37184e4,0x37184e4,0x37184e4,True
ecx=0x3614040 23 39,0x372d8cc,0x372d8cc,0x372d8cc,True
ecx=0x3614040 24 41,0x373bf34,0x373bf34,0x373bf34,True
ecx=0x3614040 25 42,0x374338c,0x374338c,0x374338c,True
ecx=0x3614040 24 43,0x374a354,0x374a354,0x374a354,True
ecx=0x3614040 23 46,0x375f73c,0x375f73c,0x375f73c,True
ecx=0x3614040 24 48,0x376dda4,0x376dda4,0x376dda4,True
ecx=0x3614040 25 49,0x37751fc,0x37751fc,0x37751fc,True
ecx=0x3614040 25 0,0x3617cec,0x3617cec,0x3617cec,True
ecx=0x3614040 24 3,0x362d0d4,0x362d0d4,0x362d0d4,True
ecx=0x3614040 25 5,0x363b73c,0x363b73c,0x363b73c,True
ecx=0x3614040 26 6,0x3642b94,0x3642b94,0x3642b94,True
ecx=0x3614040 25 7,0x3649b5c,0x3649b5c,0x3649b5c,True
ecx=0x3614040 24 10,0x365ef44,0x365ef44,0x365ef44,True
ecx=0x3614040 25 12,0x366d5ac,0x366d5ac,0x366d5ac,True
ecx=0x3614040 26 13,0x3674a04,0x3674a04,0x3674a04,True
ecx=0x3614040 25 14,0x367b9cc,0x367b9cc,0x367b9cc,True
ecx=0x3614040 24 17,0x3690db4,0x3690db4,0x3690db4,True
ecx=0x3614040 25 19,0x369f41c,0x369f41c,0x369f41c,True
ecx=0x3614040 26 20,0x36a6874,0x36a6874,0x36a6874,True
ecx=0x3614040 25 21,0x36ad83c,0x36ad83c,0x36ad83c,True
ecx=0x3614040 24 24,0x36c2c24,0x36c2c24,0x36c2c24,True
ecx=0x3614040 25 26,0x36d128c,0x36d128c,0x36d128c,True
ecx=0x3614040 26 27,0x36d86e4,0x36d86e4,0x36d86e4,True
ecx=0x3614040 25 28,0x36df6ac,0x36df6ac,0x36df6ac,True
ecx=0x3614040 24 31,0x36f4a94,0x36f4a94,0x36f4a94,True
ecx=0x3614040 25 33,0x37030fc,0x37030fc,0x37030fc,True
ecx=0x3614040 26 34,0x370a554,0x370a554,0x370a554,True
ecx=0x3614040 25 35,0x371151c,0x371151c,0x371151c,True
ecx=0x3614040 24 38,0x3726904,0x3726904,0x3726904,True
ecx=0x3614040 25 40,0x3734f6c,0x3734f6c,0x3734f6c,True
ecx=0x3614040 26 41,0x373c3c4,0x373c3c4,0x373c3c4,True
ecx=0x3614040 25 42,0x374338c,0x374338c,0x374338c,True
ecx=0x3614040 24 45,0x3758774,0x3758774,0x3758774,True
ecx=0x3614040 25 47,0x3766ddc,0x3766ddc,0x3766ddc,True
ecx=0x3614040 26 48,0x376e234,0x376e234,0x376e234,True
ecx=0x3614040 26 -1,0x0,0x0,0x0,True
ecx=0x3614040 25 2,0x362610c,0x362610c,0x362610c,True
ecx=0x3614040 26 4,0x3634774,0x3634774,0x3634774,True
ecx=0x3614040 27 5,0x363bbcc,0x363bbcc,0x363bbcc,True
ecx=0x3614040 26 6,0x3642b94,0x3642b94,0x3642b94,True
ecx=0x3614040 25 9,0x3657f7c,0x3657f7c,0x3657f7c,True
ecx=0x3614040 26 11,0x36665e4,0x36665e4,0x36665e4,True
ecx=0x3614040 27 12,0x366da3c,0x366da3c,0x366da3c,True
ecx=0x3614040 26 13,0x3674a04,0x3674a04,0x3674a04,True
ecx=0x3614040 25 16,0x3689dec,0x3689dec,0x3689dec,True
ecx=0x3614040 26 18,0x3698454,0x3698454,0x3698454,True
ecx=0x3614040 27 19,0x369f8ac,0x369f8ac,0x369f8ac,True
ecx=0x3614040 26 20,0x36a6874,0x36a6874,0x36a6874,True
ecx=0x3614040 25 23,0x36bbc5c,0x36bbc5c,0x36bbc5c,True
ecx=0x3614040 26 25,0x36ca2c4,0x36ca2c4,0x36ca2c4,True
ecx=0x3614040 27 26,0x36d171c,0x36d171c,0x36d171c,True
ecx=0x3614040 26 27,0x36d86e4,0x36d86e4,0x36d86e4,True
ecx=0x3614040 25 30,0x36edacc,0x36edacc,0x36edacc,True
ecx=0x3614040 26 32,0x36fc134,0x36fc134,0x36fc134,True
ecx=0x3614040 27 33,0x370358c,0x370358c,0x370358c,True
ecx=0x3614040 26 34,0x370a554,0x370a554,0x370a554,True
ecx=0x3614040 25 37,0x371f93c,0x371f93c,0x371f93c,True
ecx=0x3614040 26 39,0x372dfa4,0x372dfa4,0x372dfa4,True
ecx=0x3614040 27 40,0x37353fc,0x37353fc,0x37353fc,True
ecx=0x3614040 26 41,0x373c3c4,0x373c3c4,0x373c3c4,True
ecx=0x3614040 25 44,0x37517ac,0x37517ac,0x37517ac,True
ecx=0x3614040 26 46,0x375fe14,0x375fe14,0x375fe14,True
ecx=0x3614040 27 47,0x376726c,0x376726c,0x376726c,True
ecx=0x3614040 26 48,0x376e234,0x376e234,0x376e234,True
ecx=0x3614040 26 1,0x361f144,0x361f144,0x361f144,True
ecx=0x3614040 27 3,0x362d7ac,0x362d7ac,0x362d7ac,True
ecx=0x3614040 28 4,0x3634c04,0x3634c04,0x3634c04,True
ecx=0x3614040 27 5,0x363bbcc,0x363bbcc,0x363bbcc,True
ecx=0x3614040 26 8,0x3650fb4,0x3650fb4,0x3650fb4,True
ecx=0x3614040 27 10,0x365f61c,0x365f61c,0x365f61c,True
ecx=0x3614040 28 11,0x3666a74,0x3666a74,0x3666a74,True
ecx=0x3614040 27 12,0x366da3c,0x366da3c,0x366da3c,True
ecx=0x3614040 26 15,0x3682e24,0x3682e24,0x3682e24,True
ecx=0x3614040 27 17,0x369148c,0x369148c,0x369148c,True
ecx=0x3614040 28 18,0x36988e4,0x36988e4,0x36988e4,True
ecx=0x3614040 27 19,0x369f8ac,0x369f8ac,0x369f8ac,True
ecx=0x3614040 26 22,0x36b4c94,0x36b4c94,0x36b4c94,True
ecx=0x3614040 27 24,0x36c32fc,0x36c32fc,0x36c32fc,True
ecx=0x3614040 28 25,0x36ca754,0x36ca754,0x36ca754,True
ecx=0x3614040 27 26,0x36d171c,0x36d171c,0x36d171c,True
ecx=0x3614040 26 29,0x36e6b04,0x36e6b04,0x36e6b04,True
ecx=0x3614040 27 31,0x36f516c,0x36f516c,0x36f516c,True
ecx=0x3614040 28 32,0x36fc5c4,0x36fc5c4,0x36fc5c4,True
ecx=0x3614040 27 33,0x370358c,0x370358c,0x370358c,True
ecx=0x3614040 26 36,0x3718974,0x3718974,0x3718974,True
ecx=0x3614040 27 38,0x3726fdc,0x3726fdc,0x3726fdc,True
ecx=0x3614040 28 39,0x372e434,0x372e434,0x372e434,True
ecx=0x3614040 27 40,0x37353fc,0x37353fc,0x37353fc,True
ecx=0x3614040 26 43,0x374a7e4,0x374a7e4,0x374a7e4,True
ecx=0x3614040 27 45,0x3758e4c,0x3758e4c,0x3758e4c,True
ecx=0x3614040 28 46,0x37602a4,0x37602a4,0x37602a4,True
ecx=0x3614040 27 47,0x376726c,0x376726c,0x376726c,True
ecx=0x3614040 27 0,0x361817c,0x361817c,0x361817c,True
ecx=0x3614040 28 2,0x36267e4,0x36267e4,0x36267e4,True
ecx=0x3614040 29 3,0x362dc3c,0x362dc3c,0x362dc3c,True
ecx=0x3614040 28 4,0x3634c04,0x3634c04,0x3634c04,True
ecx=0x3614040 27 7,0x3649fec,0x3649fec,0x3649fec,True
ecx=0x3614040 28 9,0x3658654,0x3658654,0x3658654,True
ecx=0x3614040 29 10,0x365faac,0x365faac,0x365faac,True
ecx=0x3614040 28 11,0x3666a74,0x3666a74,0x3666a74,True
ecx=0x3614040 27 14,0x367be5c,0x367be5c,0x367be5c,True
ecx=0x3614040 28 16,0x368a4c4,0x368a4c4,0x368a4c4,True
ecx=0x3614040 29 17,0x369191c,0x369191c,0x369191c,True
ecx=0x3614040 28 18,0x36988e4,0x36988e4,0x36988e4,True
ecx=0x3614040 27 21,0x36adccc,0x36adccc,0x36adccc,True
ecx=0x3614040 28 23,0x36bc334,0x36bc334,0x36bc334,True
ecx=0x3614040 29 24,0x36c378c,0x36c378c,0x36c378c,True
ecx=0x3614040 28 25,0x36ca754,0x36ca754,0x36ca754,True
ecx=0x3614040 27 28,0x36dfb3c,0x36dfb3c,0x36dfb3c,True
ecx=0x3614040 28 30,0x36ee1a4,0x36ee1a4,0x36ee1a4,True
ecx=0x3614040 29 31,0x36f55fc,0x36f55fc,0x36f55fc,True
ecx=0x3614040 28 32,0x36fc5c4,0x36fc5c4,0x36fc5c4,True
ecx=0x3614040 27 35,0x37119ac,0x37119ac,0x37119ac,True
ecx=0x3614040 28 37,0x3720014,0x3720014,0x3720014,True
ecx=0x3614040 29 38,0x372746c,0x372746c,0x372746c,True
ecx=0x3614040 28 39,0x372e434,0x372e434,0x372e434,True
ecx=0x3614040 27 42,0x374381c,0x374381c,0x374381c,True
ecx=0x3614040 28 44,0x3751e84,0x3751e84,0x3751e84,True
ecx=0x3614040 29 45,0x37592dc,0x37592dc,0x37592dc,True
ecx=0x3614040 28 46,0x37602a4,0x37602a4,0x37602a4,True
ecx=0x3614040 27 49,0x377568c,0x377568c,0x377568c,True
ecx=0x3614040 29 1,0x361f81c,0x361f81c,0x361f81c,True
ecx=0x3614040 30 2,0x3626c74,0x3626c74,0x3626c74,True
ecx=0x3614040 29 3,0x362dc3c,0x362dc3c,0x362dc3c,True
ecx=0x3614040 28 6,0x3643024,0x3643024,0x3643024,True
ecx=0x3614040 29 8,0x365168c,0x365168c,0x365168c,True
ecx=0x3614040 30 9,0x3658ae4,0x3658ae4,0x3658ae4,True
ecx=0x3614040 29 10,0x365faac,0x365faac,0x365faac,True
ecx=0x3614040 28 13,0x3674e94,0x3674e94,0x3674e94,True
ecx=0x3614040 29 15,0x36834fc,0x36834fc,0x36834fc,True
ecx=0x3614040 30 16,0x368a954,0x368a954,0x368a954,True
ecx=0x3614040 29 17,0x369191c,0x369191c,0x369191c,True
ecx=0x3614040 28 20,0x36a6d04,0x36a6d04,0x36a6d04,True
ecx=0x3614040 29 22,0x36b536c,0x36b536c,0x36b536c,True
ecx=0x3614040 30 23,0x36bc7c4,0x36bc7c4,0x36bc7c4,True
ecx=0x3614040 29 24,0x36c378c,0x36c378c,0x36c378c,True
ecx=0x3614040 28 27,0x36d8b74,0x36d8b74,0x36d8b74,True
ecx=0x3614040 29 29,0x36e71dc,0x36e71dc,0x36e71dc,True
ecx=0x3614040 30 30,0x36ee634,0x36ee634,0x36ee634,True
ecx=0x3614040 29 31,0x36f55fc,0x36f55fc,0x36f55fc,True
ecx=0x3614040 28 34,0x370a9e4,0x370a9e4,0x370a9e4,True
ecx=0x3614040 29 36,0x371904c,0x371904c,0x371904c,True
ecx=0x3614040 30 37,0x37204a4,0x37204a4,0x37204a4,True
ecx=0x3614040 29 38,0x372746c,0x372746c,0x372746c,True
ecx=0x3614040 28 41,0x373c854,0x373c854,0x373c854,True
ecx=0x3614040 29 43,0x374aebc,0x374aebc,0x374aebc,True
ecx=0x3614040 30 44,0x3752314,0x3752314,0x3752314,True
ecx=0x3614040 29 45,0x37592dc,0x37592dc,0x37592dc,True
ecx=0x3614040 28 48,0x376e6c4,0x376e6c4,0x376e6c4,True
ecx=0x3614040 29 50,0x0,0x0,0x0,True
ecx=0x3614040 31 1,0x361fcac,0x361fcac,0x361fcac,True
ecx=0x3614040 30 2,0x3626c74,0x3626c74,0x3626c74,True
ecx=0x3614040 29 5,0x363c05c,0x363c05c,0x363c05c,True
ecx=0x3614040 30 7,0x364a6c4,0x364a6c4,0x364a6c4,True
ecx=0x3614040 31 8,0x3651b1c,0x3651b1c,0x3651b1c,True
ecx=0x3614040 30 9,0x3658ae4,0x3658ae4,0x3658ae4,True
ecx=0x3614040 29 12,0x366decc,0x366decc,0x366decc,True
ecx=0x3614040 30 14,0x367c534,0x367c534,0x367c534,True
ecx=0x3614040 31 15,0x368398c,0x368398c,0x368398c,True
ecx=0x3614040 30 16,0x368a954,0x368a954,0x368a954,True
ecx=0x3614040 29 19,0x369fd3c,0x369fd3c,0x369fd3c,True
ecx=0x3614040 30 21,0x36ae3a4,0x36ae3a4,0x36ae3a4,True
ecx=0x3614040 31 22,0x36b57fc,0x36b57fc,0x36b57fc,True
ecx=0x3614040 30 23,0x36bc7c4,0x36bc7c4,0x36bc7c4,True
ecx=0x3614040 29 26,0x36d1bac,0x36d1bac,0x36d1bac,True
ecx=0x3614040 30 28,0x36e0214,0x36e0214,0x36e0214,True
ecx=0x3614040 31 29,0x36e766c,0x36e766c,0x36e766c,True
ecx=0x3614040 30 30,0x36ee634,0x36ee634,0x36ee634,True
ecx=0x3614040 29 33,0x3703a1c,0x3703a1c,0x3703a1c,True
ecx=0x3614040 30 35,0x3712084,0x3712084,0x3712084,True
ecx=0x3614040 31 36,0x37194dc,0x37194dc,0x37194dc,True
ecx=0x3614040 30 37,0x37204a4,0x37204a4,0x37204a4,True
ecx=0x3614040 29 40,0x373588c,0x373588c,0x373588c,True
ecx=0x3614040 30 42,0x3743ef4,0x3743ef4,0x3743ef4,True
ecx=0x3614040 31 43,0x374b34c,0x374b34c,0x374b34c,True
ecx=0x3614040 30 44,0x3752314,0x3752314,0x3752314,True
ecx=0x3614040 29 47,0x37676fc,0x37676fc,0x37676fc,True
ecx=0x3614040 30 49,0x3775d64,0x3775d64,0x3775d64,True
ecx=0x3614040 32 0,0x3618ce4,0x3618ce4,0x3618ce4,True
ecx=0x3614040 31 1,0x361fcac,0x361fcac,0x361fcac,True
ecx=0x3614040 30 4,0x3635094,0x3635094,0x3635094,True
ecx=0x3614040 31 6,0x36436fc,0x36436fc,0x36436fc,True
ecx=0x3614040 32 7,0x364ab54,0x364ab54,0x364ab54,True
ecx=0x3614040 31 8,0x3651b1c,0x3651b1c,0x3651b1c,True
ecx=0x3614040 30 11,0x3666f04,0x3666f04,0x3666f04,True
ecx=0x3614040 31 13,0x367556c,0x367556c,0x367556c,True
ecx=0x3614040 32 14,0x367c9c4,0x367c9c4,0x367c9c4,True
ecx=0x3614040 31 15,0x368398c,0x368398c,0x368398c,True
ecx=0x3614040 30 18,0x3698d74,0x3698d74,0x3698d74,True
ecx=0x3614040 31 20,0x36a73dc,0x36a73dc,0x36a73dc,True
ecx=0x3614040 32 21,0x36ae834,0x36ae834,0x36ae834,True
ecx=0x3614040 31 22,0x36b57fc,0x36b57fc,0x36b57fc,True
ecx=0x3614040 30 25,0x36cabe4,0x36cabe4,0x36cabe4,True
ecx=0x3614040 31 27,0x36d924c,0x36d924c,0x36d924c,True
ecx=0x3614040 32 28,0x36e06a4,0x36e06a4,0x36e06a4,True
ecx=0x3614040 31 29,0x36e766c,0x36e766c,0x36e766c,True
ecx=0x3614040 30 32,0x36fca54,0x36fca54,0x36fca54,True
ecx=0x3614040 31 34,0x370b0bc,0x370b0bc,0x370b0bc,True
ecx=0x3614040 32 35,0x3712514,0x3712514,0x3712514,True
ecx=0x3614040 31 36,0x37194dc,0x37194dc,0x37194dc,True
ecx=0x3614040 30 39,0x372e8c4,0x372e8c4,0x372e8c4,True
ecx=0x3614040 31 41,0x373cf2c,0x373cf2c,0x373cf2c,True
ecx=0x3614040 32 42,0x3744384,0x3744384,0x3744384,True
ecx=0x3614040 31 43,0x374b34c,0x374b34c,0x374b34c,True
ecx=0x3614040 30 46,0x3760734,0x3760734,0x3760734,True
ecx=0x3614040 31 48,0x376ed9c,0x376ed9c,0x376ed9c,True
ecx=0x3614040 32 49,0x37761f4,0x37761f4,0x37761f4,True
ecx=0x3614040 32 0,0x3618ce4,0x3618ce4,0x3618ce4,True
ecx=0x3614040 31 3,0x362e0cc,0x362e0cc,0x362e0cc,True
ecx=0x3614040 32 5,0x363c734,0x363c734,0x363c734,True
ecx=0x3614040 33 6,0x3643b8c,0x3643b8c,0x3643b8c,True
ecx=0x3614040 32 7,0x364ab54,0x364ab54,0x364ab54,True
ecx=0x3614040 31 10,0x365ff3c,0x365ff3c,0x365ff3c,True
ecx=0x3614040 32 12,0x366e5a4,0x366e5a4,0x366e5a4,True
ecx=0x3614040 33 13,0x36759fc,0x36759fc,0x36759fc,True
ecx=0x3614040 32 14,0x367c9c4,0x367c9c4,0x367c9c4,True
ecx=0x3614040 31 17,0x3691dac,0x3691dac,0x3691dac,True
ecx=0x3614040 32 19,0x36a0414,0x36a0414,0x36a0414,True
ecx=0x3614040 33 20,0x36a786c,0x36a786c,0x36a786c,True
ecx=0x3614040 32 21,0x36ae834,0x36ae834,0x36ae834,True
ecx=0x3614040 31 24,0x36c3c1c,0x36c3c1c,0x36c3c1c,True
ecx=0x3614040 32 26,0x36d2284,0x36d2284,0x36d2284,True
ecx=0x3614040 33 27,0x36d96dc,0x36d96dc,0x36d96dc,True
ecx=0x3614040 32 28,0x36e06a4,0x36e06a4,0x36e06a4,True
ecx=0x3614040 31 31,0x36f5a8c,0x36f5a8c,0x36f5a8c,True
ecx=0x3614040 32 33,0x37040f4,0x37040f4,0x37040f4,True
ecx=0x3614040 33 34,0x370b54c,0x370b54c,0x370b54c,True
ecx=0x3614040 32 35,0x3712514,0x3712514,0x3712514,True
ecx=0x3614040 31 38,0x37278fc,0x37278fc,0x37278fc,True
ecx=0x3614040 32 40,0x3735f64,0x3735f64,0x3735f64,True
ecx=0x3614040 33 41,0x373d3bc,0x373d3bc,0x373d3bc,True
ecx=0x3614040 32 42,0x3744384,0x3744384,0x3744384,True
ecx=0x3614040 31 45,0x375976c,0x375976c,0x375976c,True
ecx=0x3614040 32 47,0x3767dd4,0x3767dd4,0x3767dd4,True
ecx=0x3614040 33 48,0x376f22c,0x376f22c,0x376f22c,True
ecx=0x3614040 33 -1,0x0,0x0,0x0,True
ecx=0x3614040 32 2,0x3627104,0x3627104,0x3627104,True
ecx=0x3614040 33 4,0x363576c,0x363576c,0x363576c,True
ecx=0x3614040 34 5,0x363cbc4,0x363cbc4,0x363cbc4,True
ecx=0x3614040 33 6,0x3643b8c,0x3643b8c,0x3643b8c,True
ecx=0x3614040 32 9,0x3658f74,0x3658f74,0x3658f74,True
ecx=0x3614040 33 11,0x36675dc,0x36675dc,0x36675dc,True
ecx=0x3614040 34 12,0x366ea34,0x366ea34,0x366ea34,True
ecx=0x3614040 33 13,0x36759fc,0x36759fc,0x36759fc,True
ecx=0x3614040 32 16,0x368ade4,0x368ade4,0x368ade4,True
ecx=0x3614040 33 18,0x369944c,0x369944c,0x369944c,True
ecx=0x3614040 34 19,0x36a08a4,0x36a08a4,0x36a08a4,True
ecx=0x3614040 33 20,0x36a786c,0x36a786c,0x36a786c,True
ecx=0x3614040 32 23,0x36bcc54,0x36bcc54,0x36bcc54,True
ecx=0x3614040 33 25,0x36cb2bc,0x36cb2bc,0x36cb2bc,True
ecx=0x3614040 34 26,0x36d2714,0x36d2714,0x36d2714,True
ecx=0x3614040 33 27,0x36d96dc,0x36d96dc,0x36d96dc,True
ecx=0x3614040 32 30,0x36eeac4,0x36eeac4,0x36eeac4,True
ecx=0x3614040 33 32,0x36fd12c,0x36fd12c,0x36fd12c,True
ecx=0x3614040 34 33,0x3704584,0x3704584,0x3704584,True
ecx=0x3614040 33 34,0x370b54c,0x370b54c,0x370b54c,True
ecx=0x3614040 32 37,0x3720934,0x3720934,0x3720934,True
ecx=0x3614040 33 39,0x372ef9c,0x372ef9c,0x372ef9c,True
ecx=0x3614040 34 40,0x37363f4,0x37363f4,0x37363f4,True
ecx=0x3614040 33 41,0x373d3bc,0x373d3bc,0x373d3bc,True
ecx=0x3614040 32 44,0x37527a4,0x37527a4,0x37527a4,True
ecx=0x3614040 33 46,0x3760e0c,0x3760e0c,0x3760e0c,True
ecx=0x3614040 34 47,0x3768264,0x3768264,0x3768264,True
ecx=0x3614040 33 48,0x376f22c,0x376f22c,0x376f22c,True
ecx=0x3614040 33 1,0x362013c,0x362013c,0x362013c,True
ecx=0x3614040 34 3,0x362e7a4,0x362e7a4,0x362e7a4,True
ecx=0x3614040 35 4,0x3635bfc,0x3635bfc,0x3635bfc,True
ecx=0x3614040 34 5,0x363cbc4,0x363cbc4,0x363cbc4,True
ecx=0x3614040 33 8,0x3651fac,0x3651fac,0x3651fac,True
ecx=0x3614040 34 10,0x3660614,0x3660614,0x3660614,True
ecx=0x3614040 35 11,0x3667a6c,0x3667a6c,0x3667a6c,True
ecx=0x3614040 34 12,0x366ea34,0x366ea34,0x366ea34,True
ecx=0x3614040 33 15,0x3683e1c,0x3683e1c,0x3683e1c,True
ecx=0x3614040 34 17,0x3692484,0x3692484,0x3692484,True
ecx=0x3614040 35 18,0x36998dc,0x36998dc,0x36998dc,True
ecx=0x3614040 34 19,0x36a08a4,0x36a08a4,0x36a08a4,True
ecx=0x3614040 33 22,0x36b5c8c,0x36b5c8c,0x36b5c8c,True
ecx=0x3614040 34 24,0x36c42f4,0x36c42f4,0x36c42f4,True
ecx=0x3614040 35 25,0x36cb74c,0x36cb74c,0x36cb74c,True
ecx=0x3614040 34 26,0x36d2714,0x36d2714,0x36d2714,True
ecx=0x3614040 33 29,0x36e7afc,0x36e7afc,0x36e7afc,True
ecx=0x3614040 34 31,0x36f6164,0x36f6164,0x36f6164,True
ecx=0x3614040 35 32,0x36fd5bc,0x36fd5bc,0x36fd5bc,True
ecx=0x3614040 34 33,0x3704584,0x3704584,0x3704584,True
ecx=0x3614040 33 36,0x371996c,0x371996c,0x371996c,True
ecx=0x3614040 34 38,0x3727fd4,0x3727fd4,0x3727fd4,True
ecx=0x3614040 35 39,0x372f42c,0x372f42c,0x372f42c,True
ecx=0x3614040 34 40,0x37363f4,0x37363f4,0x37363f4,True
ecx=0x3614040 33 43,0x374b7dc,0x374b7dc,0x374b7dc,True
ecx=0x3614040 34 45,0x3759e44,0x3759e44,0x3759e44,True
ecx=0x3614040 35 46,0x376129c,0x376129c,0x376129c,True
ecx=0x3614040 34 47,0x3768264,0x3768264,0x3768264,True
ecx=0x3614040 34 0,0x3619174,0x3619174,0x3619174,True
ecx=0x3614040 35 2,0x36277dc,0x36277dc,0x36277dc,True
ecx=0x3614040 36 3,0x362ec34,0x362ec34,0x362ec34,True
ecx=0x3614040 35 4,0x3635bfc,0x3635bfc,0x3635bfc,True
ecx=0x3614040 34 7,0x364afe4,0x364afe4,0x364afe4,True
ecx=0x3614040 35 9,0x365964c,0x365964c,0x365964c,True
ecx=0x3614040 36 10,0x3660aa4,0x3660aa4,0x3660aa4,True
ecx=0x3614040 35 11,0x3667a6c,0x3667a6c,0x3667a6c,True
ecx=0x3614040 34 14,0x367ce54,0x367ce54,0x367ce54,True
ecx=0x3614040 35 16,0x368b4bc,0x368b4bc,0x368b4bc,True
ecx=0x3614040 36 17,0x3692914,0x3692914,0x3692914,True
ecx=0x3614040 35 18,0x36998dc,0x36998dc,0x36998dc,True
ecx=0x3614040 34 21,0x36aecc4,0x36aecc4,0x36aecc4,True
ecx=0x3614040 35 23,0x36bd32c,0x36bd32c,0x36bd32c,True
ecx=0x3614040 36 24,0x36c4784,0x36c4784,0x36c4784,True
ecx=0x3614040 35 25,0x36cb74c,0x36cb74c,0x36cb74c,True
ecx=0x3614040 34 28,0x36e0b34,0x36e0b34,0x36e0b34,True
ecx=0x3614040 35 30,0x36ef19c,0x36ef19c,0x36ef19c,True
ecx=0x3614040 36 31,0x36f65f4,0x36f65f4,0x36f65f4,True
ecx=0x3614040 35 32,0x36fd5bc,0x36fd5bc,0x36fd5bc,True
ecx=0x3614040 34 35,0x37129a4,0x37129a4,0x37129a4,True
ecx=0x3614040 35 37,0x372100c,0x372100c,0x372100c,True
ecx=0x3614040 36 38,0x3728464,0x3728464,0x3728464,True
ecx=0x3614040 35 39,0x372f42c,0x372f42c,0x372f42c,True
ecx=0x3614040 34 42,0x3744814,0x3744814,0x3744814,True
ecx=0x3614040 35 44,0x3752e7c,0x3752e7c,0x3752e7c,True
ecx=0x3614040 36 45,0x375a2d4,0x375a2d4,0x375a2d4,True
ecx=0x3614040 35 46,0x376129c,0x376129c,0x376129c,True
ecx=0x3614040 34 49,0x3776684,0x3776684,0x3776684,True
ecx=0x3614040 36 1,0x3620814,0x3620814,0x3620814,True
ecx=0x3614040 37 2,0x3627c6c,0x3627c6c,0x3627c6c,True
ecx=0x3614040 36 3,0x362ec34,0x362ec34,0x362ec34,True
ecx=0x3614040 35 6,0x364401c,0x364401c,0x364401c,True
ecx=0x3614040 36 8,0x3652684,0x3652684,0x3652684,True
ecx=0x3614040 37 9,0x3659adc,0x3659adc,0x3659adc,True
ecx=0x3614040 36 10,0x3660aa4,0x3660aa4,0x3660aa4,True
ecx=0x3614040 35 13,0x3675e8c,0x3675e8c,0x3675e8c,True
ecx=0x3614040 36 15,0x36844f4,0x36844f4,0x36844f4,True
ecx=0x3614040 37 16,0x368b94c,0x368b94c,0x368b94c,True
ecx=0x3614040 36 17,0x3692914,0x3692914,0x3692914,True
ecx=0x3614040 35 20,0x36a7cfc,0x36a7cfc,0x36a7cfc,True
ecx=0x3614040 36 22,0x36b6364,0x36b6364,0x36b6364,True
ecx=0x3614040 37 23,0x36bd7bc,0x36bd7bc,0x36bd7bc,True
ecx=0x3614040 36 24,0x36c4784,0x36c4784,0x36c4784,True
ecx=0x3614040 35 27,0x36d9b6c,0x36d9b6c,0x36d9b6c,True
ecx=0x3614040 36 29,0x36e81d4,0x36e81d4,0x36e81d4,True
ecx=0x3614040 37 30,0x36ef62c,0x36ef62c,0x36ef62c,True
ecx=0x3614040 36 31,0x36f65f4,0x36f65f4,0x36f65f4,True
ecx=0x3614040 35 34,0x370b9dc,0x370b9dc,0x370b9dc,True
ecx=0x3614040 36 36,0x371a044,0x371a044,0x371a044,True
ecx=0x3614040 37 37,0x372149c,0x372149c,0x372149c,True
ecx=0x3614040 36 38,0x3728464,0x3728464,0x3728464,True
ecx=0x3614040 35 41,0x373d84c,0x373d84c,0x373d84c,True
ecx=0x3614040 36 43,0x374beb4,0x374beb4,0x374beb4,True
ecx=0x3614040 37 44,0x375330c,0x375330c,0x375330c,True
ecx=0x3614040 36 45,0x375a2d4,0x375a2d4,0x375a2d4,True
ecx=0x3614040 35 48,0x376f6bc,0x376f6bc,0x376f6bc,True
ecx=0x3614040 36 50,0x0,0x0,0x0,True
ecx=0x3614040 38 1,0x3620ca4,0x3620ca4,0x3620ca4,True
ecx=0x3614040 37 2,0x3627c6c,0x3627c6c,0x3627c6c,True
ecx=0x3614040 36 5,0x363d054,0x363d054,0x363d054,True
ecx=0x3614040 37 7,0x364b6bc,0x364b6bc,0x364b6bc,True
ecx=0x3614040 38 8,0x3652b14,0x3652b14,0x3652b14,True
ecx=0x3614040 37 9,0x3659adc,0x3659adc,0x3659adc,True
ecx=0x3614040 36 12,0x366eec4,0x366eec4,0x366eec4,True
ecx=0x3614040 37 14,0x367d52c,0x367d52c,0x367d52c,True
ecx=0x3614040 38 15,0x3684984,0x3684984,0x3684984,True
ecx=0x3614040 37 16,0x368b94c,0x368b94c,0x368b94c,True
ecx=0x3614040 36 19,0x36a0d34,0x36a0d34,0x36a0d34,True
ecx=0x3614040 37 21,0x36af39c,0x36af39c,0x36af39c,True
ecx=0x3614040 38 22,0x36b67f4,0x36b67f4,0x36b67f4,True
ecx=0x3614040 37 23,0x36bd7bc,0x36bd7bc,0x36bd7bc,True
ecx=0x3614040 36 26,0x36d2ba4,0x36d2ba4,0x36d2ba4,True
ecx=0x3614040 37 28,0x36e120c,0x36e120c,0x36e120c,True
ecx=0x3614040 38 29,0x36e8664,0x36e8664,0x36e8664,True
ecx=0x3614040 37 30,0x36ef62c,0x36ef62c,0x36ef62c,True
ecx=0x3614040 36 33,0x3704a14,0x3704a14,0x3704a14,True
ecx=0x3614040 37 35,0x371307c,0x371307c,0x371307c,True
ecx=0x3614040 38 36,0x371a4d4,0x371a4d4,0x371a4d4,True
ecx=0x3614040 37 37,0x372149c,0x372149c,0x372149c,True
ecx=0x3614040 36 40,0x3736884,0x3736884,0x3736884,True
ecx=0x3614040 37 42,0x3744eec,0x3744eec,0x3744eec,True
ecx=0x3614040 38 43,0x374c344,0x374c344,0x374c344,True
ecx=0x3614040 37 44,0x375330c,0x375330c,0x375330c,True
ecx=0x3614040 36 47,0x37686f4,0x37686f4,0x37686f4,True
ecx=0x3614040 37 49,0x3776d5c,0x3776d5c,0x3776d5c,True
ecx=0x3614040 39 0,0x3619cdc,0x3619cdc,0x3619cdc,True
ecx=0x3614040 38 1,0x3620ca4,0x3620ca4,0x3620ca4,True
ecx=0x3614040 37 4,0x363608c,0x363608c,0x363608c,True
ecx=0x3614040 38 6,0x36446f4,0x36446f4,0x36446f4,True
ecx=0x3614040 39 7,0x364bb4c,0x364bb4c,0x364bb4c,True
ecx=0x3614040 38 8,0x3652b14,0x3652b14,0x3652b14,True
ecx=0x3614040 37 11,0x3667efc,0x3667efc,0x3667efc,True
ecx=0x3614040 38 13,0x3676564,0x3676564,0x3676564,True
ecx=0x3614040 39 14,0x367d9bc,0x367d9bc,0x367d9bc,True
ecx=0x3614040 38 15,0x3684984,0x3684984,0x3684984,True
ecx=0x3614040 37 18,0x3699d6c,0x3699d6c,0x3699d6c,True
ecx=0x3614040 38 20,0x36a83d4,0x36a83d4,0x36a83d4,True
ecx=0x3614040 39 21,0x36af82c,0x36af82c,0x36af82c,True
ecx=0x3614040 38 22,0x36b67f4,0x36b67f4,0x36b67f4,True
ecx=0x3614040 37 25,0x36cbbdc,0x36cbbdc,0x36cbbdc,True
ecx=0x3614040 38 27,0x36da244,0x36da244,0x36da244,True
ecx=0x3614040 39 28,0x36e169c,0x36e169c,0x36e169c,True
ecx=0x3614040 38 29,0x36e8664,0x36e8664,0x36e8664,True
ecx=0x3614040 37 32,0x36fda4c,0x36fda4c,0x36fda4c,True
ecx=0x3614040 38 34,0x370c0b4,0x370c0b4,0x370c0b4,True
ecx=0x3614040 39 35,0x371350c,0x371350c,0x371350c,True
ecx=0x3614040 38 36,0x371a4d4,0x371a4d4,0x371a4d4,True
ecx=0x3614040 37 39,0x372f8bc,0x372f8bc,0x372f8bc,True
ecx=0x3614040 38 41,0x373df24,0x373df24,0x373df24,True
ecx=0x3614040 39 42,0x374537c,0x374537c,0x374537c,True
ecx=0x3614040 38 43,0x374c344,0x374c344,0x374c344,True
ecx=0x3614040 37 46,0x376172c,0x376172c,0x376172c,True
ecx=0x3614040 38 48,0x376fd94,0x376fd94,0x376fd94,True
ecx=0x3614040 39 49,0x37771ec,0x37771ec,0x37771ec,True
ecx=0x3614040 39 0,0x3619cdc,0x3619cdc,0x3619cdc,True
ecx=0x3614040 38 3,0x362f0c4,0x362f0c4,0x362f0c4,True
ecx=0x3614040 39 5,0x363d72c,0x363d72c,0x363d72c,True
ecx=0x3614040 40 6,0x3644b84,0x3644b84,0x3644b84,True
ecx=0x3614040 39 7,0x364bb4c,0x364bb4c,0x364bb4c,True
ecx=0x3614040 38 10,0x3660f34,0x3660f34,0x3660f34,True
ecx=0x3614040 39 12,0x366f59c,0x366f59c,0x366f59c,True
ecx=0x3614040 40 13,0x36769f4,0x36769f4,0x36769f4,True
ecx=0x3614040 39 14,0x367d9bc,0x367d9bc,0x367d9bc,True
ecx=0x3614040 38 17,0x3692da4,0x3692da4,0x3692da4,True
ecx=0x3614040 39 19,0x36a140c,0x36a140c,0x36a140c,True
ecx=0x3614040 40 20,0x36a8864,0x36a8864,0x36a8864,True
ecx=0x3614040 39 21,0x36af82c,0x36af82c,0x36af82c,True
ecx=0x3614040 38 24,0x36c4c14,0x36c4c14,0x36c4c14,True
ecx=0x3614040 39 26,0x36d327c,0x36d327c,0x36d327c,True
ecx=0x3614040 40 27,0x36da6d4,0x36da6d4,0x36da6d4,True
ecx=0x3614040 39 28,0x36e169c,0x36e169c,0x36e169c,True
ecx=0x3614040 38 31,0x36f6a84,0x36f6a84,0x36f6a84,True
ecx=0x3614040 39 33,0x37050ec,0x37050ec,0x37050ec,True
ecx=0x3614040 40 34,0x370c544,0x370c544,0x370c544,True
ecx=0x3614040 39 35,0x371350c,0x371350c,0x371350c,True
ecx=0x3614040 38 38,0x37288f4,0x37288f4,0x37288f4,True
ecx=0x3614040 39 40,0x3736f5c,0x3736f5c,0x3736f5c,True
ecx=0x3614040 40 41,0x373e3b4,0x373e3b4,0x373e3b4,True
ecx=0x3614040 39 42,0x374537c,0x374537c,0x374537c,True
ecx=0x3614040 38 45,0x375a764,0x375a764,0x375a764,True
ecx=0x3614040 39 47,0x3768dcc,0x3768dcc,0x3768dcc,True
ecx=0x3614040 40 48,0x3770224,0x3770224,0x3770224,True
ecx=0x3614040 40 -1,0x0,0x0,0x0,True
ecx=0x3614040 39 2,0x36280fc,0x36280fc,0x36280fc,True
ecx=0x3614040 40 4,0x3636764,0x3636764,0x3636764,True
ecx=0x3614040 41 5,0x363dbbc,0x363dbbc,0x363dbbc,True
ecx=0x3614040 40 6,0x3644b84,0x3644b84,0x3644b84,True
ecx=0x3614040 39 9,0x3659f6c,0x3659f6c,0x3659f6c,True
ecx=0x3614040 40 11,0x36685d4,0x36685d4,0x36685d4,True
ecx=0x3614040 41 12,0x366fa2c,0x366fa2c,0x366fa2c,True
ecx=0x3614040 40 13,0x36769f4,0x36769f4,0x36769f4,True
ecx=0x3614040 39 16,0x368bddc,0x368bddc,0x368bddc,True
ecx=0x3614040 40 18,0x369a444,0x369a444,0x369a444,True
ecx=0x3614040 41 19,0x36a189c,0x36a189c,0x36a189c,True
ecx=0x3614040 40 20,0x36a8864,0x36a8864,0x36a8864,True
ecx=0x3614040 39 23,0x36bdc4c,0x36bdc4c,0x36bdc4c,True
ecx=0x3614040 40 25,0x36cc2b4,0x36cc2b4,0x36cc2b4,True
ecx=0x3614040 41 26,0x36d370c,0x36d370c,0x36d370c,True
ecx=0x3614040 40 27,0x36da6d4,0x36da6d4,0x36da6d4,True
ecx=0x3614040 39 30,0x36efabc,0x36efabc,0x36efabc,True
ecx=0x3614040 40 32,0x36fe124,0x36fe124,0x36fe124,True
ecx=0x3614040 41 33,0x370557c,0x370557c,0x370557c,True
ecx=0x3614040 40 34,0x370c544,0x370c544,0x370c544,True
ecx=0x3614040 39 37,0x372192c,0x372192c,0x372192c,True
ecx=0x3614040 40 39,0x372ff94,0x372ff94,0x372ff94,True
ecx=0x3614040 41 40,0x37373ec,0x37373ec,0x37373ec,True
ecx=0x3614040 40 41,0x373e3b4,0x373e3b4,0x373e3b4,True
ecx=0x3614040 39 44,0x375379c,0x375379c,0x375379c,True
ecx=0x3614040 40 46,0x3761e04,0x3761e04,0x3761e04,True
ecx=0x3614040 41 47,0x376925c,0x376925c,0x376925c,True
ecx=0x3614040 40 48,0x3770224,0x3770224,0x3770224,True
ecx=0x3614040 40 1,0x3621134,0x3621134,0x3621134,True
ecx=0x3614040 41 3,0x362f79c,0x362f79c,0x362f79c,True
ecx=0x3614040 42 4,0x3636bf4,0x3636bf4,0x3636bf4,True
ecx=0x3614040 41 5,0x363dbbc,0x363dbbc,0x363dbbc,True
ecx=0x3614040 40 8,0x3652fa4,0x3652fa4,0x3652fa4,True
ecx=0x3614040 41 10,0x366160c,0x366160c,0x366160c,True
ecx=0x3614040 42 11,0x3668a64,0x3668a64,0x3668a64,True
ecx=0x3614040 41 12,0x366fa2c,0x366fa2c,0x366fa2c,True
ecx=0x3614040 40 15,0x3684e14,0x3684e14,0x3684e14,True
ecx=0x3614040 41 17,0x369347c,0x369347c,0x369347c,True
ecx=0x3614040 42 18,0x369a8d4,0x369a8d4,0x369a8d4,True
ecx=0x3614040 41 19,0x36a189c,0x36a189c,0x36a189c,True
ecx=0x3614040 40 22,0x36b6c84,0x36b6c84,0x36b6c84,True
ecx=0x3614040 41 24,0x36c52ec,0x36c52ec,0x36c52ec,True
ecx=0x3614040 42 25,0x36cc744,0x36cc744,0x36cc744,True
ecx=0x3614040 41 26,0x36d370c,0x36d370c,0x36d370c,True
ecx=0x3614040 40 29,0x36e8af4,0x36e8af4,0x36e8af4,True
ecx=0x3614040 41 31,0x36f715c,0x36f715c,0x36f715c,True
ecx=0x3614040 42 32,0x36fe5b4,0x36fe5b4,0x36fe5b4,True
ecx=0x3614040 41 33,0x370557c,0x370557c,0x370557c,True
ecx=0x3614040 40 36,0x371a964,0x371a964,0x371a964,True
ecx=0x3614040 41 38,0x3728fcc,0x3728fcc,0x3728fcc,True
ecx=0x3614040 42 39,0x3730424,0x3730424,0x3730424,True
ecx=0x3614040 41 40,0x37373ec,0x37373ec,0x37373ec,True
ecx=0x3614040 40 43,0x374c7d4,0x374c7d4,0x374c7d4,True
ecx=0x3614040 41 45,0x375ae3c,0x375ae3c,0x375ae3c,True
ecx=0x3614040 42 46,0x3762294,0x3762294,0x3762294,True
ecx=0x3614040 41 47,0x376925c,0x376925c,0x376925c,True
ecx=0x3614040 41 0,0x361a16c,0x361a16c,0x361a16c,True
ecx=0x3614040 42 2,0x36287d4,0x36287d4,0x36287d4,True
ecx=0x3614040 43 3,0x362fc2c,0x362fc2c,0x362fc2c,True
ecx=0x3614040 42 4,0x3636bf4,0x3636bf4,0x3636bf4,True
ecx=0x3614040 41 7,0x364bfdc,0x364bfdc,0x364bfdc,True
ecx=0x3614040 42 9,0x365a644,0x365a644,0x365a644,True
ecx=0x3614040 43 10,0x3661a9c,0x3661a9c,0x3661a9c,True
ecx=0x3614040 42 11,0x3668a64,0x3668a64,0x3668a64,True
ecx=0x3614040 41 14,0x367de4c,0x367de4c,0x367de4c,True
ecx=0x3614040 42 16,0x368c4b4,0x368c4b4,0x368c4b4,True
ecx=0x3614040 43 17,0x369390c,0x369390c,0x369390c,True
ecx=0x3614040 42 18,0x369a8d4,0x369a8d4,0x369a8d4,True
ecx=0x3614040 41 21,0x36afcbc,0x36afcbc,0x36afcbc,True
ecx=0x3614040 42 23,0x36be324,0x36be324,0x36be324,True
ecx=0x3614040 43 24,0x36c577c,0x36c577c,0x36c577c,True
ecx=0x3614040 42 25,0x36cc744,0x36cc744,0x36cc744,True
ecx=0x3614040 41 28,0x36e1b2c,0x36e1b2c,0x36e1b2c,True
ecx=0x3614040 42 30,0x36f0194,0x36f0194,0x36f0194,True
ecx=0x3614040 43 31,0x36f75ec,0x36f75ec,0x36f75ec,True
ecx=0x3614040 42 32,0x36fe5b4,0x36fe5b4,0x36fe5b4,True
ecx=0x3614040 41 35,0x371399c,0x371399c,0x371399c,True
ecx=0x3614040 42 37,0x3722004,0x3722004,0x3722004,True
ecx=0x3614040 43 38,0x372945c,0x372945c,0x372945c,True
ecx=0x3614040 42 39,0x3730424,0x3730424,0x3730424,True
ecx=0x3614040 41 42,0x374580c,0x374580c,0x374580c,True
ecx=0x3614040 42 44,0x3753e74,0x3753e74,0x3753e74,True
ecx=0x3614040 43 45,0x375b2cc,0x375b2cc,0x375b2cc,True
ecx=0x3614040 42 46,0x3762294,0x3762294,0x3762294,True
ecx=0x3614040 41 49,0x377767c,0x377767c,0x377767c,True
ecx=0x3614040 43 1,0x362180c,0x362180c,0x362180c,True
ecx=0x3614040 44 2,0x3628c64,0x3628c64,0x3628c64,True
ecx=0x3614040 43 3,0x362fc2c,0x362fc2c,0x362fc2c,True
ecx=0x3614040 42 6,0x3645014,0x3645014,0x3645014,True
ecx=0x3614040 43 8,0x365367c,0x365367c,0x365367c,True
ecx=0x3614040 44 9,0x365aad4,0x365aad4,0x365aad4,True
ecx=0x3614040 43 10,0x3661a9c,0x3661a9c,0x3661a9c,True
ecx=0x3614040 42 13,0x3676e84,0x3676e84,0x3676e84,True
ecx=0x3614040 43 15,0x36854ec,0x36854ec,0x36854ec,True
ecx=0x3614040 44 16,0x368c944,0x368c944,0x368c944,True
ecx=0x3614040 43 17,0x369390c,0x369390c,0x369390c,True
ecx=0x3614040 42 20,0x36a8cf4,0x36a8cf4,0x36a8cf4,True
ecx=0x3614040 43 22,0x36b735c,0x36b735c,0x36b735c,True
ecx=0x3614040 44 23,0x36be7b4,0x36be7b4,0x36be7b4,True
ecx=0x3614040 43 24,0x36c577c,0x36c577c,0x36c577c,True
ecx=0x3614040 42 27,0x36dab64,0x36dab64,0x36dab64,True
ecx=0x3614040 43 29,0x36e91cc,0x36e91cc,0x36e91cc,True
ecx=0x3614040 44 30,0x36f0624,0x36f0624,0x36f0624,True
ecx=0x3614040 43 31,0x36f75ec,0x36f75ec,0x36f75ec,True
ecx=0x3614040 42 34,0x370c9d4,0x370c9d4,0x370c9d4,True
ecx=0x3614040 43 36,0x371b03c,0x371b03c,0x371b03c,True
ecx=0x3614040 44 37,0x3722494,0x3722494,0x3722494,True
ecx=0x3614040 43 38,0x372945c,0x372945c,0x372945c,True
ecx=0x3614040 42 41,0x373e844,0x373e844,0x373e844,True
ecx=0x3614040 43 43,0x374ceac,0x374ceac,0x374ceac,True
ecx=0x3614040 44 44,0x3754304,0x3754304,0x3754304,True
ecx=0x3614040 43 45,0x375b2cc,0x375b2cc,0x375b2cc,True
ecx=0x3614040 42 48,0x37706b4,0x37706b4,0x37706b4,True
ecx=0x3614040 43 50,0x0,0x0,0x0,True
ecx=0x3614040 45 1,0x3621c9c,0x3621c9c,0x3621c9c,True
ecx=0x3614040 44 2,0x3628c64,0x3628c64,0x3628c64,True
ecx=0x3614040 43 5,0x363e04c,0x363e04c,0x363e04c,True
ecx=0x3614040 44 7,0x364c6b4,0x364c6b4,0x364c6b4,True
ecx=0x3614040 45 8,0x3653b0c,0x3653b0c,0x3653b0c,True
ecx=0x3614040 44 9,0x365aad4,0x365aad4,0x365aad4,True
ecx=0x3614040 43 12,0x366febc,0x366febc,0x366febc,True
ecx=0x3614040 44 14,0x367e524,0x367e524,0x367e524,True
ecx=0x3614040 45 15,0x368597c,0x368597c,0x368597c,True
ecx=0x3614040 44 16,0x368c944,0x368c944,0x368c944,True
ecx=0x3614040 43 19,0x36a1d2c,0x36a1d2c,0x36a1d2c,True
ecx=0x3614040 44 21,0x36b0394,0x36b0394,0x36b0394,True
ecx=0x3614040 45 22,0x36b77ec,0x36b77ec,0x36b77ec,True
ecx=0x3614040 44 23,0x36be7b4,0x36be7b4,0x36be7b4,True
ecx=0x3614040 43 26,0x36d3b9c,0x36d3b9c,0x36d3b9c,True
ecx=0x3614040 44 28,0x36e2204,0x36e2204,0x36e2204,True
ecx=0x3614040 45 29,0x36e965c,0x36e965c,0x36e965c,True
ecx=0x3614040 44 30,0x36f0624,0x36f0624,0x36f0624,True
ecx=0x3614040 43 33,0x3705a0c,0x3705a0c,0x3705a0c,True
ecx=0x3614040 44 35,0x3714074,0x3714074,0x3714074,True
ecx=0x3614040 45 36,0x371b4cc,0x371b4cc,0x371b4cc,True
ecx=0x3614040 44 37,0x3722494,0x3722494,0x3722494,True
ecx=0x3614040 43 40,0x373787c,0x373787c,0x373787c,True
ecx=0x3614040 44 42,0x3745ee4,0x3745ee4,0x3745ee4,True
ecx=0x3614040 45 43,0x374d33c,0x374d33c,0x374d33c,True
ecx=0x3614040 44 44,0x3754304,0x3754304,0x3754304,True
ecx=0x3614040 43 47,0x37696ec,0x37696ec,0x37696ec,True
ecx=0x3614040 44 49,0x3777d54,0x3777d54,0x3777d54,True
ecx=0x3614040 46 0,0x361acd4,0x361acd4,0x361acd4,True
ecx=0x3614040 45 1,0x3621c9c,0x3621c9c,0x3621c9c,True
ecx=0x3614040 44 4,0x3637084,0x3637084,0x3637084,True
ecx=0x3614040 45 6,0x36456ec,0x36456ec,0x36456ec,True
ecx=0x3614040 46 7,0x364cb44,0x364cb44,0x364cb44,True
ecx=0x3614040 45 8,0x3653b0c,0x3653b0c,0x3653b0c,True
ecx=0x3614040 44 11,0x3668ef4,0x3668ef4,0x3668ef4,True
ecx=0x3614040 45 13,0x367755c,0x367755c,0x367755c,True
ecx=0x3614040 46 14,0x367e9b4,0x367e9b4,0x367e9b4,True
ecx=0x3614040 45 15,0x368597c,0x368597c,0x368597c,True
ecx=0x3614040 44 18,0x369ad64,0x369ad64,0x369ad64,True
ecx=0x3614040 45 20,0x36a93cc,0x36a93cc,0x36a93cc,True
ecx=0x3614040 46 21,0x36b0824,0x36b0824,0x36b0824,True
ecx=0x3614040 45 22,0x36b77ec,0x36b77ec,0x36b77ec,True
ecx=0x3614040 44 25,0x36ccbd4,0x36ccbd4,0x36ccbd4,True
ecx=0x3614040 45 27,0x36db23c,0x36db23c,0x36db23c,True
ecx=0x3614040 46 28,0x36e2694,0x36e2694,0x36e2694,True
ecx=0x3614040 45 29,0x36e965c,0x36e965c,0x36e965c,True
ecx=0x3614040 44 32,0x36fea44,0x36fea44,0x36fea44,True
ecx=0x3614040 45 34,0x370d0ac,0x370d0ac,0x370d0ac,True
ecx=0x3614040 46 35,0x3714504,0x3714504,0x3714504,True
ecx=0x3614040 45 36,0x371b4cc,0x371b4cc,0x371b4cc,True
ecx=0x3614040 44 39,0x37308b4,0x37308b4,0x37308b4,True
ecx=0x3614040 45 41,0x373ef1c,0x373ef1c,0x373ef1c,True
ecx=0x3614040 46 42,0x3746374,0x3746374,0x3746374,True
ecx=0x3614040 45 43,0x374d33c,0x374d33c,0x374d33c,True
ecx=0x3614040 44 46,0x3762724,0x3762724,0x3762724,True
ecx=0x3614040 45 48,0x3770d8c,0x3770d8c,0x3770d8c,True
ecx=0x3614040 46 49,0x37781e4,0x37781e4,0x37781e4,True
ecx=0x3614040 46 0,0x361acd4,0x361acd4,0x361acd4,True
ecx=0x3614040 45 3,0x36300bc,0x36300bc,0x36300bc,True
ecx=0x3614040 46 5,0x363e724,0x363e724,0x363e724,True
ecx=0x3614040 47 6,0x3645b7c,0x3645b7c,0x3645b7c,True
ecx=0x3614040 46 7,0x364cb44,0x364cb44,0x364cb44,True
ecx=0x3614040 45 10,0x3661f2c,0x3661f2c,0x3661f2c,True
ecx=0x3614040 46 12,0x3670594,0x3670594,0x3670594,True
ecx=0x3614040 47 13,0x36779ec,0x36779ec,0x36779ec,True
ecx=0x3614040 46 14,0x367e9b4,0x367e9b4,0x367e9b4,True
ecx=0x3614040 45 17,0x3693d9c,0x3693d9c,0x3693d9c,True
ecx=0x3614040 46 19,0x36a2404,0x36a2404,0x36a2404,True
ecx=0x3614040 47 20,0x36a985c,0x36a985c,0x36a985c,True
ecx=0x3614040 46 21,0x36b0824,0x36b0824,0x36b0824,True
ecx=0x3614040 45 24,0x36c5c0c,0x36c5c0c,0x36c5c0c,True
ecx=0x3614040 46 26,0x36d4274,0x36d4274,0x36d4274,True
ecx=0x3614040 47 27,0x36db6cc,0x36db6cc,0x36db6cc,True
ecx=0x3614040 46 28,0x36e2694,0x36e2694,0x36e2694,True
ecx=0x3614040 45 31,0x36f7a7c,0x36f7a7c,0x36f7a7c,True
ecx=0x3614040 46 33,0x37060e4,0x37060e4,0x37060e4,True
ecx=0x3614040 47 34,0x370d53c,0x370d53c,0x370d53c,True
ecx=0x3614040 46 35,0x3714504,0x3714504,0x3714504,True
ecx=0x3614040 45 38,0x37298ec,0x37298ec,0x37298ec,True
ecx=0x3614040 46 40,0x3737f54,0x3737f54,0x3737f54,True
ecx=0x3614040 47 41,0x373f3ac,0x373f3ac,0x373f3ac,True
ecx=0x3614040 46 42,0x3746374,0x3746374,0x3746374,True
ecx=0x3614040 45 45,0x375b75c,0x375b75c,0x375b75c,True
ecx=0x3614040 46 47,0x3769dc4,0x3769dc4,0x3769dc4,True
ecx=0x3614040 47 48,0x377121c,0x377121c,0x377121c,True
ecx=0x3614040 47 -1,0x0,0x0,0x0,True
ecx=0x3614040 46 2,0x36290f4,0x36290f4,0x36290f4,True
ecx=0x3614040 47 4,0x363775c,0x363775c,0x363775c,True
ecx=0x3614040 48 5,0x363ebb4,0x363ebb4,0x363ebb4,True
ecx=0x3614040 47 6,0x3645b7c,0x3645b7c,0x3645b7c,True
ecx=0x3614040 46 9,0x365af64,0x365af64,0x365af64,True
ecx=0x3614040 47 11,0x36695cc,0x36695cc,0x36695cc,True
ecx=0x3614040 48 12,0x3670a24,0x3670a24,0x3670a24,True
ecx=0x3614040 47 13,0x36779ec,0x36779ec,0x36779ec,True
ecx=0x3614040 46 16,0x368cdd4,0x368cdd4,0x368cdd4,True
ecx=0x3614040 47 18,0x369b43c,0x369b43c,0x369b43c,True
ecx=0x3614040 48 19,0x36a2894,0x36a2894,0x36a2894,True
ecx=0x3614040 47 20,0x36a985c,0x36a985c,0x36a985c,True
ecx=0x3614040 46 23,0x36bec44,0x36bec44,0x36bec44,True
ecx=0x3614040 47 25,0x36cd2ac,0x36cd2ac,0x36cd2ac,True
ecx=0x3614040 48 26,0x36d4704,0x36d4704,0x36d4704,True
ecx=0x3614040 47 27,0x36db6cc,0x36db6cc,0x36db6cc,True
ecx=0x3614040 46 30,0x36f0ab4,0x36f0ab4,0x36f0ab4,True
ecx=0x3614040 47 32,0x36ff11c,0x36ff11c,0x36ff11c,True
ecx=0x3614040 48 33,0x3706574,0x3706574,0x3706574,True
ecx=0x3614040 47 34,0x370d53c,0x370d53c,0x370d53c,True
ecx=0x3614040 46 37,0x3722924,0x3722924,0x3722924,True
ecx=0x3614040 47 39,0x3730f8c,0x3730f8c,0x3730f8c,True
ecx=0x3614040 48 40,0x37383e4,0x37383e4,0x37383e4,True
ecx=0x3614040 47 41,0x373f3ac,0x373f3ac,0x373f3ac,True
ecx=0x3614040 46 44,0x3754794,0x3754794,0x3754794,True
ecx=0x3614040 47 46,0x3762dfc,0x3762dfc,0x3762dfc,True
ecx=0x3614040 48 47,0x376a254,0x376a254,0x376a254,True
ecx=0x3614040 47 48,0x377121c,0x377121c,0x377121c,True
ecx=0x3614040 47 1,0x362212c,0x362212c,0x362212c,True
ecx=0x3614040 48 3,0x3630794,0x3630794,0x3630794,True
ecx=0x3614040 49 4,0x3637bec,0x3637bec,0x3637bec,True
ecx=0x3614040 48 5,0x363ebb4,0x363ebb4,0x363ebb4,True
ecx=0x3614040 47 8,0x3653f9c,0x3653f9c,0x3653f9c,True
ecx=0x3614040 48 10,0x3662604,0x3662604,0x3662604,True
ecx=0x3614040 49 11,0x3669a5c,0x3669a5c,0x3669a5c,True
ecx=0x3614040 48 12,0x3670a24,0x3670a24,0x3670a24,True
ecx=0x3614040 47 15,0x3685e0c,0x3685e0c,0x3685e0c,True
ecx=0x3614040 48 17,0x3694474,0x3694474,0x3694474,True
ecx=0x3614040 49 18,0x369b8cc,0x369b8cc,0x369b8cc,True
ecx=0x3614040 48 19,0x36a2894,0x36a2894,0x36a2894,True
ecx=0x3614040 47 22,0x36b7c7c,0x36b7c7c,0x36b7c7c,True
ecx=0x3614040 48 24,0x36c62e4,0x36c62e4,0x36c62e4,True
ecx=0x3614040 49 25,0x36cd73c,0x36cd73c,0x36cd73c,True
ecx=0x3614040 48 26,0x36d4704,0x36d4704,0x36d4704,True
ecx=0x3614040 47 29,0x36e9aec,0x36e9aec,0x36e9aec,True
ecx=0x3614040 48 31,0x36f8154,0x36f8154,0x36f8154,True
ecx=0x3614040 49 32,0x36ff5ac,0x36ff5ac,0x36ff5ac,True
ecx=0x3614040 48 33,0x3706574,0x3706574,0x3706574,True
ecx=0x3614040 47 36,0x371b95c,0x371b95c,0x371b95c,True
ecx=0x3614040 48 38,0x3729fc4,0x3729fc4,0x3729fc4,True
ecx=0x3614040 49 39,0x373141c,0x373141c,0x373141c,True
ecx=0x3614040 48 40,0x37383e4,0x37383e4,0x37383e4,True
ecx=0x3614040 47 43,0x374d7cc,0x374d7cc,0x374d7cc,True
ecx=0x3614040 48 45,0x375be34,0x375be34,0x375be34,True
ecx=0x3614040 49 46,0x376328c,0x376328c,0x376328c,True
ecx=0x3614040 48 47,0x376a254,0x376a254,0x376a254,True
ecx=0x3614040 48 0,0x361b164,0x361b164,0x361b164,True
ecx=0x3614040 49 2,0x36297cc,0x36297cc,0x36297cc,True
ecx=0x3614040 50 3,0x0,0x0,0x0,True
ecx=0x3614040 49 4,0x3637bec,0x3637bec,0x3637bec,True
ecx=0x3614040 48 7,0x364cfd4,0x364cfd4,0x364cfd4,True
ecx=0x3614040 49 9,0x365b63c,0x365b63c,0x365b63c,True
ecx=0x3614040 50 10,0x0,0x0,0x0,True
ecx=0x3614040 49 11,0x3669a5c,0x3669a5c,0x3669a5c,True
ecx=0x3614040 48 14,0x367ee44,0x367ee44,0x367ee44,True
ecx=0x3614040 49 16,0x368d4ac,0x368d4ac,0x368d4ac,True
ecx=0x3614040 50 17,0x0,0x0,0x0,True
ecx=0x3614040 49 18,0x369b8cc,0x369b8cc,0x369b8cc,True
ecx=0x3614040 48 21,0x36b0cb4,0x36b0cb4,0x36b0cb4,True
ecx=0x3614040 49 23,0x36bf31c,0x36bf31c,0x36bf31c,True
ecx=0x3614040 50 24,0x0,0x0,0x0,True
ecx=0x3614040 49 25,0x36cd73c,0x36cd73c,0x36cd73c,True
ecx=0x3614040 48 28,0x36e2b24,0x36e2b24,0x36e2b24,True
ecx=0x3614040 49 30,0x36f118c,0x36f118c,0x36f118c,True
ecx=0x3614040 50 31,0x0,0x0,0x0,True
ecx=0x3614040 49 32,0x36ff5ac,0x36ff5ac,0x36ff5ac,True
ecx=0x3614040 48 35,0x3714994,0x3714994,0x3714994,True
ecx=0x3614040 49 37,0x3722ffc,0x3722ffc,0x3722ffc,True
ecx=0x3614040 50 38,0x0,0x0,0x0,True
ecx=0x3614040 49 39,0x373141c,0x373141c,0x373141c,True
ecx=0x3614040 48 42,0x3746804,0x3746804,0x3746804,True
ecx=0x3614040 49 44,0x3754e6c,0x3754e6c,0x3754e6c,True
ecx=0x3614040 50 45,0x0,0x0,0x0,True
ecx=0x3614040 49 46,0x376328c,0x376328c,0x376328c,True
ecx=0x3614040 48 49,0x3778674,0x3778674,0x3778674,True
ecx=0x3614040 46 0,0x361acd4,0x361acd4,0x361acd4,True
ecx=0x3614040 39 0,0x3619cdc,0x3619cdc,0x3619cdc,True
ecx=0x3614040 32 0,0x3618ce4,0x3618ce4,0x3618ce4,True
ecx=0x3614040 25 0,0x3617cec,0x3617cec,0x3617cec,True
ecx=0x3614040 18 0,0x3616cf4,0x3616cf4,0x3616cf4,True
ecx=0x3614040 44 1,0x3621a54,0x3621a54,0x3621a54,True
ecx=0x3614040 37 1,0x3620a5c,0x3620a5c,0x3620a5c,True
ecx=0x3614040 30 1,0x361fa64,0x361fa64,0x361fa64,True
ecx=0x3614040 23 1,0x361ea6c,0x361ea6c,0x361ea6c,True
ecx=0x3614040 49 2,0x36297cc,0x36297cc,0x36297cc,True
ecx=0x3614040 42 2,0x36287d4,0x36287d4,0x36287d4,True
ecx=0x3614040 35 2,0x36277dc,0x36277dc,0x36277dc,True
ecx=0x3614040 28 2,0x36267e4,0x36267e4,0x36267e4,True
ecx=0x3614040 21 2,0x36257ec,0x36257ec,0x36257ec,True
ecx=0x3614040 47 3,0x363054c,0x363054c,0x363054c,True
ecx=0x3614040 40 3,0x362f554,0x362f554,0x362f554,True
ecx=0x3614040 33 3,0x362e55c,0x362e55c,0x362e55c,True
ecx=0x3614040 26 3,0x362d564,0x362d564,0x362d564,True
ecx=0x3614040 19 3,0x362c56c,0x362c56c,0x362c56c,True
ecx=0x3614040 45 4,0x36372cc,0x36372cc,0x36372cc,True
ecx=0x3614040 38 4,0x36362d4,0x36362d4,0x36362d4,True
ecx=0x3614040 31 4,0x36352dc,0x36352dc,0x36352dc,True
ecx=0x3614040 24 4,0x36342e4,0x36342e4,0x36342e4,True
ecx=0x3614040 17 4,0x36332ec,0x36332ec,0x36332ec,True
ecx=0x3614040 43 5,0x363e04c,0x363e04c,0x363e04c,True
ecx=0x3614040 36 5,0x363d054,0x363d054,0x363d054,True
ecx=0x3614040 29 5,0x363c05c,0x363c05c,0x363c05c,True
ecx=0x3614040 22 5,0x363b064,0x363b064,0x363b064,True
ecx=0x3614040 48 6,0x3645dc4,0x3645dc4,0x3645dc4,True
ecx=0x3614040 41 6,0x3644dcc,0x3644dcc,0x3644dcc,True
ecx=0x3614040 34 6,0x3643dd4,0x3643dd4,0x3643dd4,True
ecx=0x3614040 27 6,0x3642ddc,0x3642ddc,0x3642ddc,True
ecx=0x3614040 20 6,0x3641de4,0x3641de4,0x3641de4,True
ecx=0x3614040 46 7,0x364cb44,0x364cb44,0x364cb44,True
ecx=0x3614040 39 7,0x364bb4c,0x364bb4c,0x364bb4c,True
ecx=0x3614040 32 7,0x364ab54,0x364ab54,0x364ab54,True
ecx=0x3614040 25 7,0x3649b5c,0x3649b5c,0x3649b5c,True
ecx=0x3614040 18 7,0x3648b64,0x3648b64,0x3648b64,True
ecx=0x3614040 44 8,0x36538c4,0x36538c4,0x36538c4,True
ecx=0x3614040 37 8,0x36528cc,0x36528cc,0x36528cc,True
ecx=0x3614040 30 8,0x36518d4,0x36518d4,0x36518d4,True
ecx=0x3614040 23 8,0x36508dc,0x36508dc,0x36508dc,True
ecx=0x3614040 49 9,0x365b63c,0x365b63c,0x365b63c,True
ecx=0x3614040 42 9,0x365a644,0x365a644,0x365a644,True
ecx=0x3614040 35 9,0x365964c,0x365964c,0x365964c,True
ecx=0x3614040 28 9,0x3658654,0x3658654,0x3658654,True
ecx=0x3614040 21 9,0x365765c,0x365765c,0x365765c,True
ecx=0x3614040 47 10,0x36623bc,0x36623bc,0x36623bc,True
ecx=0x3614040 40 10,0x36613c4,0x36613c4,0x36613c4,True
ecx=0x3614040 33 10,0x36603cc,0x36603cc,0x36603cc,True
ecx=0x3614040 26 10,0x365f3d4,0x365f3d4,0x365f3d4,True
ecx=0x3614040 19 10,0x365e3dc,0x365e3dc,0x365e3dc,True
ecx=0x3614040 45 11,0x366913c,0x366913c,0x366913c,True
ecx=0x3614040 38 11,0x3668144,0x3668144,0x3668144,True
ecx=0x3614040 31 11,0x366714c,0x366714c,0x366714c,True
ecx=0x3614040 24 11,0x3666154,0x3666154,0x3666154,True
ecx=0x3614040 17 11,0x366515c,0x366515c,0x366515c,True
ecx=0x3614040 43 12,0x366febc,0x366febc,0x366febc,True
ecx=0x3614040 36 12,0x366eec4,0x366eec4,0x366eec4,True
ecx=0x3614040 29 12,0x366decc,0x366decc,0x366decc,True
ecx=0x3614040 22 12,0x366ced4,0x366ced4,0x366ced4,True
ecx=0x3614040 48 13,0x3677c34,0x3677c34,0x3677c34,True
ecx=0x3614040 41 13,0x3676c3c,0x3676c3c,0x3676c3c,True
ecx=0x3614040 34 13,0x3675c44,0x3675c44,0x3675c44,True
ecx=0x3614040 27 13,0x3674c4c,0x3674c4c,0x3674c4c,True
ecx=0x3614040 20 13,0x3673c54,0x3673c54,0x3673c54,True
ecx=0x3614040 46 14,0x367e9b4,0x367e9b4,0x367e9b4,True
ecx=0x3614040 39 14,0x367d9bc,0x367d9bc,0x367d9bc,True
ecx=0x3614040 32 14,0x367c9c4,0x367c9c4,0x367c9c4,True
ecx=0x3614040 25 14,0x367b9cc,0x367b9cc,0x367b9cc,True
ecx=0x3614040 18 14,0x367a9d4,0x367a9d4,0x367a9d4,True
ecx=0x3614040 44 15,0x3685734,0x3685734,0x3685734,True
ecx=0x3614040 37 15,0x368473c,0x368473c,0x368473c,True
ecx=0x3614040 30 15,0x3683744,0x3683744,0x3683744,True
ecx=0x3614040 23 15,0x368274c,0x368274c,0x368274c,True
ecx=0x3614040 49 16,0x368d4ac,0x368d4ac,0x368d4ac,True
ecx=0x3614040 42 16,0x368c4b4,0x368c4b4,0x368c4b4,True
ecx=0x3614040 35 16,0x368b4bc,0x368b4bc,0x368b4bc,True
ecx=0x3614040 28 16,0x368a4c4,0x368a4c4,0x368a4c4,True
ecx=0x3614040 21 16,0x36894cc,0x36894cc,0x36894cc,True
ecx=0x3614040 47 17,0x369422c,0x369422c,0x369422c,True
ecx=0x3614040 40 17,0x3693234,0x3693234,0x3693234,True
ecx=0x3614040 33 17,0x369223c,0x369223c,0x369223c,True
ecx=0x3614040 26 17,0x3691244,0x3691244,0x3691244,True
ecx=0x3614040 19 17,0x369024c,0x369024c,0x369024c,True
ecx=0x3614040 45 18,0x369afac,0x369afac,0x369afac,True
ecx=0x3614040 38 18,0x3699fb4,0x3699fb4,0x3699fb4,True
ecx=0x3614040 31 18,0x3698fbc,0x3698fbc,0x3698fbc,True
ecx=0x3614040 24 18,0x3697fc4,0x3697fc4,0x3697fc4,True
ecx=0x3614040 17 18,0x3696fcc,0x3696fcc,0x3696fcc,True
ecx=0x3614040 43 19,0x36a1d2c,0x36a1d2c,0x36a1d2c,True
ecx=0x3614040 36 19,0x36a0d34,0x36a0d34,0x36a0d34,True
ecx=0x3614040 29 19,0x369fd3c,0x369fd3c,0x369fd3c,True
ecx=0x3614040 22 19,0x369ed44,0x369ed44,0x369ed44,True
ecx=0x3614040 48 20,0x36a9aa4,0x36a9aa4,0x36a9aa4,True
ecx=0x3614040 41 20,0x36a8aac,0x36a8aac,0x36a8aac,True
ecx=0x3614040 34 20,0x36a7ab4,0x36a7ab4,0x36a7ab4,True
ecx=0x3614040 27 20,0x36a6abc,0x36a6abc,0x36a6abc,True
ecx=0x3614040 20 20,0x36a5ac4,0x36a5ac4,0x36a5ac4,True
ecx=0x3614040 46 21,0x36b0824,0x36b0824,0x36b0824,True
ecx=0x3614040 39 21,0x36af82c,0x36af82c,0x36af82c,True
ecx=0x3614040 32 21,0x36ae834,0x36ae834,0x36ae834,True
ecx=0x3614040 25 21,0x36ad83c,0x36ad83c,0x36ad83c,True
ecx=0x3614040 18 21,0x36ac844,0x36ac844,0x36ac844,True
ecx=0x3614040 44 22,0x36b75a4,0x36b75a4,0x36b75a4,True
ecx=0x3614040 37 22,0x36b65ac,0x36b65ac,0x36b65ac,True
ecx=0x3614040 30 22,0x36b55b4,0x36b55b4,0x36b55b4,True
ecx=0x3614040 23 22,0x36b45bc,0x36b45bc,0x36b45bc,True
ecx=0x3614040 49 23,0x36bf31c,0x36bf31c,0x36bf31c,True
ecx=0x3614040 42 23,0x36be324,0x36be324,0x36be324,True
ecx=0x3614040 35 23,0x36bd32c,0x36bd32c,0x36bd32c,True
ecx=0x3614040 28 23,0x36bc334,0x36bc334,0x36bc334,True
ecx=0x3614040 21 23,0x36bb33c,0x36bb33c,0x36bb33c,True
ecx=0x3614040 47 24,0x36c609c,0x36c609c,0x36c609c,True
ecx=0x3614040 40 24,0x36c50a4,0x36c50a4,0x36c50a4,True
ecx=0x3614040 33 24,0x36c40ac,0x36c40ac,0x36c40ac,True
ecx=0x3614040 26 24,0x36c30b4,0x36c30b4,0x36c30b4,True
ecx=0x3614040 19 24,0x36c20bc,0x36c20bc,0x36c20bc,True
ecx=0x3614040 45 25,0x36cce1c,0x36cce1c,0x36cce1c,True
ecx=0x3614040 38 25,0x36cbe24,0x36cbe24,0x36cbe24,True
ecx=0x3614040 31 25,0x36cae2c,0x36cae2c,0x36cae2c,True
ecx=0x3614040 24 25,0x36c9e34,0x36c9e34,0x36c9e34,True
ecx=0x3614040 17 25,0x36c8e3c,0x36c8e3c,0x36c8e3c,True
ecx=0x3614040 43 26,0x36d3b9c,0x36d3b9c,0x36d3b9c,True
ecx=0x3614040 36 26,0x36d2ba4,0x36d2ba4,0x36d2ba4,True
ecx=0x3614040 29 26,0x36d1bac,0x36d1bac,0x36d1bac,True
ecx=0x3614040 22 26,0x36d0bb4,0x36d0bb4,0x36d0bb4,True
ecx=0x3614040 48 27,0x36db914,0x36db914,0x36db914,True
ecx=0x3614040 41 27,0x36da91c,0x36da91c,0x36da91c,True
ecx=0x3614040 34 27,0x36d9924,0x36d9924,0x36d9924,True
ecx=0x3614040 27 27,0x36d892c,0x36d892c,0x36d892c,True
ecx=0x3614040 20 27,0x36d7934,0x36d7934,0x36d7934,True
ecx=0x3614040 46 28,0x36e2694,0x36e2694,0x36e2694,True
ecx=0x3614040 39 28,0x36e169c,0x36e169c,0x36e169c,True
ecx=0x3614040 32 28,0x36e06a4,0x36e06a4,0x36e06a4,True
ecx=0x3614040 25 28,0x36df6ac,0x36df6ac,0x36df6ac,True
ecx=0x3614040 18 28,0x36de6b4,0x36de6b4,0x36de6b4,True
ecx=0x3614040 0 0,0x36143e4,0x36143e4,0x36143e4,True
ecx=0x3614040 -1 3,0x0,0x0,0x0,True
ecx=0x3614040 0 5,0x3637e34,0x3637e34,0x3637e34,True
ecx=0x3614040 1 6,0x363f28c,0x363f28c,0x363f28c,True
ecx=0x3614040 0 7,0x3646254,0x3646254,0x3646254,True
ecx=0x3614040 -1 10,0x0,0x0,0x0,True
ecx=0x3614040 0 12,0x3669ca4,0x3669ca4,0x3669ca4,True
ecx=0x3614040 1 13,0x36710fc,0x36710fc,0x36710fc,True
ecx=0x3614040 0 14,0x36780c4,0x36780c4,0x36780c4,True
ecx=0x3614040 -1 17,0x0,0x0,0x0,True
ecx=0x3614040 0 19,0x369bb14,0x369bb14,0x369bb14,True
ecx=0x3614040 1 20,0x36a2f6c,0x36a2f6c,0x36a2f6c,True
ecx=0x3614040 0 21,0x36a9f34,0x36a9f34,0x36a9f34,True
ecx=0x3614040 -1 24,0x0,0x0,0x0,True
ecx=0x3614040 0 26,0x36cd984,0x36cd984,0x36cd984,True
ecx=0x3614040 1 27,0x36d4ddc,0x36d4ddc,0x36d4ddc,True
ecx=0x3614040 0 28,0x36dbda4,0x36dbda4,0x36dbda4,True
ecx=0x3614040 -1 31,0x0,0x0,0x0,True
ecx=0x3614040 0 33,0x36ff7f4,0x36ff7f4,0x36ff7f4,True
ecx=0x3614040 1 34,0x3706c4c,0x3706c4c,0x3706c4c,True
ecx=0x3614040 0 35,0x370dc14,0x370dc14,0x370dc14,True
ecx=0x3614040 -1 38,0x0,0x0,0x0,True
ecx=0x3614040 0 40,0x3731664,0x3731664,0x3731664,True
ecx=0x3614040 1 41,0x3738abc,0x3738abc,0x3738abc,True
ecx=0x3614040 0 42,0x373fa84,0x373fa84,0x373fa84,True
ecx=0x3614040 -1 45,0x0,0x0,0x0,True
ecx=0x3614040 0 47,0x37634d4,0x37634d4,0x37634d4,True
ecx=0x3614040 1 48,0x376a92c,0x376a92c,0x376a92c,True
ecx=0x3614040 1 -1,0x0,0x0,0x0,True
ecx=0x3614040 0 2,0x3622804,0x3622804,0x3622804,True
ecx=0x3614040 1 4,0x3630e6c,0x3630e6c,0x3630e6c,True
ecx=0x3614040 2 5,0x36382c4,0x36382c4,0x36382c4,True
ecx=0x3614040 1 6,0x363f28c,0x363f28c,0x363f28c,True
ecx=0x3614040 0 9,0x3654674,0x3654674,0x3654674,True
ecx=0x3614040 1 11,0x3662cdc,0x3662cdc,0x3662cdc,True
ecx=0x3614040 2 12,0x366a134,0x366a134,0x366a134,True
ecx=0x3614040 1 13,0x36710fc,0x36710fc,0x36710fc,True
ecx=0x3614040 0 16,0x36864e4,0x36864e4,0x36864e4,True
ecx=0x3614040 1 18,0x3694b4c,0x3694b4c,0x3694b4c,True
ecx=0x3614040 2 19,0x369bfa4,0x369bfa4,0x369bfa4,True
ecx=0x3614040 1 20,0x36a2f6c,0x36a2f6c,0x36a2f6c,True
ecx=0x3614040 0 23,0x36b8354,0x36b8354,0x36b8354,True
ecx=0x3614040 1 25,0x36c69bc,0x36c69bc,0x36c69bc,True
ecx=0x3614040 2 26,0x36cde14,0x36cde14,0x36cde14,True
ecx=0x3614040 1 27,0x36d4ddc,0x36d4ddc,0x36d4ddc,True
ecx=0x3614040 0 30,0x36ea1c4,0x36ea1c4,0x36ea1c4,True
ecx=0x3614040 1 32,0x36f882c,0x36f882c,0x36f882c,True
ecx=0x3614040 2 33,0x36ffc84,0x36ffc84,0x36ffc84,True
ecx=0x3614040 1 34,0x3706c4c,0x3706c4c,0x3706c4c,True
ecx=0x3614040 0 37,0x371c034,0x371c034,0x371c034,True
ecx=0x3614040 1 39,0x372a69c,0x372a69c,0x372a69c,True
ecx=0x3614040 2 40,0x3731af4,0x3731af4,0x3731af4,True
ecx=0x3614040 1 41,0x3738abc,0x3738abc,0x3738abc,True
ecx=0x3614040 0 44,0x374dea4,0x374dea4,0x374dea4,True
ecx=0x3614040 1 46,0x375c50c,0x375c50c,0x375c50c,True
ecx=0x3614040 2 47,0x3763964,0x3763964,0x3763964,True
ecx=0x3614040 1 48,0x376a92c,0x376a92c,0x376a92c,True
ecx=0x3614040 1 1,0x361b83c,0x361b83c,0x361b83c,True
ecx=0x3614040 2 3,0x3629ea4,0x3629ea4,0x3629ea4,True
ecx=0x3614040 3 4,0x36312fc,0x36312fc,0x36312fc,True
ecx=0x3614040 2 5,0x36382c4,0x36382c4,0x36382c4,True
ecx=0x3614040 1 8,0x364d6ac,0x364d6ac,0x364d6ac,True
ecx=0x3614040 2 10,0x365bd14,0x365bd14,0x365bd14,True
ecx=0x3614040 3 11,0x366316c,0x366316c,0x366316c,True
ecx=0x3614040 2 12,0x366a134,0x366a134,0x366a134,True
ecx=0x3614040 1 15,0x367f51c,0x367f51c,0x367f51c,True
ecx=0x3614040 2 17,0x368db84,0x368db84,0x368db84,True
ecx=0x3614040 3 18,0x3694fdc,0x3694fdc,0x3694fdc,True
ecx=0x3614040 2 19,0x369bfa4,0x369bfa4,0x369bfa4,True
ecx=0x3614040 1 22,0x36b138c,0x36b138c,0x36b138c,True
ecx=0x3614040 2 24,0x36bf9f4,0x36bf9f4,0x36bf9f4,True
ecx=0x3614040 3 25,0x36c6e4c,0x36c6e4c,0x36c6e4c,True
ecx=0x3614040 2 26,0x36cde14,0x36cde14,0x36cde14,True
ecx=0x3614040 1 29,0x36e31fc,0x36e31fc,0x36e31fc,True
ecx=0x3614040 2 31,0x36f1864,0x36f1864,0x36f1864,True
ecx=0x3614040 3 32,0x36f8cbc,0x36f8cbc,0x36f8cbc,True
ecx=0x3614040 2 33,0x36ffc84,0x36ffc84,0x36ffc84,True
ecx=0x3614040 1 36,0x371506c,0x371506c,0x371506c,True
ecx=0x3614040 2 38,0x37236d4,0x37236d4,0x37236d4,True
ecx=0x3614040 3 39,0x372ab2c,0x372ab2c,0x372ab2c,True
ecx=0x3614040 2 40,0x3731af4,0x3731af4,0x3731af4,True
ecx=0x3614040 1 43,0x3746edc,0x3746edc,0x3746edc,True
ecx=0x3614040 2 45,0x3755544,0x3755544,0x3755544,True
ecx=0x3614040 3 46,0x375c99c,0x375c99c,0x375c99c,True
ecx=0x3614040 2 47,0x3763964,0x3763964,0x3763964,True
ecx=0x3614040 2 0,0x3614874,0x3614874,0x3614874,True
ecx=0x3614040 3 2,0x3622edc,0x3622edc,0x3622edc,True
ecx=0x3614040 4 3,0x362a334,0x362a334,0x362a334,True
ecx=0x3614040 3 4,0x36312fc,0x36312fc,0x36312fc,True
ecx=0x3614040 2 7,0x36466e4,0x36466e4,0x36466e4,True
ecx=0x3614040 3 9,0x3654d4c,0x3654d4c,0x3654d4c,True
ecx=0x3614040 4 10,0x365c1a4,0x365c1a4,0x365c1a4,True
ecx=0x3614040 3 11,0x366316c,0x366316c,0x366316c,True
ecx=0x3614040 2 14,0x3678554,0x3678554,0x3678554,True
ecx=0x3614040 3 16,0x3686bbc,0x3686bbc,0x3686bbc,True
ecx=0x3614040 4 17,0x368e014,0x368e014,0x368e014,True
ecx=0x3614040 3 18,0x3694fdc,0x3694fdc,0x3694fdc,True
ecx=0x3614040 2 21,0x36aa3c4,0x36aa3c4,0x36aa3c4,True
ecx=0x3614040 3 23,0x36b8a2c,0x36b8a2c,0x36b8a2c,True
ecx=0x3614040 4 24,0x36bfe84,0x36bfe84,0x36bfe84,True
ecx=0x3614040 3 25,0x36c6e4c,0x36c6e4c,0x36c6e4c,True
ecx=0x3614040 2 28,0x36dc234,0x36dc234,0x36dc234,True
ecx=0x3614040 3 30,0x36ea89c,0x36ea89c,0x36ea89c,True
ecx=0x3614040 4 31,0x36f1cf4,0x36f1cf4,0x36f1cf4,True
ecx=0x3614040 3 32,0x36f8cbc,0x36f8cbc,0x36f8cbc,True
ecx=0x3614040 2 35,0x370e0a4,0x370e0a4,0x370e0a4,True
ecx=0x3614040 3 37,0x371c70c,0x371c70c,0x371c70c,True
ecx=0x3614040 4 38,0x3723b64,0x3723b64,0x3723b64,True
ecx=0x3614040 3 39,0x372ab2c,0x372ab2c,0x372ab2c,True
ecx=0x3614040 2 42,0x373ff14,0x373ff14,0x373ff14,True
ecx=0x3614040 3 44,0x374e57c,0x374e57c,0x374e57c,True
ecx=0x3614040 4 45,0x37559d4,0x37559d4,0x37559d4,True
ecx=0x3614040 3 46,0x375c99c,0x375c99c,0x375c99c,True
ecx=0x3614040 2 49,0x3771d84,0x3771d84,0x3771d84,True
ecx=0x3614040 4 1,0x361bf14,0x361bf14,0x361bf14,True
ecx=0x3614040 5 2,0x362336c,0x362336c,0x362336c,True
ecx=0x3614040 4 3,0x362a334,0x362a334,0x362a334,True
ecx=0x3614040 3 6,0x363f71c,0x363f71c,0x363f71c,True
ecx=0x3614040 4 8,0x364dd84,0x364dd84,0x364dd84,True
ecx=0x3614040 5 9,0x36551dc,0x36551dc,0x36551dc,True
ecx=0x3614040 4 10,0x365c1a4,0x365c1a4,0x365c1a4,True
ecx=0x3614040 3 13,0x367158c,0x367158c,0x367158c,True
ecx=0x3614040 4 15,0x367fbf4,0x367fbf4,0x367fbf4,True
ecx=0x3614040 5 16,0x368704c,0x368704c,0x368704c,True
ecx=0x3614040 4 17,0x368e014,0x368e014,0x368e014,True
ecx=0x3614040 3 20,0x36a33fc,0x36a33fc,0x36a33fc,True
ecx=0x3614040 4 22,0x36b1a64,0x36b1a64,0x36b1a64,True
ecx=0x3614040 5 23,0x36b8ebc,0x36b8ebc,0x36b8ebc,True
ecx=0x3614040 4 24,0x36bfe84,0x36bfe84,0x36bfe84,True
ecx=0x3614040 3 27,0x36d526c,0x36d526c,0x36d526c,True
ecx=0x3614040 4 29,0x36e38d4,0x36e38d4,0x36e38d4,True
ecx=0x3614040 5 30,0x36ead2c,0x36ead2c,0x36ead2c,True
ecx=0x3614040 4 31,0x36f1cf4,0x36f1cf4,0x36f1cf4,True
ecx=0x3614040 3 34,0x37070dc,0x37070dc,0x37070dc,True
ecx=0x3614040 4 36,0x3715744,0x3715744,0x3715744,True
ecx=0x3614040 5 37,0x371cb9c,0x371cb9c,0x371cb9c,True
ecx=0x3614040 4 38,0x3723b64,0x3723b64,0x3723b64,True
ecx=0x3614040 3 41,0x3738f4c,0x3738f4c,0x3738f4c,True
ecx=0x3614040 4 43,0x37475b4,0x37475b4,0x37475b4,True
ecx=0x3614040 5 44,0x374ea0c,0x374ea0c,0x374ea0c,True
ecx=0x3614040 4 45,0x37559d4,0x37559d4,0x37559d4,True
ecx=0x3614040 3 48,0x376adbc,0x376adbc,0x376adbc,True
ecx=0x3614040 4 50,0x0,0x0,0x0,True
ecx=0x3614040 6 1,0x361c3a4,0x361c3a4,0x361c3a4,True
ecx=0x3614040 5 2,0x362336c,0x362336c,0x362336c,True
ecx=0x3614040 4 5,0x3638754,0x3638754,0x3638754,True
ecx=0x3614040 5 7,0x3646dbc,0x3646dbc,0x3646dbc,True
ecx=0x3614040 6 8,0x364e214,0x364e214,0x364e214,True
ecx=0x3614040 5 9,0x36551dc,0x36551dc,0x36551dc,True
ecx=0x3614040 4 12,0x366a5c4,0x366a5c4,0x366a5c4,True
ecx=0x3614040 5 14,0x3678c2c,0x3678c2c,0x3678c2c,True
ecx=0x3614040 6 15,0x3680084,0x3680084,0x3680084,True
ecx=0x3614040 5 16,0x368704c,0x368704c,0x368704c,True
ecx=0x3614040 4 19,0x369c434,0x369c434,0x369c434,True
ecx=0x3614040 5 21,0x36aaa9c,0x36aaa9c,0x36aaa9c,True
ecx=0x3614040 6 22,0x36b1ef4,0x36b1ef4,0x36b1ef4,True
ecx=0x3614040 5 23,0x36b8ebc,0x36b8ebc,0x36b8ebc,True
ecx=0x3614040 4 26,0x36ce2a4,0x36ce2a4,0x36ce2a4,True
ecx=0x3614040 5 28,0x36dc90c,0x36dc90c,0x36dc90c,True
ecx=0x3614040 6 29,0x36e3d64,0x36e3d64,0x36e3d64,True
ecx=0x3614040 5 30,0x36ead2c,0x36ead2c,0x36ead2c,True
ecx=0x3614040 4 33,0x3700114,0x3700114,0x3700114,True
ecx=0x3614040 5 35,0x370e77c,0x370e77c,0x370e77c,True
ecx=0x3614040 6 36,0x3715bd4,0x3715bd4,0x3715bd4,True
ecx=0x3614040 5 37,0x371cb9c,0x371cb9c,0x371cb9c,True
ecx=0x3614040 4 40,0x3731f84,0x3731f84,0x3731f84,True
ecx=0x3614040 5 42,0x37405ec,0x37405ec,0x37405ec,True
ecx=0x3614040 6 43,0x3747a44,0x3747a44,0x3747a44,True
ecx=0x3614040 5 44,0x374ea0c,0x374ea0c,0x374ea0c,True
ecx=0x3614040 4 47,0x3763df4,0x3763df4,0x3763df4,True
ecx=0x3614040 5 49,0x377245c,0x377245c,0x377245c,True
ecx=0x3614040 7 0,0x36153dc,0x36153dc,0x36153dc,True
ecx=0x3614040 6 1,0x361c3a4,0x361c3a4,0x361c3a4,True
ecx=0x3614040 5 4,0x363178c,0x363178c,0x363178c,True
ecx=0x3614040 6 6,0x363fdf4,0x363fdf4,0x363fdf4,True
ecx=0x3614040 7 7,0x364724c,0x364724c,0x364724c,True
ecx=0x3614040 6 8,0x364e214,0x364e214,0x364e214,True
ecx=0x3614040 5 11,0x36635fc,0x36635fc,0x36635fc,True
ecx=0x3614040 6 13,0x3671c64,0x3671c64,0x3671c64,True
ecx=0x3614040 7 14,0x36790bc,0x36790bc,0x36790bc,True
ecx=0x3614040 6 15,0x3680084,0x3680084,0x3680084,True
ecx=0x3614040 5 18,0x369546c,0x369546c,0x369546c,True
ecx=0x3614040 6 20,0x36a3ad4,0x36a3ad4,0x36a3ad4,True
ecx=0x3614040 7 21,0x36aaf2c,0x36aaf2c,0x36aaf2c,True
ecx=0x3614040 6 22,0x36b1ef4,0x36b1ef4,0x36b1ef4,True
ecx=0x3614040 5 25,0x36c72dc,0x36c72dc,0x36c72dc,True
ecx=0x3614040 6 27,0x36d5944,0x36d5944,0x36d5944,True
ecx=0x3614040 7 28,0x36dcd9c,0x36dcd9c,0x36dcd9c,True
ecx=0x3614040 6 29,0x36e3d64,0x36e3d64,0x36e3d64,True
ecx=0x3614040 5 32,0x36f914c,0x36f914c,0x36f914c,True
ecx=0x3614040 6 34,0x37077b4,0x37077b4,0x37077b4,True
ecx=0x3614040 7 35,0x370ec0c,0x370ec0c,0x370ec0c,True
ecx=0x3614040 6 36,0x3715bd4,0x3715bd4,0x3715bd4,True
ecx=0x3614040 5 39,0x372afbc,0x372afbc,0x372afbc,True
ecx=0x3614040 6 41,0x3739624,0x3739624,0x3739624,True
ecx=0x3614040 7 42,0x3740a7c,0x3740a7c,0x3740a7c,True
ecx=0x3614040 6 43,0x3747a44,0x3747a44,0x3747a44,True
ecx=0x3614040 5 46,0x375ce2c,0x375ce2c,0x375ce2c,True
ecx=0x3614040 6 48,0x376b494,0x376b494,0x376b494,True
ecx=0x3614040 7 49,0x37728ec,0x37728ec,0x37728ec,True
ecx=0x3614040 7 0,0x36153dc,0x36153dc,0x36153dc,True
ecx=0x3614040 6 3,0x362a7c4,0x362a7c4,0x362a7c4,True
ecx=0x3614040 7 5,0x3638e2c,0x3638e2c,0x3638e2c,True
ecx=0x3614040 8 6,0x3640284,0x3640284,0x3640284,True
ecx=0x3614040 7 7,0x364724c,0x364724c,0x364724c,True
ecx=0x3614040 6 10,0x365c634,0x365c634,0x365c634,True
ecx=0x3614040 7 12,0x366ac9c,0x366ac9c,0x366ac9c,True
ecx=0x3614040 8 13,0x36720f4,0x36720f4,0x36720f4,True
ecx=0x3614040 7 14,0x36790bc,0x36790bc,0x36790bc,True
ecx=0x3614040 6 17,0x368e4a4,0x368e4a4,0x368e4a4,True
ecx=0x3614040 7 19,0x369cb0c,0x369cb0c,0x369cb0c,True
ecx=0x3614040 8 20,0x36a3f64,0x36a3f64,0x36a3f64,True
ecx=0x3614040 7 21,0x36aaf2c,0x36aaf2c,0x36aaf2c,True
ecx=0x3614040 6 24,0x36c0314,0x36c0314,0x36c0314,True
ecx=0x3614040 7 26,0x36ce97c,0x36ce97c,0x36ce97c,True
ecx=0x3614040 8 27,0x36d5dd4,0x36d5dd4,0x36d5dd4,True
ecx=0x3614040 7 28,0x36dcd9c,0x36dcd9c,0x36dcd9c,True
ecx=0x3614040 6 31,0x36f2184,0x36f2184,0x36f2184,True
ecx=0x3614040 7 33,0x37007ec,0x37007ec,0x37007ec,True
ecx=0x3614040 8 34,0x3707c44,0x3707c44,0x3707c44,True
ecx=0x3614040 7 35,0x370ec0c,0x370ec0c,0x370ec0c,True
ecx=0x3614040 6 38,0x3723ff4,0x3723ff4,0x3723ff4,True
ecx=0x3614040 7 40,0x373265c,0x373265c,0x373265c,True
ecx=0x3614040 8 41,0x3739ab4,0x3739ab4,0x3739ab4,True
ecx=0x3614040 7 42,0x3740a7c,0x3740a7c,0x3740a7c,True
ecx=0x3614040 6 45,0x3755e64,0x3755e64,0x3755e64,True
ecx=0x3614040 7 47,0x37644cc,0x37644cc,0x37644cc,True
ecx=0x3614040 8 48,0x376b924,0x376b924,0x376b924,True
ecx=0x3614040 8 -1,0x0,0x0,0x0,True
ecx=0x3614040 7 2,0x36237fc,0x36237fc,0x36237fc,True
ecx=0x3614040 8 4,0x3631e64,0x3631e64,0x3631e64,True
ecx=0x3614040 9 5,0x36392bc,0x36392bc,0x36392bc,True
ecx=0x3614040 8 6,0x3640284,0x3640284,0x3640284,True
ecx=0x3614040 7 9,0x365566c,0x365566c,0x365566c,True
ecx=0x3614040 8 11,0x3663cd4,0x3663cd4,0x3663cd4,True
ecx=0x3614040 9 12,0x366b12c,0x366b12c,0x366b12c,True
ecx=0x3614040 8 13,0x36720f4,0x36720f4,0x36720f4,True
ecx=0x3614040 7 16,0x36874dc,0x36874dc,0x36874dc,True
ecx=0x3614040 8 18,0x3695b44,0x3695b44,0x3695b44,True
ecx=0x3614040 9 19,0x369cf9c,0x369cf9c,0x369cf9c,True
ecx=0x3614040 8 20,0x36a3f64,0x36a3f64,0x36a3f64,True
ecx=0x3614040 7 23,0x36b934c,0x36b934c,0x36b934c,True
ecx=0x3614040 8 25,0x36c79b4,0x36c79b4,0x36c79b4,True
ecx=0x3614040 9 26,0x36cee0c,0x36cee0c,0x36cee0c,True
ecx=0x3614040 8 27,0x36d5dd4,0x36d5dd4,0x36d5dd4,True
ecx=0x3614040 7 30,0x36eb1bc,0x36eb1bc,0x36eb1bc,True
ecx=0x3614040 8 32,0x36f9824,0x36f9824,0x36f9824,True
ecx=0x3614040 9 33,0x3700c7c,0x3700c7c,0x3700c7c,True
ecx=0x3614040 8 34,0x3707c44,0x3707c44,0x3707c44,True
ecx=0x3614040 7 37,0x371d02c,0x371d02c,0x371d02c,True
ecx=0x3614040 8 39,0x372b694,0x372b694,0x372b694,True
ecx=0x3614040 9 40,0x3732aec,0x3732aec,0x3732aec,True
ecx=0x3614040 8 41,0x3739ab4,0x3739ab4,0x3739ab4,True
ecx=0x3614040 7 44,0x374ee9c,0x374ee9c,0x374ee9c,True
ecx=0x3614040 8 46,0x375d504,0x375d504,0x375d504,True
ecx=0x3614040 9 47,0x376495c,0x376495c,0x376495c,True
ecx=0x3614040 8 48,0x376b924,0x376b924,0x376b924,True
ecx=0x3614040 8 1,0x361c834,0x361c834,0x361c834,True
ecx=0x3614040 9 3,0x362ae9c,0x362ae9c,0x362ae9c,True
ecx=0x3614040 10 4,0x36322f4,0x36322f4,0x36322f4,True
ecx=0x3614040 9 5,0x36392bc,0x36392bc,0x36392bc,True
ecx=0x3614040 8 8,0x364e6a4,0x364e6a4,0x364e6a4,True
ecx=0x3614040 9 10,0x365cd0c,0x365cd0c,0x365cd0c,True
ecx=0x3614040 10 11,0x3664164,0x3664164,0x3664164,True
ecx=0x3614040 9 12,0x366b12c,0x366b12c,0x366b12c,True
ecx=0x3614040 8 15,0x3680514,0x3680514,0x3680514,True
ecx=0x3614040 9 17,0x368eb7c,0x368eb7c,0x368eb7c,True
ecx=0x3614040 10 18,0x3695fd4,0x3695fd4,0x3695fd4,True
ecx=0x3614040 9 19,0x369cf9c,0x369cf9c,0x369cf9c,True
ecx=0x3614040 8 22,0x36b2384,0x36b2384,0x36b2384,True
ecx=0x3614040 9 24,0x36c09ec,0x36c09ec,0x36c09ec,True
ecx=0x3614040 10 25,0x36c7e44,0x36c7e44,0x36c7e44,True
ecx=0x3614040 9 26,0x36cee0c,0x36cee0c,0x36cee0c,True
ecx=0x3614040 8 29,0x36e41f4,0x36e41f4,0x36e41f4,True
ecx=0x3614040 9 31,0x36f285c,0x36f285c,0x36f285c,True
ecx=0x3614040 10 32,0x36f9cb4,0x36f9cb4,0x36f9cb4,True
ecx=0x3614040 9 33,0x3700c7c,0x3700c7c,0x3700c7c,True
ecx=0x3614040 8 36,0x3716064,0x3716064,0x3716064,True
ecx=0x3614040 9 38,0x37246cc,0x37246cc,0x37246cc,True
ecx=0x3614040 10 39,0x372bb24,0x372bb24,0x372bb24,True
ecx=0x3614040 9 40,0x3732aec,0x3732aec,0x3732aec,True
ecx=0x3614040 8 43,0x3747ed4,0x3747ed4,0x3747ed4,True
ecx=0x3614040 9 45,0x375653c,0x375653c,0x375653c,True
ecx=0x3614040 10 46,0x375d994,0x375d994,0x375d994,True
ecx=0x3614040 9 47,0x376495c,0x376495c,0x376495c,True
ecx=0x3614040 9 0,0x361586c,0x361586c,0x361586c,True
ecx=0x3614040 10 2,0x3623ed4,0x3623ed4,0x3623ed4,True
ecx=0x3614040 11 3,0x362b32c,0x362b32c,0x362b32c,True
ecx=0x3614040 10 4,0x36322f4,0x36322f4,0x36322f4,True
ecx=0x3614040 9 7,0x36476dc,0x36476dc,0x36476dc,True
ecx=0x3614040 10 9,0x3655d44,0x3655d44,0x3655d44,True
ecx=0x3614040 11 10,0x365d19c,0x365d19c,0x365d19c,True
ecx=0x3614040 10 11,0x3664164,0x3664164,0x3664164,True
ecx=0x3614040 9 14,0x367954c,0x367954c,0x367954c,True
ecx=0x3614040 10 16,0x3687bb4,0x3687bb4,0x3687bb4,True
ecx=0x3614040 11 17,0x368f00c,0x368f00c,0x368f00c,True
ecx=0x3614040 10 18,0x3695fd4,0x3695fd4,0x3695fd4,True
ecx=0x3614040 9 21,0x36ab3bc,0x36ab3bc,0x36ab3bc,True
ecx=0x3614040 10 23,0x36b9a24,0x36b9a24,0x36b9a24,True
ecx=0x3614040 11 24,0x36c0e7c,0x36c0e7c,0x36c0e7c,True
ecx=0x3614040 10 25,0x36c7e44,0x36c7e44,0x36c7e44,True
ecx=0x3614040 9 28,0x36dd22c,0x36dd22c,0x36dd22c,True
ecx=0x3614040 10 30,0x36eb894,0x36eb894,0x36eb894,True
ecx=0x3614040 11 31,0x36f2cec,0x36f2cec,0x36f2cec,True
ecx=0x3614040 10 32,0x36f9cb4,0x36f9cb4,0x36f9cb4,True
ecx=0x3614040 9 35,0x370f09c,0x370f09c,0x370f09c,True
ecx=0x3614040 10 37,0x371d704,0x371d704,0x371d704,True
ecx=0x3614040 11 38,0x3724b5c,0x3724b5c,0x3724b5c,True
ecx=0x3614040 10 39,0x372bb24,0x372bb24,0x372bb24,True
ecx=0x3614040 9 42,0x3740f0c,0x3740f0c,0x3740f0c,True
ecx=0x3614040 10 44,0x374f574,0x374f574,0x374f574,True
ecx=0x3614040 11 45,0x37569cc,0x37569cc,0x37569cc,True
ecx=0x3614040 10 46,0x375d994,0x375d994,0x375d994,True
ecx=0x3614040 9 49,0x3772d7c,0x3772d7c,0x3772d7c,True
ecx=0x3614040 11 1,0x361cf0c,0x361cf0c,0x361cf0c,True
ecx=0x3614040 12 2,0x3624364,0x3624364,0x3624364,True
ecx=0x3614040 11 3,0x362b32c,0x362b32c,0x362b32c,True
ecx=0x3614040 10 6,0x3640714,0x3640714,0x3640714,True
ecx=0x3614040 11 8,0x364ed7c,0x364ed7c,0x364ed7c,True
ecx=0x3614040 12 9,0x36561d4,0x36561d4,0x36561d4,True
ecx=0x3614040 11 10,0x365d19c,0x365d19c,0x365d19c,True
ecx=0x3614040 10 13,0x3672584,0x3672584,0x3672584,True
ecx=0x3614040 11 15,0x3680bec,0x3680bec,0x3680bec,True
ecx=0x3614040 12 16,0x3688044,0x3688044,0x3688044,True
ecx=0x3614040 11 17,0x368f00c,0x368f00c,0x368f00c,True
ecx=0x3614040 10 20,0x36a43f4,0x36a43f4,0x36a43f4,True
ecx=0x3614040 11 22,0x36b2a5c,0x36b2a5c,0x36b2a5c,True
ecx=0x3614040 12 23,0x36b9eb4,0x36b9eb4,0x36b9eb4,True
ecx=0x3614040 11 24,0x36c0e7c,0x36c0e7c,0x36c0e7c,True
ecx=0x3614040 10 27,0x36d6264,0x36d6264,0x36d6264,True
ecx=0x3614040 11 29,0x36e48cc,0x36e48cc,0x36e48cc,True
ecx=0x3614040 12 30,0x36ebd24,0x36ebd24,0x36ebd24,True
ecx=0x3614040 11 31,0x36f2cec,0x36f2cec,0x36f2cec,True
ecx=0x3614040 10 34,0x37080d4,0x37080d4,0x37080d4,True
ecx=0x3614040 11 36,0x371673c,0x371673c,0x371673c,True
ecx=0x3614040 12 37,0x371db94,0x371db94,0x371db94,True
ecx=0x3614040 11 38,0x3724b5c,0x3724b5c,0x3724b5c,True
ecx=0x3614040 10 41,0x3739f44,0x3739f44,0x3739f44,True
ecx=0x3614040 11 43,0x37485ac,0x37485ac,0x37485ac,True
ecx=0x3614040 12 44,0x374fa04,0x374fa04,0x374fa04,True
ecx=0x3614040 11 45,0x37569cc,0x37569cc,0x37569cc,True
ecx=0x3614040 10 48,0x376bdb4,0x376bdb4,0x376bdb4,True
ecx=0x3614040 11 50,0x0,0x0,0x0,True
ecx=0x3614040 13 1,0x361d39c,0x361d39c,0x361d39c,True
ecx=0x3614040 12 2,0x3624364,0x3624364,0x3624364,True
ecx=0x3614040 11 5,0x363974c,0x363974c,0x363974c,True
ecx=0x3614040 12 7,0x3647db4,0x3647db4,0x3647db4,True
ecx=0x3614040 13 8,0x364f20c,0x364f20c,0x364f20c,True
ecx=0x3614040 12 9,0x36561d4,0x36561d4,0x36561d4,True
ecx=0x3614040 11 12,0x366b5bc,0x366b5bc,0x366b5bc,True
ecx=0x3614040 12 14,0x3679c24,0x3679c24,0x3679c24,True
ecx=0x3614040 13 15,0x368107c,0x368107c,0x368107c,True
ecx=0x3614040 12 16,0x3688044,0x3688044,0x3688044,True
ecx=0x3614040 11 19,0x369d42c,0x369d42c,0x369d42c,True
ecx=0x3614040 12 21,0x36aba94,0x36aba94,0x36aba94,True
ecx=0x3614040 13 22,0x36b2eec,0x36b2eec,0x36b2eec,True
ecx=0x3614040 12 23,0x36b9eb4,0x36b9eb4,0x36b9eb4,True
ecx=0x3614040 11 26,0x36cf29c,0x36cf29c,0x36cf29c,True
ecx=0x3614040 12 28,0x36dd904,0x36dd904,0x36dd904,True
ecx=0x3614040 13 29,0x36e4d5c,0x36e4d5c,0x36e4d5c,True
ecx=0x3614040 12 30,0x36ebd24,0x36ebd24,0x36ebd24,True
ecx=0x3614040 11 33,0x370110c,0x370110c,0x370110c,True
ecx=0x3614040 12 35,0x370f774,0x370f774,0x370f774,True
ecx=0x3614040 13 36,0x3716bcc,0x3716bcc,0x3716bcc,True
ecx=0x3614040 12 37,0x371db94,0x371db94,0x371db94,True
ecx=0x3614040 11 40,0x3732f7c,0x3732f7c,0x3732f7c,True
ecx=0x3614040 12 42,0x37415e4,0x37415e4,0x37415e4,True
ecx=0x3614040 13 43,0x3748a3c,0x3748a3c,0x3748a3c,True
ecx=0x3614040 12 44,0x374fa04,0x374fa04,0x374fa04,True
ecx=0x3614040 11 47,0x3764dec,0x3764dec,0x3764dec,True
ecx=0x3614040 12 49,0x3773454,0x3773454,0x3773454,True
ecx=0x3614040 14 0,0x36163d4,0x36163d4,0x36163d4,True
ecx=0x3614040 13 1,0x361d39c,0x361d39c,0x361d39c,True
ecx=0x3614040 12 4,0x3632784,0x3632784,0x3632784,True
ecx=0x3614040 13 6,0x3640dec,0x3640dec,0x3640dec,True
ecx=0x3614040 14 7,0x3648244,0x3648244,0x3648244,True
ecx=0x3614040 13 8,0x364f20c,0x364f20c,0x364f20c,True
ecx=0x3614040 12 11,0x36645f4,0x36645f4,0x36645f4,True
ecx=0x3614040 13 13,0x3672c5c,0x3672c5c,0x3672c5c,True
ecx=0x3614040 14 14,0x367a0b4,0x367a0b4,0x367a0b4,True
ecx=0x3614040 13 15,0x368107c,0x368107c,0x368107c,True
ecx=0x3614040 12 18,0x3696464,0x3696464,0x3696464,True
ecx=0x3614040 13 20,0x36a4acc,0x36a4acc,0x36a4acc,True
ecx=0x3614040 14 21,0x36abf24,0x36abf24,0x36abf24,True
ecx=0x3614040 13 22,0x36b2eec,0x36b2eec,0x36b2eec,True
ecx=0x3614040 12 25,0x36c82d4,0x36c82d4,0x36c82d4,True
ecx=0x3614040 13 27,0x36d693c,0x36d693c,0x36d693c,True
ecx=0x3614040 14 28,0x36ddd94,0x36ddd94,0x36ddd94,True
ecx=0x3614040 13 29,0x36e4d5c,0x36e4d5c,0x36e4d5c,True
ecx=0x3614040 12 32,0x36fa144,0x36fa144,0x36fa144,True
ecx=0x3614040 13 34,0x37087ac,0x37087ac,0x37087ac,True
ecx=0x3614040 14 35,0x370fc04,0x370fc04,0x370fc04,True
ecx=0x3614040 13 36,0x3716bcc,0x3716bcc,0x3716bcc,True
ecx=0x3614040 12 39,0x372bfb4,0x372bfb4,0x372bfb4,True
ecx=0x3614040 13 41,0x373a61c,0x373a61c,0x373a61c,True
ecx=0x3614040 14 42,0x3741a74,0x3741a74,0x3741a74,True
ecx=0x3614040 13 43,0x3748a3c,0x3748a3c,0x3748a3c,True
ecx=0x3614040 12 46,0x375de24,0x375de24,0x375de24,True
ecx=0x3614040 13 48,0x376c48c,0x376c48c,0x376c48c,True
ecx=0x3614040 14 49,0x37738e4,0x37738e4,0x37738e4,True
ecx=0x3614040 14 0,0x36163d4,0x36163d4,0x36163d4,True
ecx=0x3614040 13 3,0x362b7bc,0x362b7bc,0x362b7bc,True
ecx=0x3614040 14 5,0x3639e24,0x3639e24,0x3639e24,True
ecx=0x3614040 15 6,0x364127c,0x364127c,0x364127c,True
ecx=0x3614040 14 7,0x3648244,0x3648244,0x3648244,True
ecx=0x3614040 13 10,0x365d62c,0x365d62c,0x365d62c,True
ecx=0x3614040 14 12,0x366bc94,0x366bc94,0x366bc94,True
ecx=0x3614040 15 13,0x36730ec,0x36730ec,0x36730ec,True
ecx=0x3614040 14 14,0x367a0b4,0x367a0b4,0x367a0b4,True
ecx=0x3614040 13 17,0x368f49c,0x368f49c,0x368f49c,True
ecx=0x3614040 14 19,0x369db04,0x369db04,0x369db04,True
ecx=0x3614040 15 20,0x36a4f5c,0x36a4f5c,0x36a4f5c,True
ecx=0x3614040 14 21,0x36abf24,0x36abf24,0x36abf24,True
ecx=0x3614040 13 24,0x36c130c,0x36c130c,0x36c130c,True
ecx=0x3614040 14 26,0x36cf974,0x36cf974,0x36cf974,True
ecx=0x3614040 15 27,0x36d6dcc,0x36d6dcc,0x36d6dcc,True
ecx=0x3614040 14 28,0x36ddd94,0x36ddd94,0x36ddd94,True
ecx=0x3614040 13 31,0x36f317c,0x36f317c,0x36f317c,True
ecx=0x3614040 14 33,0x37017e4,0x37017e4,0x37017e4,True
ecx=0x3614040 15 34,0x3708c3c,0x3708c3c,0x3708c3c,True
ecx=0x3614040 14 35,0x370fc04,0x370fc04,0x370fc04,True
ecx=0x3614040 13 38,0x3724fec,0x3724fec,0x3724fec,True
ecx=0x3614040 14 40,0x3733654,0x3733654,0x3733654,True
ecx=0x3614040 15 41,0x373aaac,0x373aaac,0x373aaac,True
ecx=0x3614040 14 42,0x3741a74,0x3741a74,0x3741a74,True
ecx=0x3614040 13 45,0x3756e5c,0x3756e5c,0x3756e5c,True
ecx=0x3614040 14 47,0x37654c4,0x37654c4,0x37654c4,True
ecx=0x3614040 15 48,0x376c91c,0x376c91c,0x376c91c,True
ecx=0x3614040 15 -1,0x0,0x0,0x0,True
ecx=0x3614040 14 2,0x36247f4,0x36247f4,0x36247f4,True
ecx=0x3614040 15 4,0x3632e5c,0x3632e5c,0x3632e5c,True
ecx=0x3614040 16 5,0x363a2b4,0x363a2b4,0x363a2b4,True
ecx=0x3614040 15 6,0x364127c,0x364127c,0x364127c,True
ecx=0x3614040 14 9,0x3656664,0x3656664,0x3656664,True
install_witness,0xe9,0xe9,True
meta,scenario=sandbox_monterey_20s,recorded=2026-10-02T16:28:11,calls_seen=21914 every=7
VERDICT,GREEN,2000,"{""fidelity"": 0, ""equivalence"": 0, ""side_effects"": 0, ""stack"": 0, ""misses"": 0}"
