old	new	how	kind	nins_old	nins_new	consts_added	consts_removed	strings_added	strings_removed
00401000	00401000	exact	identical	16	16				
00401040	00401040	exact	identical	118	118				
004011b0	004011b0	exact	identical	16	16				
004011e0	004011e0	exact	identical	64	64				
004012d0	004012d0	exact	identical	360	360				
00401750	00401750	exact	identical	42	42				
004017d0	004017d0	callgraph	changed	280	304	6,100			
00401ba0	00401c00	exact	identical	16	16				
00401bd0	00401c30	exact	identical	19	19				
00401c10	00401c70	exact-ordered	identical	63	63				
00401cb0	00401d10	exact	identical	341	341				
004020d0	00402130	exact	identical	18	18				
00402100	00402160	exact	identical	8	8				
00402130	00402190	exact-ordered	identical	1	1				
00402140	004021a0	exact	identical	4	4				
00402150	004021b0	exact	identical	11	11				
00402180	004021e0	exact-ordered	identical	63	63				
00402220	00402280	exact	identical	341	341				
00402640	004026a0	exact	identical	53	53				
004028d0	00402930	exact	identical	20	20				
00402910	00402970	exact	identical	54	54				
004029e0	00402a40	similar:0.99	changed	947	953				
00403d10	00403f20	exact	identical	7	7				
00403d30	00403f40	exact-ordered	identical	4	4				
00403d70	00403f80	exact	identical	7	7				
00403d90	00403fa0	exact-ordered	identical	4	4				
00403dd0	00403fe0	exact	identical	7	7				
00403df0	00404000	exact-ordered	identical	4	4				
00403e30	00404040	exact	identical	7	7				
00403e50	00404060	exact-ordered	identical	4	4				
00403e80	00404090	exact	identical	51	51				
00403f10	00404120	exact	identical	57	57				
00403fb0	004041c0	exact	identical	14	14				
00403fe0	004041f0	exact-ordered	identical	2	2				
00403ff0	00404200	exact	identical	21	21				
00404070	00404280	exact	identical	25	25				
00404110	00404320	exact-ordered	identical	2	2				
00404120	00404330	exact-ordered	identical	4	4				
00404140	00404350	exact-ordered	identical	1	1				
00404150	00404360	exact	identical	8	8				
004041a0	004043b0	exact-ordered	identical	2	2				
004041b0	004043c0	exact-ordered	identical	4	4				
004041e0	004043f0	exact-ordered	identical	2	2				
004041f0	00404400	exact-ordered	identical	4	4				
00404230	00404440	exact-ordered	identical	2	2				
00404240	00404450	exact-ordered	identical	4	4				
00404280	00404490	exact-ordered	identical	2	2				
00404290	004044a0	exact-ordered	identical	4	4				
004042d0	004044e0	exact-ordered	identical	2	2				
004042e0	004044f0	exact-ordered	identical	4	4				
00404320	00404530	exact-ordered	identical	2	2				
00404330	00404540	exact-ordered	identical	4	4				
00404370	00404580	exact-ordered	identical	2	2				
00404380	00404590	exact-ordered	identical	4	4				
004043c0	004045d0	exact-ordered	identical	2	2				
004043d0	004045e0	exact-ordered	identical	4	4				
00404410	00404620	exact-ordered	identical	2	2				
00404420	00404630	exact-ordered	identical	4	4				
00404460	00404670	exact-ordered	identical	2	2				
00404470	00404680	exact-ordered	identical	4	4				
004044b0	004046c0	exact-ordered	identical	2	2				
004044c0	004046d0	exact-ordered	identical	4	4				
004044f0	00404700	exact-ordered	identical	2	2				
00404500	00404710	exact-ordered	identical	4	4				
00404540	00404750	exact-ordered	identical	2	2				
00404550	00404760	exact-ordered	identical	4	4				
00404590	004047a0	exact-ordered	identical	2	2				
004045a0	004047b0	exact-ordered	identical	4	4				
004045e0	004047f0	exact-ordered	identical	2	2				
004045f0	00404800	exact-ordered	identical	4	4				
00404630	00404840	exact-ordered	identical	2	2				
00404640	00404850	exact-ordered	identical	4	4				
00404760	00404970	exact	identical	11	11				
00404790	004049a0	exact	identical	14	14				
004047c0	004049d0	exact	identical	27	27				
00404810	00404a20	exact	identical	65	65				
004048c0	00404ad0	exact	identical	56	56				
00404960	00404b70	exact	identical	28	28				
004049b0	00404bc0	exact	identical	28	28				
00404a10	00404c20	exact	identical	46	46				
00404ae0	00404cf0	exact-ordered	identical	4	4				
00404bf0	00404e00	exact	identical	32	32				
00404c80	00404e90	exact-ordered	identical	4	4				
00404d40	00404f50	exact	identical	43	43				
00404df0	00405000	exact-ordered	identical	4	4				
00404ea0	004050b0	exact	identical	37	37				
00404f40	00405150	exact-ordered	identical	4	4				
00404fe0	004051f0	exact	identical	55	55				
004050c0	004052d0	exact-ordered	identical	4	4				
00405190	004053a0	exact	identical	37	37				
00405230	00405440	exact-ordered	identical	4	4				
004052d0	004054e0	exact	identical	37	37				
00405370	00405580	exact-ordered	identical	4	4				
00405410	00405620	exact	identical	37	37				
004054b0	004056c0	exact-ordered	identical	4	4				
00405550	00405760	exact	identical	49	49				
00405620	00405830	exact-ordered	identical	4	4				
004056e0	004058f0	exact-ordered	identical	2	2				
004056f0	00405900	exact-ordered	identical	4	4				
00405710	00405920	exact	identical	31	31				
00405760	00405970	callgraph	operands	36	36				
004057f0	00405a00	exact	identical	67	67				
004058b0	00405ac0	exact	identical	31	31				
00405900	00405b10	exact	identical	283	283				
00405c20	00405e30	strings	changed	185	187				
00405e80	004060a0	exact	identical	96	96				
00405f90	004061b0	exact-ordered	identical	2	2				
00405fa0	004061c0	exact-ordered	identical	4	4				
00405fd0	004061f0	exact-ordered	identical	2	2				
00405fe0	00406200	exact-ordered	identical	4	4				
00406000	00406220	exact	identical	17	17				
00406030	00406250	exact	identical	212	212				
004063a0	004065c0	exact	identical	59	59				
00406450	00406670	exact	identical	534	534				
00406a10	00406c30	callgraph	changed	89	90				
00406b20	00406d50	exact	identical	172	172				
00406dd0	00407000	exact	identical	57	57				
00406e80	004070b0	callgraph	operands	125	125	12c,190			
00407050	00407280	exact	identical	71	71				
00407110	00407340	exact	identical	68	68				
004071d0	00407400	exact	identical	49	49				
00407270	004074a0	exact	identical	137	137				
004074d0	00407700	exact	identical	270	270				
00407930	00407b60	exact	identical	103	103				
00407a30	00407c60	exact	identical	73	73				
00407bd0	00407e00	callgraph	changed	1966	1985			inches from the hole	
004093b0	00409620	exact	identical	253	253				
004096e0	00409950	exact	identical	44	44				
00409780	004099f0	exact	identical	43	43				
00409820	00409a90	exact	identical	104	104				
00409980	00409bf0	exact	identical	71	71				
00409a40	00409cb0	exact	identical	12	12				
00409a80	00409cf0	exact	identical	295	295				
00409ec0	0040a130	exact	identical	10	10				
00409ef0	0040a160	similar:0.97	changed	319	340			Permanent	
0040a240	0040a4e0	strings	changed	358	380				
0040a6c0	0040a9a0	exact	identical	53	53				
0040a7a0	0040aa80	strings	changed	165	168				
0040a9f0	0040acd0	exact	identical	49	49				
0040aa80	0040ad60	exact	identical	154	154				
0040ac90	0040af70	exact	identical	15	15				
0040acc0	0040afa0	strings	changed	282	288	8,8c0			
0040b1a0	0040b4a0	exact	identical	176	176				
0040b530	0040b840	exact	identical	116	116				
0040b6a0	0040b9b0	strings	changed	187	188				
0040b8e0	0040bbf0	exact	identical	182	182				
0040bbf0	0040bf00	exact	identical	5	5				
0040bc10	0040bf20	exact	identical	23	23				
0040bc50	0040bf60	exact	identical	18	18				
0040bc90	0040bfa0	exact	identical	22	22				
0040bcd0	0040bfe0	exact	identical	143	143				
0040be60	0040c170	exact	identical	125	125				
0040bfe0	0040c2f0	exact	identical	72	72				
0040c090	0040c3a0	exact	identical	73	73				
0040c140	0040c450	exact	identical	37	37				
0040c1a0	0040c4b0	exact	identical	21	21				
0040c1f0	0040c500	exact	identical	157	157				
0040c3e0	0040c6f0	exact	identical	15	15				
0040c410	0040c720	exact	identical	39	39				
0040c490	0040c7a0	exact	identical	65	65				
0040c550	0040c860	exact	identical	12	12				
0040c580	0040c890	exact	identical	30	30				
0040c600	0040c910	exact	identical	79	79				
0040c700	0040ca10	exact	identical	78	78				
0040c7f0	0040cb00	exact	identical	75	75				
0040c8f0	0040cc00	exact	identical	156	156				
0040cac0	0040cdd0	exact	identical	104	104				
0040cbe0	0040cef0	exact	identical	155	155				
0040cda0	0040d0b0	exact	identical	199	199				
0040d010	0040d320	exact	identical	298	298				
0040d390	0040d6a0	exact	identical	65	65				
0040d4a0	0040d7b0	exact	identical	84	84				
0040d790	0040daa0	exact	identical	86	86				
0040d880	0040db90	exact	identical	156	156				
0040daa0	0040ddb0	exact	identical	57	57				
0040db60	0040de70	exact	identical	83	83				
0040dc70	0040df80	exact	identical	44	44				
0040dcf0	0040e000	callgraph	changed	297	295				
0040e0f0	0040e400	callgraph	changed	124	127	64			
0040e290	0040e5b0	exact	identical	23	23				
0040e2d0	0040e5f0	exact	identical	118	118				
0040e400	0040e720	strings	changed	856	852				
0040ee80	0040f190	strings	changed	275	282				
0040f2a0	0040f5c0	strings	changed	16888	17465	82,ca,d0,d6,f5,f6,111,113,124,152,15e,162,18e,19e,1bc,1be,1ec,23f,24f,298,2ac,2b4,31c,324,370,388,38c,b98,bbc,e50,e74,1108,1238,1244,1248,124c,1250,1264,1268	10e,121,122,123,172,176,17a,19a,1ac,1ae,1de,20c,284,28c,290,2a0,2a8,2c8,330,338,398,39c,3a0,8f4,908,918,bc0,bd0,f94,fa0,fa4,fac,fb8,fc0,fc4		
00421010	00421b60	exact	identical	15	15				
00421040	00421b90	exact	identical	17	17				
00421070	00421bc0	exact	identical	276	276				
00421450	00421fa0	exact	identical	337	337				
00421870	004223c0	exact	identical	20	20				
004218a0	004223f0	exact	identical	30	30				
004218e0	00422430	exact	identical	91	91				
004219e0	00422530	exact	identical	125	125				
00421b50	004226a0	callgraph	changed	648	655				
00422450	00422fb0	exact	identical	1191	1191				
004235c0	00424120	callgraph	operands	2650	2650				
00425b10	00426670	exact	identical	15	15				
00425b50	004266b0	callgraph	changed	1325	1140	3c	9,11,16,1c,24,32,34,38,58,84,220,9c4	 Go to 'Landmarks' under the Improvements menu to place your landmark. Additiona | . 'I'll be back if your  | s can be added to your course for 	 'I'll be back if your  |  For a nominal installation fee you may place it anywhere on your course. |  Look for your landmark on the Improvements panel.
00426b00	00427380	strings	changed	1788	1816				
00428100	004289e0	strings	changed	5554	5560	88,94,a8,4000	2f,ac,105		
0042d2b0	0042dba0	exact	identical	36	36				
0042d310	0042dc00	exact	identical	133	133				
0042d460	0042dd50	exact	identical	132	132				
0042d5b0	0042dea0	strings	changed	694	696				
0042deb0	0042e7a0	exact	identical	32	32				
0042def0	0042e7e0	callgraph	changed	520	516	5c,6c,7c,80,8c,98,ffff	68,78,88,90		
0042e580	0042ee80	exact	identical	79	79				
0042e640	0042ef40	exact	identical	162	162				
0042e820	0042f120	exact	identical	48	48				
0042e8c0	0042f1c0	exact	identical	84	84				
0042e9c0	0042f2c0	exact	identical	43	43				
0042ea40	0042f340	callgraph	changed	108	116	c,63			
0042eb90	0042f4b0	exact	identical	59	59				
0042ec10	0042f530	exact	identical	95	95				
0042ed10	0042f630	exact	identical	53	53				
0042edc0	0042f6e0	exact	identical	57	57				
0042ee80	0042f7a0	exact	identical	141	141				
0042f020	0042f940	exact	identical	75	75				
0042f110	0042fa30	exact	identical	141	141				
0042f270	0042fb90	exact	identical	406	406				
0042f700	00430020	exact	identical	293	293				
0042fa40	00430360	similar:1.00	changed	1324	1329				
00430cb0	004315e0	strings	changed	455	462	fa			
004313e0	00431d20	exact	identical	143	143				
004315a0	00431ee0	exact	identical	77	77				
00431660	00431fa0	exact	identical	133	133				
00431830	00432170	exact	identical	10	10				
00431860	004321d0	exact	identical	13	13				
00431890	00432200	exact	identical	290	290				
00431bf0	00432560	exact	identical	69	69				
00431cb0	00432620	exact	identical	46	46				
00431d30	004326a0	exact	identical	46	46				
00431db0	00432720	similar:0.99	changed	377	382	7,6e,154	6,15e	 Save the Current Game
 Load a Previous Game
 Save Course for Championship
 Save |  for Championship
 Rename Your Course
 Edit Preferences
 Cancel match/tournament	 Save the Current Game
 Load a Previous Game
 Save Course for Championship.
 Sav |  for Championship.
 Rename Your Course.
 Edit Preferences
 Exit the Game

00432220	00432ba0	exact	identical	278	278				
00432610	00432f90	exact	identical	62	62				
004326c0	00433040	exact	identical	98	98				
00432810	00433190	strings	changed	883	885				
004332e0	00433c60	exact	identical	64	64				
004333b0	00433d30	exact	identical	79	79				
004334d0	00433e50	exact	identical	165	165				
00433720	004340a0	exact	identical	59	59				
004337c0	00434140	exact	identical	176	176				
004339d0	00434350	exact	identical	500	500				
00434000	00434980	exact	identical	99	99				
00434140	00434ac0	exact	identical	157	157				
00434370	00434cf0	callgraph	changed	690	682	c,19,20,30,48	18,38,44	000-20,000	000-14,000
00434c00	00435570	exact	identical	84	84				
00434d10	00435680	exact	identical	64	64				
00434df0	00435760	strings	changed	587	587				
004355a0	00435f00	exact	identical	108	108				
00435700	00436060	exact	identical	187	187				
00435990	004362f0	exact	identical	612	612				
004361a0	00436b00	exact	identical	89	89				
004362a0	00436c00	strings	changed	155	158	64			
004364e0	00436e50	strings	changed	756	759				
00436f20	004378a0	exact	identical	12	12				
00436f60	004378e0	exact-ordered	identical	2	2				
00436f70	004378f0	exact-ordered	identical	4	4				
00436f90	00437910	exact	identical	535	535				
00437620	00437fa0	exact	identical	231	231				
004378e0	00438260	exact	identical	53	53				
00437970	004382f0	exact	identical	64	64				
00437a10	00438390	exact	identical	168	168				
00437c20	004385a0	exact-ordered	identical	2	2				
00437c30	004385b0	exact-ordered	identical	4	4				
00437c50	004385d0	strings	changed	2233	2239				
00439a70	0043a400	exact	identical	347	347				
00439f30	0043a8c0	strings	operands	1000	1000		32		
0043ac80	0043b610	callgraph	changed	1813	1631	a00,a0c,a10,a18,a20,a24,a28,a2c	12,32,de8,df4,df8,e00,e08,e0c,e10,e14		WARNING: Missing .chr files:

0043c3d0	0043cb50	exact	identical	24	24				
0043c490	0043cc10	exact	identical	7	7				
0043c4b0	0043cc30	exact-ordered	identical	4	4				
0043c4f0	0043cc70	exact-ordered	identical	2	2				
0043c500	0043cc80	exact-ordered	identical	4	4				
0043c530	0043ccb0	exact-ordered	identical	2	2				
0043c540	0043ccc0	exact-ordered	identical	4	4				
0043c560	0043cce0	exact	identical	38	38				
0043c5f0	0043cd70	exact	identical	408	408				
0043cb20	0043d2a0	strings	operands	147	147	64,9c4	32,4e2		
0043cce0	0043d460	exact	identical	8	8				
0043cd10	0043d490	exact-ordered	identical	4	4				
0043cd60	0043d4e0	exact-ordered	identical	2	2				
0043cd70	0043d4f0	exact-ordered	identical	4	4				
0043cda0	0043d520	exact	identical	52	52				
0043ce50	0043d5d0	exact	identical	35	35				
0043cec0	0043d640	exact-ordered	identical	2	2				
0043ced0	0043d650	exact-ordered	identical	4	4				
0043cef0	0043d670	exact	identical	40	40				
0043cf70	0043d6f0	exact	identical	19	19				
0043cfc0	0043d740	exact	identical	377	377				
0043d460	0043dbe0	exact	identical	5161	5161				
00441a00	00442180	strings	operands	7329	7329				
004479e0	00448160	exact	identical	7	7				
00447a00	00448180	exact-ordered	identical	4	4				
00447a30	004481b0	exact	identical	27	27				
00447a80	00448200	exact	identical	7	7				
00447aa0	00448220	exact	identical	877	877				
00448930	004490b0	exact	identical	10	10				
00448950	004490d0	exact	identical	25	25				
00448990	00449110	exact	identical	8	8				
004489b0	00449130	exact	identical	4	4				
004489d0	00449150	exact	identical	3	3				
00448a40	004491c0	exact-ordered	identical	2	2				
00448a50	004491d0	exact-ordered	identical	4	4				
00448a90	00449210	exact	identical	11	11				
00448ac0	00449240	exact-ordered	identical	4	4				
00448b50	004492d0	exact	identical	6	6				
00448b70	004492f0	exact	identical	8	8				
00448b90	00449310	exact	identical	10	10				
00448bb0	00449330	exact	identical	44	44				
00448c30	004493b0	exact	identical	8	8				
00448c50	004493d0	exact	identical	17	17				
00448c80	00449400	exact	identical	32	32				
00448cf0	00449470	exact	identical	64	64				
00448da0	00449520	exact	identical	5	5				
00448dc0	00449540	exact	identical	221	221				
00449010	00449790	exact	identical	56	56				
004490e0	00449860	exact	identical	14	14				
00449120	004498a0	exact	identical	429	429				
00449780	00449f00	exact	identical	66	66				
00449820	00449fa0	exact	identical	313	313				
00449c00	0044a380	exact	identical	55	55				
00449c90	0044a410	exact	identical	141	141				
00449e30	0044a5b0	exact	identical	115	115				
00449f60	0044a6e0	exact	identical	384	384				
0044a480	0044ac00	exact	identical	30	30				
0044a4e0	0044ac60	exact	identical	10	10				
0044a520	0044aca0	exact-ordered	identical	4	4				
0044a5a0	0044ad20	exact	identical	7	7				
0044a5c0	0044ad40	exact-ordered	identical	4	4				
0044a600	0044ad80	exact-ordered	identical	2	2				
0044a610	0044ad90	exact-ordered	identical	4	4				
0044a650	0044add0	exact-ordered	identical	2	2				
0044a660	0044ade0	exact-ordered	identical	4	4				
0044a680	0044ae00	exact	identical	22	22				
0044a6e0	0044ae60	exact	identical	19	19				
0044a740	0044aec0	exact-ordered	identical	2	2				
0044a750	0044aed0	exact-ordered	identical	4	4				
0044a780	0044af00	exact-ordered	identical	2	2				
0044a790	0044af10	exact-ordered	identical	4	4				
0044a7c0	0044af40	exact-ordered	identical	2	2				
0044a7d0	0044af50	exact-ordered	identical	4	4				
0044a800	0044af80	exact-ordered	identical	2	2				
0044a810	0044af90	exact-ordered	identical	4	4				
0044a830	0044afb0	exact	identical	38	38				
0044a8e0	0044b060	exact	identical	31	31				
0044a980	0044b100	exact-ordered	identical	2	2				
0044a990	0044b110	exact-ordered	identical	4	4				
0044a9c0	0044b140	exact-ordered	identical	2	2				
0044a9d0	0044b150	exact-ordered	identical	4	4				
0044aa00	0044b180	exact-ordered	identical	2	2				
0044aa10	0044b190	exact-ordered	identical	4	4				
0044aa30	0044b1b0	exact	identical	60	60				
0044ab40	0044b2c0	exact	identical	53	53				
0044ac30	0044b3b0	exact-ordered	identical	2	2				
0044ac40	0044b3c0	exact-ordered	identical	4	4				
0044ac60	0044b3e0	exact	identical	29	29				
0044acd0	0044b450	exact	identical	27	27				
0044ad40	0044b4c0	exact-ordered	identical	2	2				
0044ad50	0044b4d0	exact-ordered	identical	4	4				
0044ad70	0044b4f0	exact	identical	43	43				
0044ae20	0044b5a0	exact	identical	43	43				
0044aee0	0044b660	exact-ordered	identical	2	2				
0044aef0	0044b670	exact-ordered	identical	4	4				
0044af10	0044b690	exact	identical	25	25				
0044af70	0044b6f0	exact	identical	24	24				
0044afe0	0044b760	exact-ordered	identical	2	2				
0044aff0	0044b770	exact-ordered	identical	4	4				
0044b010	0044b790	exact	identical	62	62				
0044b150	0044b8d0	exact	identical	49	49				
0044b240	0044b9c0	exact	identical	305	305				
0044b660	0044bde0	exact	identical	1166	1166				
0044c560	0044cce0	exact	identical	170	170				
0044c870	0044cff0	similar:0.98	changed	1846	1776		2d,32,40		After a long and varied career, your retirement date has arrived. | After a long career, you plan to retire after the year 2050.
0044e0d0	0044e770	exact	identical	1228	1228				
0044f010	0044f6b0	strings	changed	338	344	38,44,63			
0044f440	0044faf0	exact	identical	21	21				
0044f480	0044fb30	strings	changed	4706	4715				
00452b90	00453260	exact	identical	20	20				
00452bd0	004532a0	exact	identical	43	43				
00452c60	00453330	exact	identical	1633	1633			Average Putts | Stroke average	Avgerage Putts | Stroke avgerage
00453fe0	004546b0	exact	identical	461	461				
00454580	00454c50	strings	changed	1126	1149	9c			
00455320	00455a30	exact	identical	396	396				
004557c0	00455ed0	exact	identical	948	948				
00456460	00456b70	exact	identical	21	21				
004564a0	00456bb0	exact	identical	13	13				
004564d0	00456be0	strings	changed	2004	2001	23,d0	27,e0		
00458090	004587a0	strings	changed	998	1001				
00458ce0	00459400	exact	identical	338	338				
00459130	00459850	exact	identical	677	677				
00459970	0045a090	strings	changed	1084	1093	40	3c		
0045a700	0045ae30	exact-ordered	identical	6	6				
0045a720	0045ae50	exact-ordered	identical	6	6				
0045a740	0045ae70	exact	identical	21	21				
0045a7a0	0045aed0	exact	identical	14	14				
0045a7d0	0045af00	exact	identical	12	12				
0045a800	0045af30	exact	identical	139	139				
0045a9a0	0045b0d0	exact	identical	156	156				
0045ab90	0045b2c0	exact	identical	291	291				
0045af30	0045b660	exact	identical	130	130				
0045b090	0045b7c0	exact	identical	75	75				
0045b150	0045b880	exact	identical	12	12				
0045b180	0045b8b0	exact	identical	110	110				
0045b2c0	0045b9f0	exact	identical	33	33				
0045b330	0045ba60	exact-ordered	identical	2	2				
0045b340	0045ba70	exact-ordered	identical	4	4				
0045b380	0045bab0	exact-ordered	identical	2	2				
0045b390	0045bac0	exact-ordered	identical	4	4				
0045b3c0	0045baf0	exact	identical	320	320				
0045b850	0045bf80	exact	identical	53	53				
0045b8d0	0045c000	exact-ordered	identical	12	12				
0045b900	0045c030	exact	identical	42	42				
0045b990	0045c0c0	exact	identical	46	46				
0045ba20	0045c150	exact	identical	10	10				
0045ba70	0045c1a0	exact	identical	13	13				
0045bab0	0045c1e0	exact	identical	8	8				
0045bad0	0045c200	exact	identical	185	185				
0045bcf0	0045c420	exact	identical	19	19				
0045bd30	0045c460	exact	identical	87	87				
0045be30	0045c560	exact	identical	1929	1929			Move/Eject Golfer	Eject Golfer
0045d700	0045de30	exact	identical	23	23				
0045d750	0045de80	strings	changed	1161	1162				
0045e9c0	0045f0f0	exact	identical	568	568				
0045f140	0045f870	exact	identical	410	410				
0045f650	0045fd80	exact	identical	706	706				
0045fdc0	004604f0	exact	identical	695	695				
004606c0	00460df0	exact	identical	286	286				
004609e0	00461110	exact	identical	368	368				
00460ec0	004615f0	exact	identical	84	84				
00460fc0	004616f0	exact	identical	84	84				
004610e0	00461810	exact	identical	7	7				
00461100	00461830	exact	identical	551	551				
004618f0	00462020	callgraph	changed	562	567	13			
004620a0	004627d0	exact	identical	11	11				
004620d0	00462800	exact	identical	49	49				
004621a0	004628d0	exact	identical	100	100				
00462300	00462a30	callgraph	operands	120	120	3ff			
004624b0	00462be0	exact	identical	369	369				
004629d0	00463100	exact	identical	27	27				
00462a40	00463170	exact	identical	6	6				
00462a50	00463180	exact	identical	2911	2911				
00464e30	00465560	exact	identical	6	6				
00465180	004658b0	strings	operands	87	87	64	32		
00465270	004659a0	strings	operands	854	854				
00465c40	00466370	exact	identical	369	369				
004661c0	004668f0	exact	identical	95	95				
004662c0	004669f0	exact	identical	129	129				
00466440	00466b70	exact	identical	496	496				
004669e0	00467110	exact	identical	6	6				
00466a00	00467130	exact	identical	12	12				
00466a20	00467150	exact	identical	11	11				
00466a40	00467170	exact	identical	20	20				
00466a70	004671a0	exact	identical	94	94				
00466b40	00467270	exact	identical	16	16				
00466b80	004672b0	exact-ordered	identical	8	8				
00466ba0	004672d0	exact	identical	126	126				
00466cb0	004673e0	exact	identical	72	72				
00466d90	004674c0	exact	identical	49	49				
00466e30	00467560	exact	identical	34	34				
00466ea0	004675d0	exact	identical	11	11				
00466ed0	00467600	exact	identical	80	80				
00466fb0	004676e0	exact	identical	143	143				
004672d0	00467a00	strings	changed	2470	2509	15,2f			
00469250	00469a20	exact	identical	61	61				
00469330	00469b00	callgraph	changed	3871	3879			PARTNER, your attitude stinks. | Quiet PARTNER, I'm concentrating. | Stop whining and play, PARTNER. | Talk to the hand, PARTNER. | Wasn't that a great tournament, PARTNER?	Ahhh, love is in the air. | Somehow this bench seems special. | Wasn't that was a great tournament, PARTNER?
0046c140	0046c940	exact	identical	12	12				
0046c170	0046c970	strings	changed	583	447		d,11,16,63		
0046ca00	0046d040	exact	identical	38	38				
0046ca80	0046d0c0	callgraph	changed	58	84	19,60,12c			
0046ce10	0046d6e0	exact	identical	560	560				
0046d500	0046ddd0	exact	identical	26	26				
0046d570	0046de40	exact-ordered	identical	2	2				
0046d580	0046de50	exact-ordered	identical	4	4				
0046d5a0	0046de70	exact	identical	11	11				
0046d5d0	0046dea0	exact	identical	261	261				
0046d990	0046e260	exact	identical	374	374				
0046de40	0046e710	exact	identical	65	65				
0046dee0	0046e7b0	exact	identical	19	19				
0046df40	0046e810	similar:0.97	changed	748	716		23e8		1st Challenge hole
0046e980	0046f1d0	exact	identical	47	47				
0046ea60	0046f2b0	exact	identical	205	205				
0046ed00	0046f550	exact	identical	1494	1494				
004701b0	00470a00	exact-ordered	identical	1	1				
004701c0	00470a10	exact	identical	23	23				
00470210	00470a60	exact	identical	1729	1729				
00471a70	004722c0	callgraph	changed	106	135		10,40,64,90,12c	 is now available in your landmarks menu.	
00471c30	004724c0	strings	operands	90	90	64			
00471d20	004725b0	exact	identical	1041	1041				
00472a40	004732d0	exact	identical	133	133				
00472be0	00473470	exact	identical	491	491				
004731e0	00473a70	exact-ordered	identical	2	2				
004731f0	00473a80	exact-ordered	identical	4	4				
00473220	00473ab0	exact	identical	13	13				
00473250	00473ae0	exact	identical	40	40				
004732c0	00473b50	exact	identical	62	62				
00473360	00473bf0	exact	identical	43	43				
004733d0	00473c60	exact	identical	25	25				
00473420	00473cb0	exact	identical	114	114				
00473560	00473df0	exact	identical	47	47				
004735d0	00473e60	exact	identical	94	94				
004736d0	00473f60	exact	identical	41	41				
00473730	00473fc0	exact	identical	50	50				
004737a0	00474030	exact	identical	67	67				
00473860	004740f0	exact	identical	76	76				
00473920	004741b0	exact	identical	68	68				
004739d0	00474260	exact	identical	99	99				
00473af0	00474380	exact	identical	69	69				
00473bb0	00474440	exact	identical	51	51				
00473c30	004744c0	exact	identical	55	55				
00473cc0	00474550	exact	identical	44	44				
00473d30	004745c0	exact	identical	49	49				
00473dc0	00474650	exact	identical	72	72				
00473ef0	00474780	exact	identical	7	7				
00473f10	004747a0	exact	identical	7	7				
00473f50	004747e0	exact	identical	13	13				
00473f80	00474810	exact-ordered	identical	2	2				
00473f90	00474820	exact	identical	25	25				
00473fd0	00474860	strings	changed	218	217				
00474220	00474a90	exact-ordered	identical	2	2				
00474230	00474aa0	exact-ordered	identical	4	4				
0047ad30	00474ae0	exact	identical	80	80				
0047ae90	00474c40	exact	identical	23	23				
0047af00	00474cb0	exact	identical	84	84				
0047b020	00474dd0	exact	identical	56	56				
0047b0c0	00474e70	exact	identical	38	38				
0047b130	00474ee0	exact	identical	154	154				
0047b2a0	00475050	exact	identical	152	152				
0047b460	00475210	exact	identical	182	182				
0047b660	00475410	exact	identical	125	125				
0047b7d0	00475580	exact	identical	235	235				
0047ba90	00475840	exact	identical	206	206				
0047bd50	00475b00	exact	identical	10	10				
0047bd70	00475b20	exact	identical	18	18				
0047bdb0	00475b60	exact	identical	21	21				
0047bdf0	00475ba0	exact	identical	23	23				
0047be30	00475be0	exact	identical	23	23				
0047be70	00475c20	exact	identical	23	23				
0047beb0	00475c60	exact	identical	20	20				
0047bee0	00475c90	exact	identical	41	41				
0047bf50	00475d00	exact	identical	51	51				
0047bff0	00475da0	exact	identical	22	22				
0047c040	00475df0	exact	identical	10	10				
0047c060	00475e10	exact	identical	154	154				
0047c200	00475fb0	exact	identical	149	149				
0047c390	00476140	exact	identical	144	144				
0047c520	004762d0	exact	identical	17	17				
0047c560	00476310	exact	identical	9	9				
0047c590	00476340	exact	identical	9	9				
0047c5c0	00476370	exact	identical	9	9				
0047c5f0	004763a0	exact	identical	9	9				
0047c620	004763d0	exact	identical	248	248				
0047c8a0	00476650	exact-ordered	identical	35	35				
0047c8f0	004766a0	exact	identical	37	37				
0047c950	00476700	exact-ordered	identical	35	35				
0047c9a0	00476750	exact-ordered	identical	35	35				
0047c9f0	004767a0	exact	identical	477	477				
0047cf90	00476d40	exact	identical	29	29				
0047cfd0	00476d80	exact	identical	31	31				
0047d020	00476dd0	exact	identical	33	33				
0047d070	00476e20	exact	identical	76	76				
0047d140	00476ef0	exact	identical	258	258				
0047d4a0	00477250	exact	identical	22	22				
0047d4d0	00477280	exact	identical	211	211				
0047d7b0	00477560	exact	identical	11	11				
0047d7d0	00477580	exact	identical	14	14				
0047d800	004775b0	exact	identical	518	518				
0047de80	00477c30	exact	identical	74	74				
0047df20	00477cd0	exact	identical	86	86				
0047dff0	00477da0	exact	identical	91	91				
0047e0b0	00477e60	exact	identical	22	22				
0047e100	00477eb0	exact	identical	112	112				
0047e210	00477fc0	exact	identical	86	86				
0047e2d0	00478080	exact	identical	86	86				
0047e390	00478140	exact	identical	84	84				
0047e440	004781f0	exact	identical	98	98				
0047e520	004782d0	exact	identical	127	127				
0047e680	00478430	exact	identical	98	98				
0047e780	00478530	exact	identical	74	74				
0047e830	004785e0	exact	identical	13	13				
0047e860	00478610	exact	identical	82	82				
0047e950	00478700	exact	identical	23	23				
0047e9a0	00478750	exact	identical	17	17				
0047e9f0	004787a0	exact	identical	168	168				
0047ebc0	00478970	exact	identical	44	44				
0047ec40	004789f0	exact	identical	16	16				
0047ec70	00478a20	exact	identical	18	18				
0047ecc0	00478a70	exact	identical	8	8				
0047ece0	00478a90	exact	identical	27	27				
0047ed40	00478af0	exact	identical	20	20				
0047ed80	00478b30	exact	identical	9	9				
0047eda0	00478b50	exact	identical	12	12				
0047edd0	00478b80	exact	identical	17	17				
0047ee00	00478bb0	exact	identical	18	18				
0047ee30	00478be0	exact	identical	18	18				
0047ee60	00478c10	exact-ordered	identical	38	38				
0047eec0	00478c70	exact-ordered	identical	38	38				
0047ef20	00478cd0	exact	identical	98	98				
0047f040	00478df0	exact	identical	73	73				
0047f0f0	00478ea0	exact	identical	71	71				
0047f1a0	00478f50	exact	identical	174	174				
0047f400	004791b0	exact	identical	396	396				
0047f7b0	00479560	exact	identical	48	48				
0047f820	004795d0	exact	identical	22	22				
0047f860	00479610	exact	identical	45	45				
0047f8c0	00479670	exact	identical	20	20				
0047f8f0	004796a0	exact	identical	141	141				
0047fa70	00479830	exact	identical	58	58				
0047fb00	004798c0	exact	identical	58	58				
0047fb90	00479950	exact	identical	48	48				
00474270	004799f0	exact-ordered	identical	2	2				
00474280	00479a00	exact-ordered	identical	4	4				
0047ace0	00479a40	exact-ordered	identical	2	2				
0047acf0	00479a50	exact-ordered	identical	4	4				
004742b0	00479a80	exact	identical	42	42				
00474350	00479b20	exact	identical	6	6				
00474370	00479b40	exact	identical	32	32				
004743e0	00479bb0	exact	identical	47	47				
00474470	00479c40	exact	identical	127	127				
00474760	00479f30	exact	identical	284	284				
00474bf0	0047a3c0	exact	identical	67	67				
00474cf0	0047a4c0	exact	identical	469	469				
00475330	0047ab00	exact	identical	19	19				
00475380	0047ab50	exact	identical	42	42				
004753f0	0047abc0	exact	identical	10	10				
00475410	0047abe0	exact	identical	112	112				
004755d0	0047ada0	exact	identical	61	61				
004756b0	0047ae80	exact	identical	68	68				
00475790	0047af60	exact	identical	80	80				
004758b0	0047b080	exact	identical	33	33				
00475900	0047b0d0	exact-ordered	identical	30	30				
00475950	0047b120	exact-ordered	identical	30	30				
004759a0	0047b170	exact	identical	44	44				
00475a30	0047b200	exact	identical	44	44				
00475ac0	0047b290	exact	identical	21	21				
00475b00	0047b2d0	exact	identical	21	21				
00475b40	0047b310	exact	identical	85	85				
00475c50	0047b420	exact	identical	46	46				
00475d10	0047b4e0	exact	identical	123	123				
00475ea0	0047b670	exact	identical	133	133				
00476050	0047b820	exact	identical	66	66				
00476120	0047b8f0	exact	identical	61	61				
004761e0	0047b9a0	exact	identical	31	31				
00476230	0047b9f0	exact	identical	7	7				
00476250	0047ba10	exact	identical	7	7				
00476270	0047ba30	exact	identical	9	9				
00476290	0047ba50	exact	identical	9	9				
004762b0	0047ba70	exact	identical	6	6				
004762d0	0047ba90	exact	identical	6	6				
004764a0	0047bc60	exact	identical	153	153				
00476680	0047be40	exact	identical	90	90				
00476780	0047bf40	exact	identical	75	75				
00476850	0047c010	exact	identical	75	75				
00476920	0047c0e0	exact	identical	75	75				
004769f0	0047c1b0	exact	identical	86	86				
00476ad0	0047c290	exact	identical	75	75				
00476ba0	0047c360	exact	identical	75	75				
00476c70	0047c430	exact	identical	75	75				
00476d40	0047c500	exact	identical	75	75				
00476e10	0047c5d0	exact	identical	86	86				
00476f00	0047c6c0	exact	identical	239	239				
004771b0	0047c970	exact	identical	58	58				
00477250	0047ca10	exact	identical	76	76				
00477350	0047cb10	exact	identical	81	81				
00477450	0047cc10	exact	identical	61	61				
00477520	0047cce0	exact	identical	63	63				
004775f0	0047cdb0	exact	identical	170	170				
00477810	0047cfd0	exact	identical	14	14				
00477850	0047d010	exact	identical	6	6				
00477860	0047d020	exact	identical	19	19				
004778a0	0047d060	exact	identical	47	47				
00477970	0047d130	exact	identical	245	245				
00477d50	0047d510	exact	identical	25	25				
00477db0	0047d570	exact	identical	50	50				
00477e50	0047d610	exact	identical	120	120				
00478000	0047d7c0	exact-ordered	identical	2	2				
00478010	0047d7d0	exact	identical	21	21				
00478050	0047d810	exact-ordered	identical	12	12				
00478080	0047d840	exact	identical	3	3				
00478090	0047d850	exact	identical	678	678				
00478960	0047e120	exact	identical	10	10				
00478980	0047e140	exact	identical	137	137				
00478b10	0047e2d0	exact	identical	32	32				
00478b70	0047e330	exact	identical	92	92				
00478c90	0047e450	exact	identical	34	34				
00478d00	0047e4c0	exact	identical	29	29				
00478d60	0047e520	exact	identical	35	35				
00478dc0	0047e580	exact	identical	34	34				
00478e20	0047e5f0	exact	identical	42	42				
00478eb0	0047e680	exact	identical	42	42				
00478f30	0047e700	exact	identical	35	35				
00479560	0047ed30	exact	identical	122	122				
00479710	0047eee0	exact	identical	29	29				
004799e0	0047f1b0	exact	identical	45	45				
00479b20	0047f2f0	exact	identical	28	28				
00479b70	0047f340	exact	identical	309	309				
00479f30	0047f700	exact	identical	145	145				
0047a110	0047f8e0	exact	identical	112	112				
0047a260	0047fa30	exact	identical	49	49				
0047a2e0	0047fab0	exact	identical	513	513				
0047aa20	004801f0	exact	identical	13	13				
0047aa50	00480220	exact	identical	106	106				
0047ab90	00480360	exact	identical	13	13				
0047abc0	00480390	exact	identical	51	51				
0047ac40	00480410	exact	identical	54	54				
0047fc00	004804a0	exact	identical	48	48				
0047fd00	004805a0	exact	identical	28	28				
0047fd70	00480610	exact	identical	37	37				
0047fe20	004806c0	exact	identical	115	115				
0047ffd0	00480870	exact	identical	31	31				
00480020	004808c0	exact	identical	109	109				
00480170	00480a10	exact	identical	78	78				
00480260	00480b00	exact	identical	13	13				
00480380	00480c20	exact	identical	31	31				
004803e0	00480c80	exact	identical	34	34				
00480440	00480ce0	exact	identical	43	43				
004804d0	00480d70	exact	identical	22	22				
00480830	004810d0	exact	identical	517	517				
00480ec0	00481760	exact	identical	87	87				
00480fd0	00481870	exact	identical	216	216				
00481280	00481b20	exact-ordered	identical	8	8				
004812b0	00481b50	exact	identical	23	23				
00481300	00481ba0	exact	identical	97	97				
00481400	00481ca0	exact	identical	162	162				
004815a0	00481e40	exact	identical	98	98				
004816a0	00481f40	exact	identical	345	345				
00481b20	004823c0	exact	identical	31	31				
00481b80	00482420	exact	identical	41	41				
00481bf0	00482490	exact	identical	94	94				
00481cd0	00482570	exact	identical	148	148				
00481e50	004826f0	exact	identical	87	87				
00481f30	004827d0	exact	identical	129	129				
004820a0	00482940	exact	identical	36	36				
004820f0	00482990	exact	identical	90	90				
004821e0	00482a80	exact	identical	37	37				
00482240	00482ae0	exact	identical	17	17				
00482280	00482b20	exact	identical	17	17				
004822c0	00482b60	exact	identical	14	14				
004822f0	00482b90	exact	identical	194	194				
00482530	00482dd0	exact	identical	20	20				
00482570	00482e10	exact	identical	7	7				
00482580	00482e20	exact	identical	10	10				
004825a0	00482e40	exact	identical	15	15				
004825e0	00482e80	exact-ordered	identical	2	2				
004825f0	00482e90	exact-ordered	identical	4	4				
00482620	00482ec0	exact-ordered	identical	2	2				
00482630	00482ed0	exact-ordered	identical	4	4				
00482660	00482f00	exact	identical	4	4				
00482670	00482f10	exact-ordered	identical	4	4				
004826c0	00482f60	exact	identical	27	27				
00482730	00482fd0	exact	identical	18	18				
00482770	00483010	exact-ordered	identical	2	2				
00482780	00483020	callgraph	identical	2	2				
00482790	00483030	exact	identical	14	14				
004827c0	00483060	exact	identical	7	7				
004827d0	00483070	exact	identical	41	41				
00482840	004830e0	exact	identical	61	61				
004828f0	00483190	exact	identical	103	103				
00482a40	004832e0	exact	identical	19	19				
00482a80	00483320	exact	identical	7	7				
00482aa0	00483340	exact	identical	55	55				
00482b50	004833f0	exact	identical	15	15				
00482b80	00483420	exact	identical	143	143				
00482d50	004835f0	exact	identical	123	123				
00482f10	004837b0	exact-ordered	identical	2	2				
00482f20	004837c0	exact-ordered	identical	4	4				
00482f50	004837f0	exact	identical	4	4				
00482f60	00483800	exact	identical	33	33				
00482fb0	00483850	exact	identical	39	39				
00483010	004838b0	exact	identical	19	19				
00483050	004838f0	exact	identical	27	27				
00483090	00483930	exact	identical	35	35				
004830e0	00483980	exact	identical	132	132				
00483220	00483ac0	exact	identical	27	27				
00483270	00483b10	exact	identical	7	7				
004832f0	00483b90	exact-ordered	identical	2	2				
00483300	00483ba0	exact	identical	3	3				
00483310	00483bb0	exact	identical	6	6				
00483330	00483bd0	exact	identical	10	10				
00483370	00483c10	exact	identical	6	6				
00483390	00483c30	exact	identical	11	11				
004833d0	00483c70	exact	identical	5	5				
004833f0	00483c90	exact	identical	10	10				
00483430	00483cd0	exact	identical	5	5				
00483450	00483cf0	exact	identical	10	10				
00483490	00483d30	exact	identical	3	3				
004834a0	00483d40	exact	identical	4	4				
004834c0	00483d60	exact	identical	7	7				
004834e0	00483d80	exact	identical	4	4				
00483540	00483de0	exact-ordered	identical	2	2				
00483550	00483df0	exact-ordered	identical	4	4				
00483580	00483e20	exact-ordered	identical	2	2				
00483590	00483e30	exact-ordered	identical	4	4				
004835c0	00483e60	exact-ordered	identical	2	2				
004835d0	00483e70	exact-ordered	identical	4	4				
004835f0	00483e90	exact	identical	47	47				
00483670	00483f10	exact	identical	55	55				
00483720	00483fc0	exact	identical	53	53				
004837c0	00484060	exact	identical	10	10				
004837f0	00484090	exact	identical	12	12				
00483820	004840c0	exact	identical	6	6				
00483840	004840e0	exact	identical	14	14				
00483870	00484110	exact	identical	10	10				
00483890	00484130	exact	identical	7	7				
004838b0	00484150	exact	identical	33	33				
00483940	004841e0	exact	identical	35	35				
004839c0	00484260	exact	identical	35	35				
00483a50	004842f0	exact	identical	106	106				
00483b40	004843e0	exact	identical	35	35				
00483c40	004844e0	exact	identical	37	37				
00483cb0	00484550	exact	identical	21	21				
00483d30	004845d0	exact	identical	7	7				
00483d40	004845e0	exact	identical	7	7				
00483e10	004846b0	exact	identical	9	9				
00483e30	004846d0	exact	identical	14	14				
00483eb0	00484750	exact	identical	14	14				
00483f10	004847b0	exact	identical	14	14				
00483f50	004847f0	exact	identical	16	16				
00483f80	00484820	exact	identical	20	20				
00484000	004848a0	exact	identical	34	34				
004840a0	00484940	exact	identical	60	60				
004841a0	00484a40	exact	identical	78	78				
00484290	00484b30	exact	identical	28	28				
004842e0	00484b80	exact	identical	46	46				
00484380	00484c20	exact	identical	45	45				
004843e0	00484c80	exact	identical	88	88				
004844c0	00484d60	exact	identical	86	86				
00484590	00484e30	exact	identical	22	22				
004845d0	00484e70	exact	identical	65	65				
00484660	00484f00	exact	identical	24	24				
004846a0	00484f40	exact	identical	17	17				
00484750	00484ff0	exact	identical	33	33				
004848a0	00485140	exact	identical	31	31				
004849c0	00485260	exact	identical	13	13				
00484a30	004852d0	callgraph	identical	2	2				
00484a40	004852e0	exact	identical	50	50				
00484b40	004853d0	exact	identical	33	33				
00484c30	004854c0	exact	identical	23	23				
00484d00	00485590	exact	identical	8	8				
00484d20	004855b0	exact	identical	132	132				
00484eb0	00485740	exact	identical	16	16				
00484f00	00485790	exact	identical	239	239				
00485210	00485aa0	exact	identical	222	222				
004854b0	00485d40	exact	identical	122	122				
004855f0	00485e80	exact	identical	134	134				
00485760	00485ff0	exact	identical	22	22				
004857e0	00486070	exact	identical	23	23				
00485840	004860d0	exact	identical	16	16				
00485880	00486110	exact	identical	74	74				
00485970	00486200	exact	identical	30	30				
004859c0	00486250	exact	identical	34	34				
00485a20	004862b0	exact	identical	44	44				
00485aa0	00486330	exact	identical	18	18				
00485ad0	00486360	exact	identical	45	45				
00485b50	004863e0	exact	identical	86	86				
00485e60	004866f0	exact	identical	70	70				
004862a0	00486b30	exact	identical	17	17				
00486400	00486c90	exact	identical	15	15				
00486450	00486ce0	exact-ordered	identical	2	2				
00486460	00486cf0	exact	identical	16	16				
00486490	00486d20	exact	identical	16	16				
004864d0	00486d60	exact-ordered	identical	18	18				
00486500	00486d90	exact-ordered	identical	18	18				
00486530	00486dc0	exact	identical	46	46				
004865b0	00486e40	exact	identical	47	47				
00486630	00486ec0	exact	identical	39	39				
00486680	00486f10	exact	identical	15	15				
00486700	00486f90	exact	identical	29	29				
00486750	00486fe0	exact	identical	5	5				
00486760	00486ff0	callgraph	identical	2	2				
00486770	00487000	exact	identical	10	10				
004867b0	00487040	exact-ordered	identical	2	2				
004867c0	00487050	exact	identical	3	3				
004867d0	00487060	exact	identical	19	19				
00486800	00487090	exact	identical	79	79				
004868f0	00487180	exact	identical	53	53				
00486980	00487210	exact	identical	13	13				
004869d0	00487260	exact	identical	7	7				
004869f0	00487280	exact	identical	27	27				
00486a80	00487310	exact	identical	50	50				
00486b00	00487390	exact	identical	25	25				
00486ba0	00487430	exact-ordered	identical	16	16				
00486bd0	00487460	exact-ordered	identical	13	13				
00486dc0	00487630	exact	identical	7	7				
00486e50	004876c0	exact	identical	57	57				
00486f00	00487770	exact	identical	11	11				
00486f30	004877a0	exact	identical	11	11				
00487180	004879f0	exact-ordered	identical	16	16				
004871b0	00487a20	exact-ordered	identical	7	7				
004871f0	00487a60	exact-ordered	identical	2	2				
00487200	00487a70	exact	identical	30	30				
00487250	00487ac0	exact-ordered	identical	13	13				
00486da0	00487af0	exact-ordered	identical	1	1				
004761d0	00487b00	callgraph	identical	2	2				
004872c0	00487b40	exact-ordered	identical	7	7				
00487300	00487b80	exact-ordered	identical	2	2				
00487350	00487bd0	exact-ordered	identical	16	16				
00487380	00487c00	exact	identical	29	29				
004873c0	00487c40	exact	identical	14	14				
00487280	00487cb0	callgraph	identical	2	2				
00487450	00487ce0	exact	identical	56	56				
004874f0	00487d80	exact	identical	4	4				
00487500	00487d90	exact-ordered	identical	4	4				
00487580	00487e10	exact	identical	7	7				
004875a0	00487e30	exact-ordered	identical	4	4				
004875d0	00487e60	exact-ordered	identical	2	2				
004875e0	00487e70	exact	identical	7	7				
00487600	00487e90	exact-ordered	identical	2	2				
00487610	00487ea0	exact	identical	15	15				
00487650	00487ee0	exact	identical	26	26				
004876a0	00487f30	exact	identical	19	19				
004876f0	00487f80	exact	identical	11	11				
00487720	00487fb0	exact	identical	230	230				
004879a0	00488230	exact	identical	34	34				
00487a10	004882a0	exact	identical	11	11				
00487a60	004882f0	exact	identical	6	6				
00487a80	00488310	exact	identical	102	102				
00487b90	00488420	exact	identical	23	23				
00487bd0	00488460	exact-ordered	identical	12	12				
00487c00	00488490	exact	identical	8	8				
00487c20	004884b0	exact	identical	22	22				
00487c50	004884e0	exact	identical	11	11				
00487c70	00488500	exact	identical	59	59				
00487dc0	00488650	exact	identical	27	27				
00487e40	004886d0	exact	identical	52	52				
00487f30	004887c0	exact	identical	129	129				
004880a0	00488930	exact-ordered	identical	21	21				
004880e0	00488970	exact-ordered	identical	21	21				
00488120	004889b0	exact-ordered	identical	21	21				
00488160	004889f0	exact-ordered	identical	15	15				
00488190	00488a20	exact	identical	54	54				
00488460	00488cf0	exact	identical	130	130				
00488740	00488fd0	exact	identical	85	85				
00488850	004890e0	exact	identical	20	20				
004888c0	00489150	exact	identical	103	103				
00488ae0	00489370	exact	identical	94	94				
00488c20	004894b0	exact	identical	135	135				
00488e20	004896b0	exact	identical	129	129				
00488f60	004897f0	exact	identical	63	63				
00489000	00489890	exact	identical	13	13				
00489040	004898d0	exact	identical	36	36				
004890c0	00489950	exact	identical	44	44				
00489140	004899d0	exact	identical	29	29				
004891a0	00489a30	exact	identical	43	43				
00489220	00489ab0	exact	identical	15	15				
004892a0	00489b30	exact	identical	123	123				
00489400	00489c90	exact-ordered	identical	9	9				
00489420	00489cb0	exact	identical	77	77				
00489550	00489de0	exact	identical	24	24				
004895b0	00489e40	exact	identical	40	40				
00489640	00489ed0	exact	identical	47	47				
004896c0	00489f50	exact	identical	151	151				
00489890	0048a120	exact	identical	400	400				
00489d40	0048a5d0	exact	identical	257	257				
0048a170	0048aa00	exact	identical	426	426				
0048a610	0048aea0	exact	identical	429	429				
0048bb90	0048c420	exact	identical	67	67				
0048bcd0	0048c560	exact	identical	54	54				
0048bd80	0048c610	exact	identical	12	12				
0048bdb0	0048c640	exact	identical	52	52				
0048be50	0048c6e0	exact	identical	147	147				
0048c010	0048c8a0	exact	identical	193	193				
0048c230	0048cac0	exact	identical	9	9				
0048c260	0048caf0	exact	identical	50	50				
0048c4f0	0048cd80	exact	identical	52	52				
0048c570	0048ce00	exact	identical	318	318				
0048cbf0	0048d480	exact	identical	408	408				
0048d2d0	0048db60	exact	identical	209	209				
0048d570	0048de00	exact	identical	53	53				
0048d600	0048de90	exact	identical	53	53				
0048d690	0048df20	exact	identical	58	58				
0048d730	0048dfc0	exact	identical	26	26				
0048d780	0048e010	exact	identical	58	58				
0048d820	0048e0b0	exact	identical	31	31				
0048d890	0048e120	exact	identical	31	31				
0048d900	0048e190	exact	identical	9	9				
0048d930	0048e1c0	exact	identical	480	480				
0048e070	0048e900	exact	identical	1419	1419				
0048f5d0	0048fe60	exact	identical	714	714				
004900d0	00490960	exact	identical	57	57				
004901b0	00490a40	exact	identical	33	33				
00490360	00490bf0	exact	identical	12	12				
004903a0	00490c30	exact	identical	20	20				
004903f0	00490c80	exact	identical	17	17				
00490430	00490cc0	exact-ordered	identical	9	9				
00490460	00490cf0	exact-ordered	identical	15	15				
00490490	00490d20	exact-ordered	identical	9	9				
00490a80	00491310	exact	identical	24	24				
00490b80	00491410	exact	identical	21	21				
00490c00	00491490	exact	identical	10	10				
00490c20	004914b0	exact	identical	10	10				
00490c40	004914d0	exact	identical	13	13				
00490c70	00491500	exact	identical	90	90				
00490df0	00491680	exact	identical	23	23				
00490e80	00491710	exact	identical	98	98				
00491380	00491c10	exact	identical	26	26				
004913e0	00491c70	exact	identical	84	84				
004914f0	00491d80	exact-ordered	identical	8	8				
00491510	00491da0	exact	identical	223	223				
00491770	00492000	exact	identical	423	423				
00491bc0	00492450	callgraph	identical	2	2				
00491bd0	00492460	exact	identical	5	5				
00491be0	00492470	exact	identical	14	14				
00491c20	004924b0	exact	identical	12	12				
00491c50	004924e0	exact	identical	54	54				
00491ce0	00492570	exact	identical	31	31				
00491d20	004925b0	exact	identical	9	9				
00491d40	004925d0	exact	identical	9	9				
00491d60	004925f0	exact	identical	13	13				
00492360	00492610	exact	identical	24	24				
004923b0	00492660	exact	identical	14	14				
004923e0	00492690	exact	identical	92	92				
00492550	00492800	exact	identical	14	14				
00492580	00492830	exact	identical	13	13				
004925a0	00492850	exact	identical	22	22				
00492620	004928d0	exact	identical	20	20				
00492670	00492920	exact	identical	44	44				
00492700	004929b0	exact	identical	85	85				
004927e0	00492a90	exact	identical	53	53				
00492860	00492b10	exact	identical	68	68				
00492920	00492bd0	exact	identical	67	67				
00492a10	00492cc0	exact	identical	49	49				
00492a90	00492d40	exact	identical	16	16				
00499600	00492d80	exact	identical	7	7				
00499640	00492dc0	exact-ordered	identical	2	2				
00499650	00492dd0	exact	identical	66	66				
00499700	00492e80	exact	identical	25	25				
00499750	00492ed0	exact	identical	82	82				
00499820	00492fa0	exact	identical	36	36				
00499880	00493000	exact	identical	41	41				
00499900	00493080	exact	identical	40	40				
00499980	00493100	exact	identical	148	148				
00499b50	004932d0	exact	identical	193	193				
00499da0	00493520	exact	identical	39	39				
00499e00	00493580	exact	identical	19	19				
00499e30	004935b0	exact	identical	27	27				
00499e70	004935f0	exact	identical	27	27				
00499eb0	00493630	exact	identical	27	27				
00498710	00493670	exact	identical	13	13				
00499ef0	004936a0	exact	identical	267	267				
0049a280	00493a30	exact	identical	13	13				
0049a2b0	00493a60	exact	identical	104	104				
0049a3e0	00493b90	exact	identical	215	215				
0049a720	00493ed0	exact	identical	7	7				
0049a740	00493ef0	exact	identical	36	36				
0049a7a0	00493f50	exact	identical	74	74				
0049a870	00494020	exact	identical	60	60				
0049a930	004940e0	exact	identical	92	92				
0049aa30	004941e0	exact	identical	63	63				
0049aaf0	004942a0	exact	identical	22	22				
0049ab40	004942f0	exact	identical	872	872				
0049b500	00494cb0	exact	identical	46	46				
0049b580	00494d30	exact	identical	172	172				
0049b750	00494f00	exact	identical	184	184				
0049b950	00495100	exact	identical	247	247				
0049bc70	00495420	exact	identical	228	228				
00491da0	00495770	exact	identical	10	10				
004922e0	00495cb0	exact	identical	40	40				
00492ad0	00495d30	exact	identical	79	79				
00492c50	00495eb0	exact	identical	77	77				
00492dd0	00496030	exact	identical	83	83				
00492f70	004961d0	exact	identical	71	71				
004930d0	00496330	exact	identical	242	242				
00493430	00496690	exact	identical	23	23				
00493470	004966d0	exact	identical	23	23				
004934b0	00496710	exact-ordered	identical	13	13				
004934e0	00496740	exact-ordered	identical	13	13				
00493510	00496770	exact	identical	24	24				
00493570	004967d0	exact	identical	4	4				
00493590	004967f0	exact	identical	27	27				
004939d0	00496c30	exact	identical	72	72				
00493ac0	00496d20	exact	identical	16	16				
00493bd0	00496e30	exact	identical	115	115				
00493d60	00496fc0	exact	identical	144	144				
00494160	004973c0	exact	identical	74	74				
00494270	004974d0	exact	identical	408	408				
00494740	004979a0	exact	identical	20	20				
004947c0	00497a20	exact	identical	43	43				
004948a0	00497b00	exact-ordered	identical	8	8				
004948c0	00497b20	exact-ordered	identical	8	8				
004948e0	00497b40	exact	identical	81	81				
004949c0	00497c20	exact	identical	20	20				
00494a10	00497c70	exact	identical	20	20				
00494a60	00497cc0	exact	identical	20	20				
00494ab0	00497d10	exact	identical	191	191				
00494d60	00497fc0	exact	identical	869	869				
00495ee0	00499140	exact	identical	1285	1285				
004977d0	0049aa30	exact	identical	19	19				
00497810	0049aa70	exact	identical	76	76				
004978e0	0049ab40	exact	identical	135	135				
00497a90	0049acf0	exact	identical	464	464				
00498430	0049b690	exact	identical	95	95				
00498550	0049b7b0	exact	identical	154	154				
00498740	0049b970	exact	identical	375	375				
00498c90	0049bec0	exact	identical	67	67				
00498d40	0049bf70	exact	identical	20	20				
00498d90	0049bfc0	exact-ordered	identical	1	1				
00498dc0	0049bff0	exact-ordered	identical	2	2				
00498dd0	0049c000	exact-ordered	identical	4	4				
00498df0	0049c020	exact	identical	25	25				
00498e70	0049c0a0	callgraph	identical	2	2				
00499550	0049c780	exact	identical	27	27				
0049bfa0	0049c830	exact	identical	36	36				
0049c020	0049c8b0	exact	identical	15	15				
0049c050	0049c8e0	exact	identical	17	17				
0049c080	0049c910	exact	identical	18	18				
0049c0b0	0049c940	exact	identical	133	133				
0049c250	0049cae0	exact	identical	23	23				
0049c290	0049cb20	exact	identical	30	30				
0049c2f0	0049cb80	callgraph	identical	2	2				
0049c300	0049cb90	exact	identical	112	112				
0049c430	0049ccc0	exact	identical	203	203				
0049c6c0	0049cf50	exact	identical	68	68				
0049c780	0049d010	exact-ordered	identical	2	2				
0049c790	0049d020	exact-ordered	identical	4	4				
0049c7b0	0049d040	exact-ordered	identical	1	1				
0049c7c0	0049d050	exact	identical	8	8				
0049c800	0049d090	exact	identical	22	22				
0049c850	0049d0e0	exact	identical	7	7				
0049c870	0049d100	exact	identical	31	31				
0049c8d0	0049d160	exact-ordered	identical	2	2				
0049c8e0	0049d170	exact-ordered	identical	4	4				
0049c920	0049d1b0	exact	identical	53	53				
0049c9f0	0049d280	exact-ordered	identical	2	2				
0049ca10	0049d2a0	exact-ordered	identical	2	2				
0049ca20	0049d2b0	exact-ordered	identical	4	4				
0049ca70	0049d300	exact-ordered	identical	2	2				
0049ca80	0049d310	exact-ordered	identical	4	4				
0049cad0	0049d360	exact-ordered	identical	2	2				
0049cae0	0049d370	exact-ordered	identical	4	4				
0049cb20	0049d3b0	exact	identical	65	65				
0049cbd0	0049d460	exact-ordered	identical	8	8				
0049cc00	0049d490	exact-ordered	identical	2	2				
0049cc10	0049d4a0	exact-ordered	identical	4	4				
0049cc60	0049d4f0	exact-ordered	identical	2	2				
0049cc70	0049d500	exact-ordered	identical	4	4				
0049ccc0	0049d550	exact-ordered	identical	2	2				
0049ccd0	0049d560	exact-ordered	identical	4	4				
0049cd10	0049d5a0	exact	identical	61	61				
0049ce00	0049d690	exact	identical	21	21				
0049ce40	0049d6d0	exact	identical	55	55				
0049cee0	0049d770	exact	identical	304	304				
0049d220	0049dab0	exact	identical	625	625				
0049d9a0	0049e230	exact	identical	182	182				
0049dbc0	0049e450	exact	identical	126	126				
0049ddb0	0049e640	exact	identical	18	18				
0049df20	0049e7b0	exact	identical	6	6				
0049df40	0049e7d0	exact	identical	143	143				
0049e100	0049e990	exact	identical	13	13				
0049e140	0049e9d0	exact	identical	68	68				
0049e240	0049ead0	exact	identical	6	6				
0049e270	0049eb00	exact-ordered	identical	2	2				
0049e280	0049eb10	exact-ordered	identical	4	4				
0049e2d0	0049eb60	exact-ordered	identical	2	2				
0049e2e0	0049eb70	exact-ordered	identical	4	4				
0049e320	0049ebb0	exact	identical	53	53				
0049e3f0	0049ec80	exact	identical	23	23				
0049e450	0049ece0	exact	identical	20	20				
0049e490	0049ed20	exact	identical	111	111				
0049e600	0049ee90	exact-ordered	identical	22	22				
0049e630	0049eec0	exact-ordered	identical	22	22				
0049e660	0049eef0	exact	identical	49	49				
0049e6f0	0049ef80	exact	identical	40	40				
0049e760	0049eff0	exact	identical	17	17				
0049e7a0	0049f030	exact	identical	11	11				
0049e7c0	0049f050	exact	identical	265	265				
0049eae0	0049f370	exact	identical	532	532				
0049f110	0049f9a0	exact	identical	90	90				
0049f200	0049fa90	exact	identical	111	111				
0049f3a0	0049fc30	exact	identical	14	14				
0049f4f0	0049fd80	exact	identical	6	6				
0049f510	0049fda0	exact	identical	44	44				
0049f590	0049fe20	exact	identical	9	9				
0049f5c0	0049fe50	exact	identical	58	58				
0049f6a0	0049ff30	exact	identical	4	4				
0049f7d0	004a0060	exact	identical	13	13				
0049f810	004a00a0	exact	identical	28	28				
0049f860	004a00f0	exact	identical	15	15				
0049f8a0	004a0130	exact	identical	4	4				
0049f8b0	004a0140	exact-ordered	identical	4	4				
0049f8d0	004a0160	similar:1.00	identical	11	11				
0049f8f0	004a0180	exact	identical	10	10				
0049f910	004a01a0	exact	identical	12	12				
0049f940	004a01d0	exact	identical	75	75				
0049f9f0	004a0280	exact	identical	55	55				
0049fa90	004a0320	exact	identical	13	13				
0049fac0	004a0350	exact	identical	143	143				
0049fcb0	004a0540	exact	identical	64	64				
0049fd40	004a05d0	exact	identical	16	16				
0049fd70	004a0600	exact	identical	127	127				
0049feb0	004a0740	exact	identical	69	69				
004a0000	004a0890	exact-ordered	identical	1	1				
004a0010	004a08a0	exact	identical	66	66				
004a0110	004a09a0	exact	identical	25	25				
004a0930	004a11c0	exact	identical	24	24				
004a09c0	004a1250	exact-ordered	identical	51	51				
004a0a50	004a12e0	exact-ordered	identical	51	51				
004a0ae0	004a1370	exact	identical	15	15				
004a0b60	004a13f0	exact	identical	45	45				
004a0c30	004a14c0	exact	identical	43	43				
004a19c0	004a2250	exact	identical	57	57				
004a1aa0	004a2330	exact	identical	23	23				
004a1b10	004a23a0	exact	identical	34	34				
004a1b70	004a2400	exact	identical	331	331				
004a2010	004a28a0	exact	identical	87	87				
004a20f0	004a2980	exact	identical	8	8				
004a2110	004a29a0	exact	identical	7	7				
004a2130	004a29c0	exact	identical	68	68				
004a21d0	004a2a60	exact	identical	253	253				
004a24c0	004a2d50	exact	identical	190	190				
004a2710	004a2fa0	exact	identical	26	26				
004a2880	004a3110	exact	identical	141	141				
004a2ae0	004a3370	exact-ordered	identical	9	9				
004a2b50	004a33e0	exact	identical	63	63				
004a2bf0	004a3480	exact	identical	99	99				
004a2d50	004a35e0	exact	identical	133	133				
004a2f00	004a3790	exact	identical	58	58				
004a2fd0	004a3860	exact	identical	11	11				
004a2ff0	004a3880	exact	identical	250	250				
004a3350	004a3be0	exact	identical	270	270				
004a3680	004a3f10	exact	identical	366	366				
004a3ac0	004a4350	exact	identical	51	51				
004a3b60	004a43f0	exact	identical	22	22				
004a3ba0	004a4430	exact	identical	22	22				
004a3be0	004a4470	exact	identical	22	22				
004a3c20	004a44b0	exact	identical	22	22				
004a3c60	004a44f0	exact	identical	22	22				
004a3ca0	004a4530	exact	identical	22	22				
004a3ce0	004a4570	exact	identical	22	22				
004a3df0	004a4680	exact	identical	140	140				
004a3fe0	004a4870	exact	identical	6	6				
004a4000	004a4890	exact	identical	29	29				
004a4060	004a48f0	exact	identical	43	43				
004a4240	004a4ad0	exact	identical	16	16				
004a4270	004a4b00	exact	identical	41	41				
004a42d0	004a4b60	exact	identical	103	103				
004a43e0	004a4c70	exact	identical	79	79				
004a44a0	004a4d30	exact	identical	7	7				
004a44c0	004a4d50	exact	identical	38	38				
004a4520	004a4db0	exact	identical	87	87				
004a4610	004a4ea0	exact	identical	18	18				
004a4640	004a4ed0	exact	identical	25	25				
004a4680	004a4f10	exact-ordered	identical	1	1				
004a4686	004a4f16	exact-ordered	identical	1	1				
004a468c	004a4f1c	exact-ordered	identical	1	1				
004a4692	004a4f22	exact-ordered	identical	1	1				
004a4698	004a4f28	exact-ordered	identical	1	1				
004a469e	004a4f2e	exact-ordered	identical	1	1				
004a46a4	004a4f34	exact-ordered	identical	1	1				
004a46aa	004a4f3a	exact-ordered	identical	1	1				
004a46b0	004a4f40	exact-ordered	identical	1	1				
004a46b6	004a4f46	exact-ordered	identical	1	1				
004a46bc	004a4f4c	exact-ordered	identical	1	1				
004a46c2	004a4f52	exact-ordered	identical	1	1				
004a46c8	004a4f58	exact-ordered	identical	1	1				
004a46ce	004a4f5e	exact-ordered	identical	1	1				
004a46d4	004a4f64	exact-ordered	identical	1	1				
004a46da	004a4f6a	exact-ordered	identical	1	1				
004a46e0	004a4f70	exact-ordered	identical	1	1				
004a46e6	004a4f76	exact-ordered	identical	1	1				
004a46ec	004a4f7c	exact-ordered	identical	1	1				
004a46f2	004a4f82	exact-ordered	identical	1	1				
004a46f8	004a4f88	exact-ordered	identical	1	1				
004a46fe	004a4f8e	exact-ordered	identical	1	1				
004a4704	004a4f94	exact-ordered	identical	1	1				
004a470a	004a4f9a	exact-ordered	identical	1	1				
004a4710	004a4fa0	exact-ordered	identical	1	1				
004a4716	004a4fa6	exact-ordered	identical	1	1				
004a471c	004a4fac	exact	identical	6	6				
004a4734	004a4fc4	exact	identical	8	8				
004a476c	004a4ffc	exact-ordered	identical	4	4				
004a4777	004a5007	exact	identical	29	29				
004a47bf	004a504f	exact	identical	6	6				
004a47d1	004a5061	exact	identical	16	16				
004a47fd	004a508d	exact	identical	30	30				
004a484b	004a50db	exact	identical	12	12				
004a4878	004a5108	exact	identical	6	6				
004a4889	004a5119	exact	identical	6	6				
004a489a	004a512a	exact	identical	51	51				
004a493f	004a51cf	exact-ordered	identical	4	4				
004a4948	004a51d8	exact-ordered	identical	4	4				
004a4951	004a51e1	exact	identical	12	12				
004a496b	004a51fb	exact	identical	17	17				
004a499f	004a522f	exact-ordered	identical	4	4				
004a49a6	004a5236	exact-ordered	identical	4	4				
004a49ad	004a523d	exact	identical	29	29				
004a49fc	004a528c	exact	identical	27	27				
004a4a32	004a52c2	exact	identical	26	26				
004a4a86	004a5316	exact	identical	16	16				
004a4aab	004a533b	exact	identical	57	57				
004a4b61	004a53f1	exact	identical	45	45				
004a4bd6	004a5466	exact	identical	51	51				
004a4c54	004a54e4	exact	identical	18	18				
004a4c96	004a5526	exact	identical	33	33				
004a4cfe	004a558e	exact	identical	10	10				
004a4d21	004a55b1	exact	identical	4	4				
004a4d2a	004a55ba	exact	identical	10	10				
004a4d42	004a55d2	exact	identical	36	36				
004a4dac	004a563c	exact	identical	8	8				
004a4dc4	004a5654	exact	identical	37	37				
004a4e42	004a56d2	exact	identical	8	8				
004a4e83	004a5713	exact	identical	34	34				
004a4eeb	004a577b	exact	identical	8	8				
004a4f03	004a5793	exact	identical	30	30				
004a4f61	004a57f1	exact	identical	6	6				
004a4f70	004a5800	exact	identical	32	32				
004a4faa	004a583a	exact-ordered	identical	34	34				
004a500f	004a589f	exact	identical	170	170				
004a51e8	004a5a78	exact	identical	32	32				
004a5245	004a5ad5	exact	identical	52	52				
004a52c8	004a5b58	exact-ordered	identical	34	34				
004a532d	004a5bbd	exact	identical	135	135				
004a54b8	004a5d48	exact	identical	7	7				
004a54cf	004a5d5f	exact	identical	241	241				
004a57a0	004a6030	exact	identical	15	15				
004a57c7	004a6057	exact	identical	6	6				
004a57e0	004a6070	exact	identical	17	17				
004a580f	004a609f	exact	identical	20	20				
004a5840	004a60d0	exact	identical	30	30				
004a588c	004a611c	exact	identical	21	21				
004a58bd	004a614d	exact	identical	6	6				
004a58e0	004a6170	exact	identical	89	89				
004a599c	004a622c	exact	identical	26	26				
004a59d8	004a6268	exact-ordered	identical	18	18				
004a5a07	004a6297	exact	identical	106	106				
004a5b11	004a63a1	exact-ordered	identical	18	18				
004a5b40	004a63d0	exact	identical	92	92				
004a5c28	004a64b8	exact	identical	16	16				
004a5c60	004a64f0	exact	identical	66	66				
004a5ce0	004a6570	exact	identical	13	13				
004a5d08	004a6598	exact	identical	13	13				
004a5d30	004a65c0	exact	identical	13	13				
004a5d5e	004a65ee	exact	identical	48	48				
004a5dc0	004a6650	exact	identical	44	44				
004a5e2f	004a66bf	exact	identical	71	71				
004a5efb	004a678b	exact	identical	78	78				
004a5f9f	004a682f	exact	identical	81	81				
004a60a7	004a6937	exact	identical	7	7				
004a60cc	004a695c	exact	identical	8	8				
004a60f0	004a6980	exact	identical	125	125				
004a6240	004a6ad0	exact	identical	31	31				
004a6278	004a6b08	exact	identical	59	59				
004a6303	004a6b93	exact-ordered	identical	4	4				
004a6310	004a6ba0	exact	identical	76	76				
004a63c0	004a6c50	exact	identical	23	23				
004a63f0	004a6c80	exact	identical	109	109				
004a64f0	004a6d80	exact-ordered	identical	231	231				
004a6825	004a70b5	exact	identical	38	38				
004a6889	004a7119	exact	identical	17	17				
004a68b5	004a7145	exact	identical	55	55				
004a6942	004a71d2	exact	identical	44	44				
004a69b1	004a7241	exact	identical	78	78				
004a6abe	004a730c	exact	identical	127	127				
004a6a80	004a7470	exact	identical	35	35				
004a6c1f	004a74ae	exact	identical	6	6				
004a6c31	004a74c0	exact	identical	24	24				
004a6c6f	004a74fe	exact	identical	13	13				
004a6c98	004a7527	exact	identical	37	37				
004a6d58	004a75e7	exact	identical	29	29				
004a6d96	004a7625	exact	identical	42	42				
004a6df7	004a7686	exact	identical	91	91				
004a6eb9	004a7748	exact	identical	37	37				
004a6f0e	004a779d	exact	identical	73	73				
004a6fb5	004a7844	exact	identical	66	66				
004a7048	004a78d7	exact	identical	29	29				
004a7099	004a7928	exact	identical	18	18				
004a70be	004a794d	exact	identical	20	20				
004a70fa	004a7989	exact	identical	12	12				
004a7123	004a79b2	exact	identical	37	37				
004a7184	004a7a13	exact	identical	7	7				
004a7199	004a7a28	exact	identical	15	15				
004a71d7	004a7a66	exact	identical	14	14				
004a7202	004a7a91	exact	identical	264	264				
004a752d	004a7dbc	exact	identical	275	275				
004a7836	004a80c5	exact	identical	53	53				
004a78e7	004a8176	exact	identical	85	85				
004a79e2	004a8271	exact	identical	259	259				
004a7cd8	004a8567	exact	identical	13	13				
004a7cf3	004a8582	exact	identical	61	61				
004a7d8e	004a861d	exact	identical	149	149				
004a7f41	004a87d0	exact	identical	68	68				
004a7feb	004a887a	exact	identical	42	42				
004a8048	004a88d7	exact	identical	47	47				
004a80fc	004a898b	exact	identical	50	50				
004a8177	004a8a06	exact	identical	52	52				
004a8244	004a8ad3	exact	identical	25	25				
004a82bc	004a8b4b	exact	identical	164	164				
004a8480	004a8d0f	exact	identical	33	33				
004a84e7	004a8d76	exact	identical	15	15				
004a8510	004a8da0	exact	identical	34	34				
004a855c	004a8dec	exact	identical	32	32				
004a85b0	004a8e40	exact	identical	4	4				
004a85c3	004a8e53	exact	identical	38	38				
004a862a	004a8eba	exact	identical	27	27				
004a868b	004a8f1b	exact	identical	25	25				
004a87a9	004a9039	exact	identical	11	11				
004a87c4	004a9054	exact	identical	27	27				
004a8809	004a9099	exact	identical	37	37				
004a887c	004a910c	exact	identical	3	3				
004a8885	004a9115	exact	identical	3	3				
004a888e	004a911e	exact	identical	103	103				
004a89b1	004a9241	exact	identical	47	47				
004a8a2d	004a92bd	exact	identical	48	48				
004a8aac	004a933c	exact	identical	19	19				
004a8aee	004a937e	exact	identical	34	34				
004a8b4d	004a93dd	exact	identical	10	10				
004a8b6f	004a93ff	exact	identical	150	150				
004a8d2b	004a95bb	exact-ordered	identical	34	34				
004a8d90	004a9620	exact	identical	41	41				
004a8e03	004a9693	exact	identical	103	103				
004a8fe4	004a9874	exact-ordered	identical	17	17				
004a9013	004a98a3	exact-ordered	identical	13	13				
004a9036	004a98c6	exact-ordered	identical	17	17				
004a9065	004a98f5	exact-ordered	identical	13	13				
004a9088	004a9918	exact	identical	17	17				
004a90b3	004a9943	exact	identical	22	22				
004a90e2	004a9972	exact	identical	22	22				
004a9110	004a99a0	exact	identical	40	40				
004a9175	004a9a05	exact	identical	66	66				
004a9219	004a9aa9	exact	identical	124	124				
004a9389	004a9c19	exact	identical	73	73				
004a9451	004a9ce1	exact	identical	53	53				
004a94de	004a9d6e	exact	identical	15	15				
004a9508	004a9d98	exact	identical	595	595				
004a9c49	004aa4d9	exact	identical	25	25				
004a9c7e	004aa50e	exact	identical	22	22				
004a9caf	004aa53f	exact	identical	27	27				
004a9ce7	004aa577	exact	identical	5	5				
004a9cf4	004aa584	exact	identical	6	6				
004a9d04	004aa594	exact	identical	5	5				
004a9d12	004aa5a2	exact	identical	106	106				
004a9e30	004aa6c0	exact-ordered	identical	231	231				
004aa165	004aa9f5	exact	identical	79	79				
004aa241	004aaad1	exact	identical	46	46				
004aa2b6	004aab46	exact	identical	177	177				
004aa4da	004aad6a	exact	identical	102	102				
004aa618	004aaea8	exact	identical	25	25				
004aa652	004aaee2	exact	identical	39	39				
004aa6aa	004aaf3a	exact	identical	71	71				
004aa763	004aaff3	exact	identical	62	62				
004aa7fc	004ab08c	exact	identical	187	187				
004aa9b0	004ab240	exact	identical	132	132				
004aaae2	004ab372	exact	identical	18	18				
004aab1b	004ab3ab	exact	identical	100	100				
004aac70	004ab500	exact	identical	19	19				
004aaca4	004ab534	exact	identical	56	56				
004aad31	004ab5c1	exact	identical	24	24				
004aad66	004ab5f6	exact	identical	8	8				
004aad7c	004ab60c	exact	identical	58	58				
004aae0e	004ab69e	exact	identical	53	53				
004aae97	004ab727	exact	identical	36	36				
004aaee0	004ab770	exact	identical	43	43				
004aaf36	004ab7c6	exact	identical	71	71				
004aafc2	004ab852	exact	identical	13	13				
004aafdd	004ab86d	exact	identical	8	8				
004aafe9	004ab879	exact	identical	13	13				
004ab004	004ab894	exact	identical	64	64				
004ab091	004ab921	exact	identical	138	138				
004ab1fd	004aba8d	exact-ordered	identical	6	6				
004ab213	004abaa3	exact-ordered	identical	6	6				
004ab229	004abab9	exact-ordered	identical	21	21				
004ab256	004abae6	exact-ordered	identical	21	21				
004ab283	004abb13	exact	identical	57	57				
004ab2fa	004abb8a	exact	identical	41	41				
004ab356	004abbe6	exact	identical	70	70				
004ab410	004abca0	exact	identical	3	3				
004ab420	004abcb0	exact	identical	84	84				
004ab500	004abd90	exact	identical	40	40				
004ab560	004abdf0	exact	identical	44	44				
004ab5db	004abe6b	exact	identical	4	4				
004ab5e4	004abe74	exact	identical	24	24				
004ab648	004abed8	exact-ordered	identical	12	12				
004ab664	004abef4	exact-ordered	identical	12	12				
004ab680	004abf10	exact	identical	11	11				
004ab6a0	004abf30	exact	identical	54	54				
004ab724	004abfb4	exact	identical	8	8				
004ab73b	004abfcb	exact	identical	31	31				
004ab81d	004ac0ad	exact	identical	52	52				
004ab8b0	004ac140	exact	identical	13	13				
004ab8d9	004ac169	exact	identical	39	39				
004ab932	004ac1c2	exact	identical	38	38				
004ab9a0	004ac230	exact	identical	43	43				
004aba10	004ac2a0	exact	identical	44	44				
004aba85	004ac315	exact	identical	19	19				
004abac9	004ac359	exact	identical	117	117				
004abc12	004ac4a2	exact	identical	6	6				
004abc23	004ac4b3	exact	identical	16	16				
004abc54	004ac4e4	exact	identical	143	143				
004abe01	004ac691	exact	identical	15	15				
004abe4b	004ac6db	exact	identical	19	19				
004abe7e	004ac70e	exact	identical	17	17				
004abea7	004ac737	exact	identical	124	124				
004ac02c	004ac8bc	exact	identical	7	7				
004ac048	004ac8d8	exact	identical	50	50				
004ac0d1	004ac961	exact	identical	138	138				
004ac253	004acae3	exact	identical	25	25				
004ac290	004acb20	exact	identical	15	15				
004ac2b1	004acb41	exact	identical	38	38				
004ac30f	004acb9f	exact	identical	21	21				
004ac33d	004acbcd	exact	identical	21	21				
004ac36a	004acbfa	exact	identical	76	76				
004ac431	004accc1	exact	identical	417	417				
004ac902	004ad192	exact	identical	232	232				
004acb95	004ad425	exact	identical	18	18				
004acbc2	004ad452	exact	identical	47	47				
004acc20	004ad4b0	exact	identical	85	85				
004accf0	004ad580	exact	identical	103	103				
004acdf1	004ad681	exact	identical	177	177				
004ad011	004ad8a1	exact	identical	52	52				
004ad08d	004ad91d	exact	identical	12	12				
004ad0ae	004ad93e	exact	identical	51	51				
004ad12b	004ad9bb	exact	identical	24	24				
004ad16a	004ad9fa	exact	identical	58	58				
004ad1d8	004ada68	exact	identical	221	221				
004ad455	004adce5	exact	identical	20	20				
004ad480	004add10	exact	identical	155	155				
004ad607	004ade97	exact	identical	35	35				
004ad65f	004adeef	exact	identical	49	49				
004ad6c6	004adf56	exact	identical	62	62				
004ad75d	004adfed	exact	identical	23	23				
004ad790	004ae020	exact	identical	83	83				
004ad8c0	004ae150	exact	identical	64	64				
004ad980	004ae210	exact	identical	5	5				
004ad990	004ae220	exact	identical	29	29				
004ad9e0	004ae270	exact	identical	95	95				
004adaf0	004ae380	exact	identical	41	41				
004adb70	004ae400	exact	identical	66	66				
004adc40	004ae4d0	exact	identical	20	20				
004add00	004ae590	exact	identical	41	41				
004add70	004ae600	exact	identical	62	62				
004ade30	004ae6c0	exact	identical	23	23				
004ade70	004ae700	exact	identical	21	21				
004adeb0	004ae740	exact	identical	11	11				
004aded0	004ae760	exact	identical	69	69				
004adfc0	004ae850	exact	identical	29	29				
004ae020	004ae8b0	exact	identical	34	34				
004ae080	004ae910	exact	identical	37	37				
004ae100	004ae990	exact	identical	228	228				
004ae3f0	004aec80	exact	identical	16	16				
004ae440	004aecd0	exact	identical	29	29				
004ae5a0	004aee30	exact	identical	98	98				
004ae6e0	004aef70	exact	identical	110	110				
004ae810	004af0a0	exact	identical	11	11				
004ae830	004af0c0	exact	identical	60	60				
004ae8e0	004af170	exact	identical	69	69				
004ae990	004af220	exact	identical	71	71				
004aea40	004af2d0	exact	identical	38	38				
004aeab0	004af340	exact	identical	38	38				
004aeb20	004af3b0	exact	identical	155	155				
004aee00	004af690	exact	identical	72	72				
004aeff0	004af880	exact	identical	74	74				
004af090	004af920	exact	identical	98	98				
004af1d0	004afa60	exact	identical	15	15				
004af200	004afa90	exact	identical	15	15				
004af220	004afab0	exact	identical	9	9				
004af240	004afad0	exact	identical	9	9				
004af260	004afaf0	exact	identical	22	22				
004af2d0	004afb60	exact	identical	35	35				
004af320	004afbb0	exact	identical	26	26				
004af360	004afbf0	exact	identical	12	12				
004af380	004afc10	exact	identical	17	17				
004af3b0	004afc40	exact	identical	20	20				
004af3f0	004afc80	exact	identical	54	54				
004af490	004afd20	exact	identical	57	57				
004af530	004afdc0	exact	identical	104	104				
004af630	004afec0	exact	identical	77	77				
004af710	004affa0	exact	identical	75	75				
004af890	004b0120	exact	identical	74	74				
004af950	004b01e0	exact-ordered	identical	1	1				
004af960	004b01f0	exact	identical	15	15				
004af990	004b0220	exact	identical	77	77				
004afa90	004b0320	exact	identical	52	52				
004afb10	004b03a0	exact	identical	63	63				
004afbd0	004b0460	exact	identical	5	5				
004afbe0	004b0470	exact	identical	5	5				
004afbf0	004b0480	callgraph	identical	2	2				
004afc00	004b0490	exact	identical	8	8				
004afc20	004b04b0	callgraph	identical	2	2				
004afc30	004b04c0	exact	identical	6	6				
004afc40	004b04d0	exact	identical	11	11				
004afc60	004b04f0	exact	identical	31	31				
004afcb0	004b0540	exact	identical	12	12				
004afcd0	004b0560	exact	identical	58	58				
004afdb0	004b0640	exact	identical	69	69				
004afe60	004b06f0	exact	identical	78	78				
004affd0	004b0860	exact	identical	27	27				
004b04e0	004b0d70	exact	identical	158	158				
004b06d0	004b0f60	exact	identical	97	97				
004b07f0	004b1080	exact	identical	183	183				
004b0a20	004b12b0	exact	identical	22	22				
004b0d30	004b15c0	exact	identical	371	371				
004b1150	004b19e0	exact	identical	21	21				
004b1180	004b1a10	exact	identical	83	83				
004b1250	004b1ae0	exact	identical	58	58				
004b12e0	004b1b70	exact	identical	70	70				
004b14f0	004b1d80	exact	identical	69	69				
004b16a0	004b1f30	exact	identical	21	21				
004b1b90	004b2420	exact	identical	25	25				
004b1bd0	004b2460	exact	identical	58	58				
004b1c80	004b2510	exact	identical	75	75				
004b1d40	004b25d0	exact	identical	179	179				
004b1f40	004b27d0	exact	identical	84	84				
004b2c20	004b34b0	exact	identical	44	44				
004b31f0	004b3a80	exact	identical	66	66				
004b3470	004b3d00	exact	identical	27	27				
004b3680	004b3f10	exact	identical	102	102				
004b37b0	004b4040	exact	identical	121	121				
004b3b00	004b4390	exact	identical	40	40				
004b3b60	004b43f0	exact	identical	28	28				
004b41d0	004b4a60	exact	identical	197	197				
004b4620	004b4eb0	exact	identical	62	62				
004b4840	004b50d0	exact	identical	43	43				
004b4950	004b51e0	exact	identical	57	57				
004b4a10	004b52a0	exact	identical	163	163				
004b4be0	004b5470	exact	identical	328	328				
004b4f80	004b5810	exact	identical	142	142				
004b5140	004b59d0	exact	identical	86	86				
004b5240	004b5ad0	exact	identical	140	140				
004b5410	004b5ca0	exact	identical	13	13				
004b5d40	004b65d0	exact-ordered	identical	1	1				
004b5d46	004b65d6	exact	identical	32	32				
004b5d98	004b6628	exact	identical	19	19				
004b5dcc	004b665c	exact	identical	906	906				
004b67f1	004b7081	exact	identical	21	21				
004b6828	004b70b8	exact	identical	12	12				
004b6842	004b70d2	exact	identical	8	8				
004b6859	004b70e9	exact	identical	17	17				
004b687d	004b710d	exact	identical	39	39				
004b68da	004b716a	exact	identical	75	75				
004b69b0	004b7240	exact	identical	15	15				
004b69cf	004b725f	exact	identical	48	48				
004b6a40	004b72d0	exact-ordered	identical	3	3				
004b6a60	004b72f0	exact-ordered	identical	2	2				
004b6a68	004b72f8	exact-ordered	identical	3	3				
004b6a80	004b7310	exact-ordered	identical	2	2				
004b6a8b	004b731b	exact-ordered	identical	2	2				
004b6ac1	004b735c	exact-ordered	identical	2	2				
004b6af0	004b7380	exact-ordered	identical	2	2				
004b6b10	004b73a0	exact-ordered	identical	2	2				
004b6b30	004b73c0	exact	identical	7	7				
004b6b46	004b73d6	exact-ordered	identical	2	2				
004b6b60	004b73f0	exact	identical	7	7				
004b6b90	004b7420	shape	operands	7	7				
004b6bc0	004b7450	exact-ordered	identical	2	2				
004b6bc8	004b7458	exact	identical	3	3				
004b6be0	004b7470	exact-ordered	identical	2	2				
004b6c00	004b7490	exact-ordered	identical	2	2				
004b6c40	004b74d0	exact-ordered	identical	2	2				
004b6c60	004b74f0	exact-ordered	identical	2	2				
004b6c80	004b7510	exact-ordered	identical	2	2				
004b6c88	004b7518	exact-ordered	identical	3	3				
004b6c93	004b7523	exact-ordered	identical	3	3				
004b6c9e	004b752e	exact-ordered	identical	3	3				
004b6cac	004b753c	exact-ordered	identical	3	3				
004b6cd0	004b7560	exact-ordered	identical	2	2				
004b6cd8	004b7568	exact-ordered	identical	3	3				
004b6ce3	004b7573	exact-ordered	identical	3	3				
004b6cee	004b757e	exact-ordered	identical	3	3				
004b6cfc	004b758c	exact-ordered	identical	3	3				
004b6d20	004b75b0	exact-ordered	identical	2	2				
004b6d28	004b75b8	exact-ordered	identical	3	3				
004b6d33	004b75c3	exact-ordered	identical	3	3				
004b6d3e	004b75ce	exact-ordered	identical	3	3				
004b6d4c	004b75dc	exact-ordered	identical	3	3				
004b6d5a	004b75ea	exact-ordered	identical	3	3				
004b6d68	004b75f8	exact-ordered	identical	3	3				
004b6d76	004b7606	exact-ordered	identical	3	3				
004b6d84	004b7614	exact-ordered	identical	8	8				
004b6db0	004b7640	exact-ordered	identical	2	2				
004b6db8	004b7648	exact-ordered	identical	3	3				
004b6dc3	004b7653	exact-ordered	identical	3	3				
004b6dce	004b765e	exact-ordered	identical	3	3				
004b6ddc	004b766c	exact-ordered	identical	3	3				
004b6dea	004b767a	exact-ordered	identical	3	3				
004b6df8	004b7688	exact-ordered	identical	3	3				
004b6e06	004b7696	exact-ordered	identical	3	3				
004b6e14	004b76a4	exact-ordered	identical	8	8				
004b6e40	004b76d0	exact-ordered	identical	2	2				
004b6e48	004b76d8	exact-ordered	identical	3	3				
004b6e60	004b76f0	exact-ordered	identical	2	2				
004b6e68	004b76f8	exact-ordered	identical	3	3				
004b6e80	004b7710	exact-ordered	identical	2	2				
004b6e88	004b7718	exact-ordered	identical	8	8				
004b6e9e	004b772e	exact-ordered	identical	8	8				
004b6eb6	004b7746	exact-ordered	identical	3	3				
004b6ed0	004b7760	exact-ordered	identical	2	2				
004b6ed8	004b7768	exact-ordered	identical	8	8				
004b6eee	004b777e	exact-ordered	identical	8	8				
004b6f06	004b7796	exact-ordered	identical	3	3				
004b6f20	004b77b0	exact-ordered	identical	2	2				
004b6f40	004b77d0	exact-ordered	identical	2	2				
004b6f60	004b77f0	exact-ordered	identical	2	2				
004b6f68	004b77f8	exact-ordered	identical	3	3				
004b6f73	004b7803	exact-ordered	identical	3	3				
004b6f7e	004b780e	exact-ordered	identical	3	3				
004b6f8c	004b781c	exact-ordered	identical	3	3				
004b6f9a	004b782a	exact-ordered	identical	3	3				
004b6fa8	004b7838	exact-ordered	identical	3	3				
004b6fb6	004b7846	exact-ordered	identical	3	3				
004b6fc4	004b7854	exact-ordered	identical	3	3				
004b6fd2	004b7862	exact-ordered	identical	3	3				
004b6fe0	004b7870	exact-ordered	identical	3	3				
004b7000	004b7890	exact-ordered	identical	2	2				
004b7008	004b7898	exact-ordered	identical	3	3				
004b7013	004b78a3	exact-ordered	identical	3	3				
004b701e	004b78ae	exact-ordered	identical	3	3				
004b702c	004b78bc	exact-ordered	identical	3	3				
004b703a	004b78ca	exact-ordered	identical	3	3				
004b7048	004b78d8	exact-ordered	identical	3	3				
004b7056	004b78e6	exact-ordered	identical	3	3				
004b7064	004b78f4	exact-ordered	identical	3	3				
004b7072	004b7902	exact-ordered	identical	3	3				
004b7080	004b7910	exact-ordered	identical	3	3				
004b70d0	004b7960	exact-ordered	identical	2	2				
004b70f0	004b7980	exact-ordered	identical	2	2				
004b7106	004b7996	exact-ordered	identical	2	2				
004b711c	004b79ac	exact-ordered	identical	2	2				
004b7150	004b79e0	exact-ordered	identical	2	2				
004b715b	004b79eb	exact-ordered	identical	2	2				
004b7166	004b79f6	exact-ordered	identical	2	2				
004b7180	004b7a10	exact-ordered	identical	2	2				
004b71a0	004b7a30	exact-ordered	identical	2	2				
004b71c0	004b7a50	exact-ordered	identical	2	2				
004b71e0	004b7a70	exact-ordered	identical	2	2				
004b7200	004b7a90	exact	identical	7	7				
004b7216	004b7aa6	exact-ordered	identical	2	2				
004b7221	004b7ab1	exact-ordered	identical	2	2				
004b7240	004b7ad0	exact	identical	7	7				
004b7256	004b7ae6	exact	identical	7	7				
004b726c	004b7afc	exact-ordered	identical	2	2				
004b7290	004b7b20	exact-ordered	identical	2	2				
004b7350	004b7b40	exact-ordered	identical	3	3				
004b7370	004b7b60	exact-ordered	identical	3	3				
004b737e	004b7b6e	exact	identical	3	3				
004b73ab	004b7b9b	exact	identical	5	5				
004b72b0	004b7be0	exact-ordered	identical	2	2				
004b72d0	004b7c00	exact-ordered	identical	2	2				
004b72d8	004b7c08	exact	identical	3	3				
004b72e6	004b7c16	exact-ordered	identical	3	3				
004b7300	004b7c30	exact-ordered	identical	5	5				
004b730b	004b7c3b	exact-ordered	identical	5	5				
004b7316	004b7c46	exact-ordered	identical	5	5				
004b7321	004b7c51	exact-ordered	identical	5	5				
004b732c	004b7c5c	exact-ordered	identical	5	5				
004b7337	004b7c67	exact-ordered	identical	5	5				
004b73f0	004b7c80	exact-ordered	identical	2	2				
004b7410	004b7ca0	exact-ordered	identical	2	2				
004b7430	004b7cc0	exact	identical	5	5				
004b7450	004b7ce0	exact-ordered	identical	5	5				
004b745b	004b7ceb	exact	identical	5	5				
004b7466	004b7cf6	exact-ordered	identical	7	7				
004b7477	004b7d07	exact-ordered	identical	7	7				
004b748a	004b7d1a	exact-ordered	identical	7	7				
004b749b	004b7d2b	exact-ordered	identical	7	7				
004b74ae	004b7d3e	exact-ordered	identical	7	7				
004b74bf	004b7d4f	exact-ordered	identical	7	7				
004b74d2	004b7d62	exact-ordered	identical	7	7				
004b74f0	004b7d80	exact-ordered	identical	5	5				
004b7510	004b7da0	exact	identical	5	5				
004b7530	004b7dc0	exact	identical	3	3				
004b7550	004b7de0	exact-ordered	identical	2	2				
004b7570	004b7e00	exact-ordered	identical	2	2				
004b7590	004b7e20	exact-ordered	identical	2	2				
004b75d0	004b7e60	exact-ordered	identical	2	2				
004b75f0	004b7e80	exact	identical	5	5				
004b7610	004b7ea0	exact-ordered	identical	2	2				
004b7630	004b7ec0	exact-ordered	identical	2	2				
004b7650	004b7ee0	exact-ordered	identical	2	2				
004b7670	004b7f00	exact-ordered	identical	2	2				
004b7678	004b7f08	exact-ordered	identical	3	3				
004b7690	004b7f20	exact-ordered	identical	2	2				
004b7698	004b7f28	exact-ordered	identical	3	3				
004b76a6	004b7f36	exact	identical	3	3				
004b76c0	004b7f50	exact	identical	3	3				
004b76cb	004b7f5b	exact	identical	3	3				
004b76d9	004b7f69	exact	identical	3	3				
004b76f0	004b7f80	exact-ordered	identical	3	3				
004b7710	004b7fa0	exact	identical	8	8				
004b7740	004b7fd0	exact-ordered	identical	2	2				
004b7748	004b7fd8	exact-ordered	identical	3	3				
004b7756	004b7fe6	exact-ordered	identical	3	3				
004b7764	004b7ff4	exact-ordered	identical	3	3				
004b7772	004b8002	exact-ordered	identical	3	3				
004b7780	004b8010	exact-ordered	identical	3	3				
004b778e	004b801e	exact-ordered	identical	3	3				
004b779c	004b802c	exact-ordered	identical	3	3				
004b77aa	004b803a	exact-ordered	identical	3	3				
004b77d0	004b8060	exact-ordered	identical	5	5				
004b77f0	004b8080	exact-ordered	identical	5	5				
004b7810	004b80a0	exact-ordered	identical	2	2				
004b7830	004b80c0	exact	identical	3	3				
004b783e	004b80ce	exact	identical	12	12				
004b7871	004b8101	exact	identical	12	12				
004b78a4	004b8134	exact	identical	12	12				
004b78da	004b816a	exact	identical	12	12				
004b7920	004b81b0	exact-ordered	identical	2	2				
004b7928	004b81b8	exact-ordered	identical	3	3				
004b7936	004b81c6	exact-ordered	identical	3	3				
004b7944	004b81d4	exact-ordered	identical	3	3				
004b7952	004b81e2	exact-ordered	identical	3	3				
004b7960	004b81f0	exact-ordered	identical	3	3				
004b796e	004b81fe	exact-ordered	identical	3	3				
004b797c	004b820c	exact-ordered	identical	3	3				
004b798a	004b821a	exact-ordered	identical	3	3				
004b7998	004b8228	exact-ordered	identical	3	3				
004b79a3	004b8233	exact-ordered	identical	3	3				
004b79ae	004b823e	exact-ordered	identical	2	2				
004b79b6	004b8246	exact-ordered	identical	2	2				
004b79d0	004b8260	exact-ordered	identical	5	5				
004b79f0	004b8280	exact-ordered	identical	3	3				
004b7a10	004b82a0	exact-ordered	identical	3	3				
004b7a30	004b82c0	exact-ordered	identical	5	5				
004b7a50	004b8300	exact-ordered	identical	2	2				
004b7a58	004b8308	exact	identical	3	3				
004b7a70	004b8320	exact-ordered	identical	2	2				
004b7a78	004b8328	exact	identical	3	3				
004b7a86	004b8336	exact	identical	3	3				
004b7a94	004b8344	exact-ordered	identical	2	2				
004b7a9c	004b834c	exact-ordered	identical	2	2				
004b7ab0	004b8360	exact-ordered	identical	2	2				
004b7abb	004b836b	exact-ordered	identical	2	2				
004b7ac6	004b8376	exact-ordered	identical	2	2				
004b7ad1	004b8381	exact-ordered	identical	2	2				
004b7adc	004b838c	exact-ordered	identical	2	2				
004b7ae7	004b8397	exact-ordered	identical	2	2				
004b7af2	004b83a2	exact-ordered	identical	2	2				
004b7afd	004b83ad	exact-ordered	identical	2	2				
004b7b08	004b83b8	exact-ordered	identical	2	2				
004b7b13	004b83c3	exact-ordered	identical	2	2				
004b7b1e	004b83ce	exact-ordered	identical	2	2				
004b7b29	004b83d9	exact-ordered	identical	2	2				
004b7b34	004b83e4	exact-ordered	identical	2	2				
004b7b3f	004b83ef	exact-ordered	identical	2	2				
004b7b4a	004b83fa	exact-ordered	identical	2	2				
004b7b55	004b8405	exact-ordered	identical	2	2				
004b7b60	004b8410	exact-ordered	identical	2	2				
004b7b6b	004b841b	exact-ordered	identical	2	2				
004b7b76	004b8426	exact-ordered	identical	2	2				
004b7b81	004b8431	exact-ordered	identical	2	2				
004b7b8c	004b843c	exact-ordered	identical	2	2				
004b7b97	004b8447	exact-ordered	identical	2	2				
004b7ba2	004b8452	exact-ordered	identical	2	2				
004b7bad	004b845d	exact-ordered	identical	2	2				
004b7bb8	004b8468	exact-ordered	identical	2	2				
004b7bc3	004b8473	exact-ordered	identical	2	2				
004b7bce	004b847e	exact-ordered	identical	2	2				
004b7bd9	004b8489	exact-ordered	identical	2	2				
004b7be4	004b8494	exact-ordered	identical	2	2				
004b7bef	004b849f	exact-ordered	identical	2	2				
004b7bfa	004b84aa	exact-ordered	identical	2	2				
004b7c05	004b84b5	exact-ordered	identical	2	2				
004b7c10	004b84c0	exact-ordered	identical	2	2				
004b7c1b	004b84cb	exact-ordered	identical	2	2				
004b7c26	004b84d6	exact-ordered	identical	2	2				
004b7c31	004b84e1	exact-ordered	identical	2	2				
004b7c3c	004b84ec	exact-ordered	identical	2	2				
004b7c47	004b84f7	exact-ordered	identical	2	2				
004b7c52	004b8502	exact-ordered	identical	2	2				
004b7c5d	004b850d	exact-ordered	identical	2	2				
004b7c68	004b8518	exact-ordered	identical	2	2				
004b7c73	004b8523	exact-ordered	identical	2	2				
004b7c7e	004b852e	exact-ordered	identical	2	2				
004b7c89	004b8539	exact-ordered	identical	2	2				
004b7c94	004b8544	exact-ordered	identical	2	2				
004b7c9f	004b854f	exact-ordered	identical	2	2				
004b7caa	004b855a	exact-ordered	identical	2	2				
004b7cb5	004b8565	exact-ordered	identical	2	2				
004b7cc0	004b8570	exact-ordered	identical	2	2				
004b7ccb	004b857b	exact-ordered	identical	2	2				
004b7cd6	004b8586	exact-ordered	identical	2	2				
004b7ce1	004b8591	exact-ordered	identical	2	2				
004b7cec	004b859c	exact-ordered	identical	2	2				
004b7cf7	004b85a7	exact-ordered	identical	2	2				
004b7d02	004b85b2	exact-ordered	identical	2	2				
004b7d0d	004b85bd	exact-ordered	identical	2	2				
004b7d18	004b85c8	exact-ordered	identical	2	2				
004b7d23	004b85d3	exact-ordered	identical	2	2				
004b7d2e	004b85de	exact-ordered	identical	2	2				
004b7d39	004b85e9	exact-ordered	identical	2	2				
004b7d44	004b85f4	exact-ordered	identical	2	2				
004b7d4f	004b85ff	exact-ordered	identical	2	2				
004b7d5a	004b860a	exact-ordered	identical	2	2				
004b7d65	004b8615	exact-ordered	identical	2	2				
004b7d70	004b8620	exact-ordered	identical	2	2				
004b7d7b	004b862b	exact-ordered	identical	2	2				
004b7d86	004b8636	exact-ordered	identical	2	2				
004b7d91	004b8641	exact-ordered	identical	2	2				
004b7d9c	004b864c	exact-ordered	identical	2	2				
004b7da7	004b8657	exact-ordered	identical	2	2				
004b7db2	004b8662	exact-ordered	identical	2	2				
004b7dbd	004b866d	exact-ordered	identical	2	2				
004b7dc8	004b8678	exact-ordered	identical	2	2				
004b7dd3	004b8683	exact-ordered	identical	2	2				
004b7dde	004b868e	exact-ordered	identical	2	2				
004b7de9	004b8699	exact-ordered	identical	2	2				
004b7df4	004b86a4	exact-ordered	identical	2	2				
004b7dff	004b86af	exact-ordered	identical	2	2				
004b7e0a	004b86ba	exact-ordered	identical	2	2				
004b7e15	004b86c5	exact-ordered	identical	2	2				
004b7e20	004b86d0	exact-ordered	identical	2	2				
004b7e2b	004b86db	exact-ordered	identical	2	2				
004b7e36	004b86e6	exact-ordered	identical	2	2				
004b7e41	004b86f1	exact-ordered	identical	2	2				
004b7e4c	004b86fc	exact-ordered	identical	2	2				
004b7e57	004b8707	exact-ordered	identical	2	2				
004b7e62	004b8712	exact-ordered	identical	2	2				
004b7e6d	004b871d	exact-ordered	identical	2	2				
004b7e78	004b8728	exact-ordered	identical	2	2				
004b7e83	004b8733	exact-ordered	identical	2	2				
004b7e8e	004b873e	exact-ordered	identical	2	2				
004b7e99	004b8749	exact-ordered	identical	2	2				
004b7ea4	004b8754	exact-ordered	identical	2	2				
004b7eaf	004b875f	exact-ordered	identical	2	2				
004b7eba	004b876a	exact-ordered	identical	2	2				
004b7ec5	004b8775	exact-ordered	identical	2	2				
004b7ed0	004b8780	exact-ordered	identical	2	2				
004b7edb	004b878b	exact-ordered	identical	2	2				
004b7ee6	004b8796	exact-ordered	identical	2	2				
004b7ef1	004b87a1	exact-ordered	identical	2	2				
004b7efc	004b87ac	exact-ordered	identical	2	2				
004b7f07	004b87b7	exact-ordered	identical	2	2				
004b7f12	004b87c2	exact-ordered	identical	2	2				
004b7f1d	004b87cd	exact-ordered	identical	2	2				
004b7f28	004b87d8	exact-ordered	identical	2	2				
004b7f33	004b87e3	exact-ordered	identical	2	2				
004b7f3e	004b87ee	exact-ordered	identical	2	2				
004b7f49	004b87f9	exact-ordered	identical	2	2				
004b7f54	004b8804	exact-ordered	identical	2	2				
004b7f70	004b8820	exact-ordered	identical	2	2				
004b7f7b	004b882b	exact-ordered	identical	2	2				
004b7f86	004b8836	exact-ordered	identical	2	2				
004b7f91	004b8841	exact-ordered	identical	2	2				
004b7f9c	004b884c	exact-ordered	identical	2	2				
004b7fa7	004b8857	exact-ordered	identical	2	2				
004b7fb2	004b8862	exact-ordered	identical	2	2				
004b7fbd	004b886d	exact-ordered	identical	2	2				
004b7fc8	004b8878	exact-ordered	identical	2	2				
004b7fd3	004b8883	exact-ordered	identical	2	2				
004b7fde	004b888e	exact-ordered	identical	2	2				
004b7fe9	004b8899	exact-ordered	identical	2	2				
004b7ff4	004b88a4	exact-ordered	identical	2	2				
004b7fff	004b88af	exact-ordered	identical	2	2				
004b800a	004b88ba	exact-ordered	identical	2	2				
004b8015	004b88c5	exact-ordered	identical	2	2				
004b8020	004b88d0	exact-ordered	identical	2	2				
004b802b	004b88db	exact-ordered	identical	2	2				
004b8036	004b88e6	exact-ordered	identical	2	2				
004b8041	004b88f1	exact-ordered	identical	2	2				
004b804c	004b88fc	exact-ordered	identical	2	2				
004b8057	004b8907	exact-ordered	identical	2	2				
004b8062	004b8912	exact-ordered	identical	2	2				
004b806d	004b891d	exact-ordered	identical	2	2				
004b8078	004b8928	exact-ordered	identical	2	2				
004b8083	004b8933	exact-ordered	identical	2	2				
004b808e	004b893e	exact-ordered	identical	2	2				
004b8099	004b8949	exact-ordered	identical	2	2				
004b80a4	004b8954	exact-ordered	identical	2	2				
004b80af	004b895f	exact-ordered	identical	2	2				
004b80ba	004b896a	exact-ordered	identical	2	2				
004b80c5	004b8975	exact-ordered	identical	2	2				
004b80d0	004b8980	exact-ordered	identical	2	2				
004b80db	004b898b	exact-ordered	identical	2	2				
004b80e6	004b8996	exact-ordered	identical	2	2				
004b80f1	004b89a1	exact-ordered	identical	2	2				
004b80fc	004b89ac	exact-ordered	identical	2	2				
004b8107	004b89b7	exact-ordered	identical	2	2				
004b8112	004b89c2	exact-ordered	identical	2	2				
004b811d	004b89cd	exact-ordered	identical	2	2				
004b8128	004b89d8	exact-ordered	identical	2	2				
004b8133	004b89e3	exact-ordered	identical	2	2				
004b813e	004b89ee	exact-ordered	identical	2	2				
004b8149	004b89f9	exact-ordered	identical	2	2				
004b8154	004b8a04	exact-ordered	identical	2	2				
004b815f	004b8a0f	exact-ordered	identical	2	2				
004b816a	004b8a1a	exact-ordered	identical	2	2				
004b8175	004b8a25	exact-ordered	identical	2	2				
004b8180	004b8a30	exact-ordered	identical	2	2				
004b818b	004b8a3b	exact-ordered	identical	2	2				
004b8196	004b8a46	exact-ordered	identical	2	2				
004b81a1	004b8a51	exact-ordered	identical	2	2				
004b81ac	004b8a5c	exact-ordered	identical	2	2				
004b81b7	004b8a67	exact-ordered	identical	2	2				
004b81c2	004b8a72	exact-ordered	identical	2	2				
004b81cd	004b8a7d	exact-ordered	identical	3	3				
004b81db	004b8a8b	exact-ordered	identical	3	3				
004b81e9	004b8a99	exact-ordered	identical	2	2				
004b81f4	004b8aa4	exact-ordered	identical	2	2				
004b81ff	004b8aaf	exact-ordered	identical	2	2				
004b820a	004b8aba	exact-ordered	identical	2	2				
004b8215	004b8ac5	exact-ordered	identical	2	2				
004b8220	004b8ad0	exact-ordered	identical	2	2				
004b822b	004b8adb	exact-ordered	identical	2	2				
004b8236	004b8ae6	exact-ordered	identical	2	2				
004b8241	004b8af1	exact-ordered	identical	2	2				
004b824c	004b8afc	exact-ordered	identical	2	2				
004b8257	004b8b07	exact-ordered	identical	2	2				
004b8262	004b8b12	exact-ordered	identical	2	2				
004b826d	004b8b1d	exact-ordered	identical	2	2				
004b8278	004b8b28	exact-ordered	identical	2	2				
004b8283	004b8b33	exact-ordered	identical	2	2				
004b828e	004b8b3e	exact-ordered	identical	2	2				
004b8299	004b8b49	exact-ordered	identical	2	2				
004b82a4	004b8b54	exact-ordered	identical	2	2				
004b82af	004b8b5f	exact-ordered	identical	2	2				
004b82ba	004b8b6a	exact-ordered	identical	2	2				
004b82c5	004b8b75	exact-ordered	identical	2	2				
004b82d0	004b8b80	exact-ordered	identical	2	2				
004b82db	004b8b8b	exact-ordered	identical	2	2				
004b82e6	004b8b96	exact-ordered	identical	2	2				
004b82f1	004b8ba1	exact-ordered	identical	2	2				
004b82fc	004b8bac	exact-ordered	identical	2	2				
004b8307	004b8bb7	exact-ordered	identical	2	2				
004b8312	004b8bc2	exact-ordered	identical	2	2				
004b831d	004b8bcd	exact-ordered	identical	2	2				
004b8328	004b8bd8	exact-ordered	identical	2	2				
004b8333	004b8be3	exact-ordered	identical	2	2				
004b833e	004b8bee	exact-ordered	identical	2	2				
004b8349	004b8bf9	exact-ordered	identical	2	2				
004b8354	004b8c04	exact-ordered	identical	2	2				
004b835f	004b8c0f	exact-ordered	identical	2	2				
004b836a	004b8c1a	exact-ordered	identical	2	2				
004b8375	004b8c25	exact-ordered	identical	2	2				
004b8380	004b8c30	exact-ordered	identical	2	2				
004b838b	004b8c3b	exact-ordered	identical	2	2				
004b8396	004b8c46	exact-ordered	identical	2	2				
004b83a1	004b8c51	exact-ordered	identical	2	2				
004b83ac	004b8c5c	exact-ordered	identical	2	2				
004b83b7	004b8c67	exact-ordered	identical	2	2				
004b83c2	004b8c72	exact-ordered	identical	2	2				
004b83cd	004b8c7d	exact-ordered	identical	2	2				
004b83d8	004b8c88	exact-ordered	identical	2	2				
004b83e3	004b8c93	exact-ordered	identical	2	2				
004b83ee	004b8c9e	exact-ordered	identical	2	2				
004b83f9	004b8ca9	exact-ordered	identical	2	2				
004b8404	004b8cb4	exact-ordered	identical	2	2				
004b840f	004b8cbf	exact-ordered	identical	2	2				
004b841a	004b8cca	exact-ordered	identical	2	2				
004b8425	004b8cd5	exact-ordered	identical	2	2				
004b8430	004b8ce0	exact-ordered	identical	2	2				
004b843b	004b8ceb	exact-ordered	identical	2	2				
004b8446	004b8cf6	exact-ordered	identical	2	2				
004b8451	004b8d01	exact-ordered	identical	2	2				
004b845c	004b8d0c	exact-ordered	identical	2	2				
004b8467	004b8d17	exact-ordered	identical	2	2				
004b8472	004b8d22	exact-ordered	identical	2	2				
004b847d	004b8d2d	exact-ordered	identical	2	2				
004b8488	004b8d38	exact-ordered	identical	2	2				
004b8493	004b8d43	exact-ordered	identical	2	2				
004b849e	004b8d4e	exact-ordered	identical	2	2				
004b84a9	004b8d59	exact-ordered	identical	2	2				
004b84b4	004b8d64	exact-ordered	identical	2	2				
004b84bf	004b8d6f	exact-ordered	identical	2	2				
004b84ca	004b8d7a	exact-ordered	identical	2	2				
004b84d5	004b8d85	exact-ordered	identical	2	2				
004b84e0	004b8d90	exact-ordered	identical	2	2				
004b84eb	004b8d9b	exact-ordered	identical	2	2				
004b84f6	004b8da6	exact-ordered	identical	2	2				
004b8501	004b8db1	exact-ordered	identical	2	2				
004b850c	004b8dbc	exact-ordered	identical	2	2				
004b8517	004b8dc7	exact-ordered	identical	2	2				
004b8522	004b8dd2	exact-ordered	identical	2	2				
004b852d	004b8ddd	exact-ordered	identical	2	2				
004b8538	004b8de8	exact-ordered	identical	2	2				
004b8543	004b8df3	exact-ordered	identical	2	2				
004b854e	004b8dfe	exact-ordered	identical	2	2				
004b8559	004b8e09	exact-ordered	identical	2	2				
004b8564	004b8e14	exact-ordered	identical	2	2				
004b856f	004b8e1f	exact-ordered	identical	2	2				
004b857a	004b8e2a	exact-ordered	identical	2	2				
004b8585	004b8e35	exact-ordered	identical	2	2				
004b85a0	004b8e50	exact-ordered	identical	2	2				
004b85ab	004b8e5b	exact-ordered	identical	2	2				
004b85b6	004b8e66	exact-ordered	identical	2	2				
004b85c1	004b8e71	exact-ordered	identical	2	2				
004b85cc	004b8e7c	exact-ordered	identical	2	2				
004b85d7	004b8e87	exact-ordered	identical	2	2				
004b85e2	004b8e92	exact-ordered	identical	2	2				
004b85ed	004b8e9d	exact-ordered	identical	2	2				
004b85f8	004b8ea8	exact-ordered	identical	2	2				
004b8603	004b8eb3	exact-ordered	identical	2	2				
004b860e	004b8ebe	exact-ordered	identical	2	2				
004b8619	004b8ec9	exact-ordered	identical	2	2				
004b8624	004b8ed4	exact-ordered	identical	2	2				
004b862f	004b8edf	exact-ordered	identical	2	2				
004b863a	004b8eea	exact-ordered	identical	2	2				
004b8645	004b8ef5	exact-ordered	identical	2	2				
004b8650	004b8f00	exact-ordered	identical	2	2				
004b865b	004b8f0b	exact-ordered	identical	2	2				
004b8666	004b8f16	exact-ordered	identical	2	2				
004b8671	004b8f21	exact-ordered	identical	2	2				
004b867c	004b8f2c	exact-ordered	identical	2	2				
004b8687	004b8f37	exact-ordered	identical	2	2				
004b8692	004b8f42	exact-ordered	identical	2	2				
004b869d	004b8f4d	exact-ordered	identical	2	2				
004b86a8	004b8f58	exact-ordered	identical	2	2				
004b86b3	004b8f63	exact-ordered	identical	2	2				
004b86be	004b8f6e	exact-ordered	identical	2	2				
004b86c9	004b8f79	exact-ordered	identical	2	2				
004b86d4	004b8f84	exact-ordered	identical	2	2				
004b86df	004b8f8f	exact-ordered	identical	2	2				
004b86ea	004b8f9a	exact-ordered	identical	2	2				
004b86f5	004b8fa5	exact-ordered	identical	2	2				
004b8700	004b8fb0	exact-ordered	identical	2	2				
004b870b	004b8fbb	exact-ordered	identical	2	2				
004b8716	004b8fc6	exact-ordered	identical	2	2				
004b8721	004b8fd1	exact-ordered	identical	2	2				
004b872c	004b8fdc	exact-ordered	identical	2	2				
004b8737	004b8fe7	exact-ordered	identical	2	2				
004b8742	004b8ff2	exact-ordered	identical	2	2				
004b874d	004b8ffd	exact-ordered	identical	2	2				
004b8758	004b9008	exact-ordered	identical	2	2				
004b8763	004b9013	exact-ordered	identical	2	2				
004b876e	004b901e	exact-ordered	identical	2	2				
004b8779	004b9029	exact-ordered	identical	2	2				
004b8784	004b9034	exact-ordered	identical	2	2				
004b878f	004b903f	exact-ordered	identical	2	2				
004b879a	004b904a	exact-ordered	identical	2	2				
004b87a5	004b9055	exact-ordered	identical	2	2				
004b87b0	004b9060	exact-ordered	identical	2	2				
004b87bb	004b906b	exact-ordered	identical	2	2				
004b87c6	004b9076	exact-ordered	identical	2	2				
004b87d1	004b9081	exact-ordered	identical	2	2				
004b87dc	004b908c	exact-ordered	identical	2	2				
004b87e7	004b9097	exact-ordered	identical	2	2				
004b87f2	004b90a2	exact-ordered	identical	2	2				
004b8810	004b90c0	exact-ordered	identical	8	8				
004b8824	004b90d4	exact	identical	8	8				
004b883e	004b90ee	exact-ordered	identical	7	7				
004b884f	004b90ff	exact	identical	8	8				
004b8869	004b9119	exact-ordered	identical	8	8				
004b887d	004b912d	exact	identical	8	8				
004b8897	004b9147	exact-ordered	identical	7	7				
004b88a8	004b9158	exact	identical	8	8				
004b88d0	004b9180	exact-ordered	identical	2	2				
004b88d8	004b9188	exact-ordered	identical	3	3				
004b88f0	004b91a0	exact-ordered	identical	2	2				
004b88f8	004b91a8	exact-ordered	identical	3	3				
004b8930	004b91c0	exact-ordered	identical	5	5				
004b8950	004b91e0	exact-ordered	identical	2	2				
004b8970	004b9200	exact	identical	8	8				
004b89a0	004b9230	exact-ordered	identical	2	2				
004b89c0	004b9250	exact	identical	8	8				
004b89f0	004b9280	exact-ordered	identical	2	2				
004b8a10	004b92a0	exact	identical	8	8				
004b8a2d	004b92bd	exact	identical	8	8				
004b8a4a	004b92da	exact	identical	3	3				
004b8a55	004b92e5	exact	identical	3	3				
004b8a60	004b92f0	exact	identical	3	3				
004b8a6e	004b92fe	exact	identical	3	3				
004b8a90	004b9320	exact-ordered	identical	2	2				
004b8ab0	004b9340	exact	identical	8	8				
004b8ae0	004b9370	exact	identical	5	5				
004b8b00	004b9390	exact	identical	8	8				
004b8b1d	004b93ad	exact	identical	8	8				
004b8b3a	004b93ca	exact	identical	3	3				
004b8b45	004b93d5	exact	identical	3	3				
004b8b60	004b93f0	exact	identical	3	3				
004b8b6e	004b93fe	exact	identical	3	3				
00403870			removed	351					
00404050			removed	11					
004040e0			removed	11					
00404170			removed	11					
0043c450			removed	11					
0046cb60			removed	245					
00473f30			removed	11					
00474740			removed	11					
0047ae70			removed	11					
0047fce0			removed	11					
00483920			removed	11					
00483fe0			removed	11					
00484a10			removed	11					
00484b20			removed	11					
00486430			removed	11					
004866b0			removed	23					
00486790			removed	11					
004869b0			removed	11					
00486a60			removed	11					
004871d0			removed	11					
004872e0			removed	11					
00487a40			removed	11					
00487da0			removed	11					
00488ac0			removed	11					
00490be0			removed	11					
00490e60			removed	11					
00492600			removed	11					
00493b00			removed	56					
00493f10			removed	96					
004947a0			removed	11					
004995d0			removed	11					
00499620			removed	11					
0049c7e0			removed	11					
004a3ab0			removed	1					
004aff20			removed	63					
004b6aa0			removed	2					
004b6aab			removed	2					
004b6ab6			removed	2					
004b6acc			removed	2					
004b6b76			removed	2					
004b6ba6			removed	2					
004b6c20			removed	2					
004b70a0			removed	2					
004b70ab			removed	2					
004b70b6			removed	2					
004b70fb			removed	2					
004b7111			removed	2					
004b7127			removed	2					
004b7132			removed	2					
004b71eb			removed	2					
004b73a0			removed	2					
004b73d0			removed	2					
004b75b0			removed	2					
004b8910			removed	2					
	004038f0		added		473				
	00404260		added		11				
	00404380		added		11				
	0043cbd0		added		11				
	0046d200		added		417				
	004747c0		added		11				
	00474c20		added		11				
	00479f10		added		11				
	00480580		added		11				
	004841c0		added		11				
	00484880		added		11				
	004852b0		added		11				
	004853b0		added		11				
	00486cc0		added		11				
	00487020		added		11				
	00487240		added		11				
	004872f0		added		11				
	00487a40		added		11				
	00487b60		added		11				
	004882d0		added		11				
	00488630		added		11				
	00489350		added		11				
	00491470		added		11				
	004916f0		added		11				
	004928b0		added		11				
	00492da0		added		11				
	00497a00		added		11				
	0049c800		added		11				
	0049d070		added		11				
	004a4340		added		1				
	004b7330		added		2				
	004b733b		added		2				
	004b7346		added		2				
	004b7351		added		2				
	004b7367		added		2				
	004b7406		added		2				
	004b7436		added		2				
	004b74b0		added		2				
	004b7930		added		2				
	004b793b		added		2				
	004b7946		added		2				
	004b798b		added		2				
	004b79a1		added		2				
	004b79b7		added		2				
	004b79c2		added		2				
	004b7a7b		added		2				
	004b7b90		added		2				
	004b7bc0		added		2				
	004b7e40		added		2				
	004b82e0		added		2				
