module	addr	name	size	reach	understanding	verification	priority	phases	evidence
golf_clean.exe	0040f5c0	FUN_0040f5c0	59614	3	0	0	18	championship:boot;course_season:boot;golfer_events:boot;sandbox_basic:boot	
golf_clean.exe	00442180	FUN_00442180	24059	3	0	0	18	championship:boot;championship:championship_setup;course_season:boot;golfer_events:boot;sandbox_basic:boot	
golf_clean.exe	004289e0	FUN_004289e0	20851	3	0	0	18	championship:championship_setup;championship:tournament;course_season:build_hole;course_season:sandbox;course_season:season;golfer_events:build_hole;golfer_events:golfer_panel;golfer_events:landmark_inject;golfer_events:sandbox;golfer_events:season;sandbox_basic:sandbox	
golf_clean.exe	0043dbe0	FUN_0043dbe0	17732	3	0	0	18	championship:championship_setup;course_season:sandbox;golfer_events:sandbox;sandbox_basic:sandbox	
golf_clean.exe	00469b00	FUN_00469b00	11309	3	0	0	18	championship:championship_setup;course_season:build_hole;course_season:season;golfer_events:build_hole;golfer_events:golfer_panel;golfer_events:landmark_inject;golfer_events:season	
golf_clean.exe	00424120	FUN_00424120	9490	3	0	0	18	course_season:build_hole;course_season:season;golfer_events:build_hole;golfer_events:golfer_panel;golfer_events:landmark_inject;golfer_events:season	
golf_clean.exe	00463180	FUN_00463180	9100	3	0	0	18	championship:championship_setup;championship:tournament;course_season:build_hole;course_season:sandbox;course_season:season;golfer_events:build_hole;golfer_events:golfer_panel;golfer_events:landmark_inject;golfer_events:sandbox;golfer_events:season;sandbox_basic:sandbox	
golf_clean.exe	00467a00	FUN_00467a00	7763	3	0	0	18	course_season:build_hole;course_season:season;golfer_events:build_hole;golfer_events:golfer_panel;golfer_events:landmark_inject;golfer_events:season	
golf_clean.exe	00470a60	FUN_00470a60	6056	3	0	0	18	course_season:sandbox;golfer_events:sandbox;sandbox_basic:sandbox	
golf_clean.exe	00427380	FUN_00427380	5723	3	0	0	18	course_season:season;golfer_events:golfer_panel;golfer_events:season	
golf_clean.exe	0046f550	FUN_0046f550	4996	3	0	0	18	course_season:sandbox;golfer_events:sandbox;sandbox_basic:sandbox	
golf_clean.exe	00430360	FUN_00430360	4676	3	0	0	18	championship:championship_setup;championship:tournament;course_season:build_hole;course_season:sandbox;course_season:season;golfer_events:build_hole;golfer_events:golfer_panel;golfer_events:landmark_inject;golfer_events:sandbox;golfer_events:season;sandbox_basic:sandbox	
golf_clean.exe	00422fb0	FUN_00422fb0	4455	3	0	0	18	course_season:build_hole;course_season:season;golfer_events:build_hole;golfer_events:golfer_panel;golfer_events:landmark_inject;golfer_events:season	
golf_clean.exe	0045de80	FUN_0045de80	4426	3	0	0	18	course_season:build_hole;course_season:season;golfer_events:build_hole;golfer_events:golfer_panel;golfer_events:season	
golf_clean.exe	0044bde0	FUN_0044bde0	3833	3	0	0	18	championship:boot;course_season:boot;golfer_events:boot;sandbox_basic:boot	
golf_clean.exe	00402a40	FUN_00402a40	3729	3	0	0	18	championship:championship_setup;championship:tournament;course_season:build_hole;course_season:sandbox;course_season:season;golfer_events:build_hole;golfer_events:golfer_panel;golfer_events:landmark_inject;golfer_events:sandbox;golfer_events:season;sandbox_basic:sandbox	
golf_clean.exe	00448220	FUN_00448220	3724	3	0	0	18	championship:boot;course_season:boot;golfer_events:boot;sandbox_basic:boot	
Terrain.dll	0000f7f0	FUN_1000f7f0	3476	3	0	0	18	championship:championship_setup;course_season:build_hole;course_season:sandbox;golfer_events:build_hole;golfer_events:sandbox;sandbox_basic:sandbox	
golf_clean.exe	004266b0	FUN_004266b0	3264	3	0	0	18	course_season:season;golfer_events:golfer_panel;golfer_events:season	
Terrain.dll	00011ef0	FUN_10011ef0	2859	3	0	0	18	championship:championship_setup;course_season:build_hole;course_season:sandbox;golfer_events:build_hole;golfer_events:sandbox;sandbox_basic:sandbox	
golf_clean.exe	00433190	FUN_00433190	2692	3	0	0	18	championship:championship_setup;course_season:build_hole;course_season:season;golfer_events:build_hole;golfer_events:golfer_panel;golfer_events:landmark_inject;golfer_events:season	
Terrain.dll	0000ea30	FUN_1000ea30	2528	3	0	0	18	championship:championship_setup;course_season:build_hole;course_season:sandbox;golfer_events:build_hole;golfer_events:sandbox;sandbox_basic:sandbox	
golf_clean.exe	004659a0	FUN_004659a0	2509	3	0	0	18	championship:championship_setup;course_season:sandbox;golfer_events:sandbox;sandbox_basic:sandbox	
golf_clean.exe	0046e810	FUN_0046e810	2409	3	0	0	18	championship:championship_setup;championship:tournament;course_season:build_hole;course_season:sandbox;course_season:season;golfer_events:build_hole;golfer_events:golfer_panel;golfer_events:landmark_inject;golfer_events:sandbox;golfer_events:season;sandbox_basic:sandbox	
golf_clean.exe	004226a0	FUN_004226a0	2320	3	0	0	18	course_season:build_hole;course_season:season;golfer_events:build_hole;golfer_events:golfer_panel;golfer_events:landmark_inject;golfer_events:season	
golf_clean.exe	0042dea0	FUN_0042dea0	2303	3	0	0	18	championship:championship_setup;championship:tournament;course_season:build_hole;course_season:sandbox;course_season:season;golfer_events:build_hole;golfer_events:golfer_panel;golfer_events:landmark_inject;golfer_events:sandbox;golfer_events:season;sandbox_basic:sandbox	
Terrain.dll	000076e0	FUN_100076e0	2297	3	0	0	18	championship:boot;championship:championship_setup;course_season:boot;course_season:sandbox;golfer_events:boot;golfer_events:sandbox;sandbox_basic:boot;sandbox_basic:sandbox	
golf_clean.exe	00461830	FUN_00461830	2020	3	0	0	18	championship:boot;course_season:boot;golfer_events:boot;sandbox_basic:boot	
golf_clean.exe	00462020	FUN_00462020	1963	3	0	0	18	championship:championship_setup;championship:tournament;course_season:build_hole;course_season:sandbox;course_season:season;golfer_events:build_hole;golfer_events:golfer_panel;golfer_events:landmark_inject;golfer_events:sandbox;golfer_events:season;sandbox_basic:sandbox	
golf_clean.exe	0045fd80	FUN_0045fd80	1883	3	0	0	18	championship:championship_setup;championship:tournament;course_season:build_hole;course_season:sandbox;course_season:season;golfer_events:build_hole;golfer_events:golfer_panel;golfer_events:landmark_inject;golfer_events:sandbox;golfer_events:season;sandbox_basic:sandbox	
Terrain.dll	000381a0	FUN_100381a0	1877	3	0	0	18	championship:championship_setup;course_season:build_hole;golfer_events:build_hole	
golf_clean.exe	0042e7e0	FUN_0042e7e0	1665	3	0	0	18	championship:championship_setup;course_season:build_hole;course_season:season;golfer_events:build_hole;golfer_events:golfer_panel;golfer_events:landmark_inject;golfer_events:sandbox;golfer_events:season;sandbox_basic:sandbox	
golf_clean.exe	0047a4c0	FUN_0047a4c0	1589	3	0	0	18	championship:boot;course_season:boot;golfer_events:boot;sandbox_basic:boot	
golf_clean.exe	004038f0	FUN_004038f0	1550	3	0	0	18	championship:championship_setup;championship:tournament;course_season:build_hole;course_season:sandbox;course_season:season;golfer_events:build_hole;golfer_events:golfer_panel;golfer_events:landmark_inject;golfer_events:sandbox;golfer_events:season;sandbox_basic:sandbox	
golf_clean.exe	004775b0	FUN_004775b0	1525	3	0	0	18	championship:boot;championship:championship_setup;championship:menu;championship:tournament;course_season:boot;course_season:build_hole;course_season:menu;course_season:sandbox;course_season:season;golfer_events:boot;golfer_events:build_hole;golfer_events:golfer_panel;golfer_events:landmark_inject;golfer_events:menu;golfer_events:sandbox;golfer_events:season;sandbox_basic:boot;sandbox_basic:menu;sandbox_basic:sandbox	
Terrain.dll	00013670	FUN_10013670	1507	3	0	0	18	championship:championship_setup;course_season:build_hole;course_season:sandbox;golfer_events:build_hole;golfer_events:sandbox;sandbox_basic:sandbox	
golf_clean.exe	004315e0	FUN_004315e0	1480	3	0	0	18	championship:boot;championship:championship_setup;course_season:boot;golfer_events:boot;sandbox_basic:boot;sandbox_basic:menu	
golf_clean.exe	004498a0	FUN_004498a0	1455	3	0	0	18	championship:championship_setup;championship:tournament;course_season:build_hole;course_season:sandbox;course_season:season;golfer_events:build_hole;golfer_events:golfer_panel;golfer_events:landmark_inject;golfer_events:sandbox;golfer_events:season;sandbox_basic:sandbox	
golf_clean.exe	004767a0	FUN_004767a0	1439	3	0	0	18	championship:boot;championship:championship_setup;championship:menu;championship:tournament;course_season:boot;course_season:build_hole;course_season:menu;course_season:sandbox;course_season:season;golfer_events:boot;golfer_events:build_hole;golfer_events:golfer_panel;golfer_events:landmark_inject;golfer_events:menu;golfer_events:sandbox;golfer_events:season;sandbox_basic:boot;sandbox_basic:menu;sandbox_basic:sandbox	
golf_clean.exe	00466370	FUN_00466370	1376	3	0	0	18	course_season:build_hole;course_season:season;golfer_events:build_hole;golfer_events:golfer_panel;golfer_events:season	
Terrain.dll	00006dd0	FUN_10006dd0	1313	3	0	0	18	championship:championship_setup;course_season:sandbox;golfer_events:sandbox;sandbox_basic:sandbox	
golf_clean.exe	00462be0	FUN_00462be0	1302	3	0	0	18	championship:championship_setup;championship:tournament;course_season:build_hole;course_season:sandbox;course_season:season;golfer_events:build_hole;golfer_events:golfer_panel;golfer_events:landmark_inject;golfer_events:sandbox;golfer_events:season;sandbox_basic:sandbox	
Terrain.dll	000266b0	FUN_100266b0	1294	3	0	0	18	championship:boot;championship:championship_setup;course_season:boot;course_season:sandbox;golfer_events:boot;golfer_events:sandbox;sandbox_basic:boot;sandbox_basic:sandbox	
golf_clean.exe	0043cd70	FUN_0043cd70	1291	3	0	0	18	championship:boot;course_season:boot;golfer_events:boot;sandbox_basic:boot	
golf_clean.exe	0040afa0	FUN_0040afa0	1267	3	0	0	18	championship:tournament;course_season:build_hole;course_season:sandbox;course_season:season;golfer_events:build_hole;golfer_events:golfer_panel;golfer_events:landmark_inject;golfer_events:season	
Terrain.dll	00002060	FUN_10002060	1196	3	0	0	18	championship:championship_setup;course_season:sandbox;golfer_events:sandbox;sandbox_basic:sandbox	
golf_clean.exe	0043d740	FUN_0043d740	1182	3	0	0	18	championship:boot;championship:championship_setup;course_season:boot;course_season:sandbox;golfer_events:boot;golfer_events:sandbox;sandbox_basic:boot;sandbox_basic:menu;sandbox_basic:sandbox	
golf_clean.exe	0045baf0	FUN_0045baf0	1166	3	0	0	18	championship:boot;course_season:boot;golfer_events:boot;sandbox_basic:boot	
golf_clean.exe	0042fb90	FUN_0042fb90	1157	3	0	0	18	championship:championship_setup;championship:tournament;course_season:build_hole;course_season:sandbox;course_season:season;golfer_events:build_hole;golfer_events:golfer_panel;golfer_events:landmark_inject;golfer_events:sandbox;golfer_events:season;sandbox_basic:sandbox	
golf_clean.exe	00479f30	FUN_00479f30	1156	3	0	0	18	championship:boot;course_season:boot;golfer_events:boot;sandbox_basic:boot	
golf_clean.exe	00481f40	FUN_00481f40	1141	3	0	0	18	championship:boot;championship:championship_setup;course_season:boot;course_season:sandbox;golfer_events:boot;golfer_events:sandbox;sandbox_basic:boot;sandbox_basic:menu;sandbox_basic:sandbox	
Terrain.dll	0001f0c0	FUN_1001f0c0	1093	3	0	0	18	championship:boot;championship:championship_setup;course_season:boot;course_season:sandbox;golfer_events:boot;golfer_events:sandbox;sandbox_basic:boot;sandbox_basic:sandbox	
Terrain.dll	00002ae0	FUN_10002ae0	1064	3	0	0	18	championship:boot;course_season:boot;golfer_events:boot;sandbox_basic:boot	
golf_clean.exe	00492000	FUN_00492000	1060	3	0	0	18	championship:boot;championship:championship_setup;course_season:boot;course_season:sandbox;course_season:season;golfer_events:boot;golfer_events:sandbox;sandbox_basic:boot;sandbox_basic:menu;sandbox_basic:sandbox	
Terrain.dll	00023860	FUN_10023860	1060	3	0	0	18	championship:boot;course_season:boot;golfer_events:boot;sandbox_basic:boot	
golf_clean.exe	00421fa0	FUN_00421fa0	1056	3	0	0	18	course_season:build_hole;course_season:season;golfer_events:golfer_panel;golfer_events:landmark_inject;golfer_events:season	
golf_clean.exe	00402280	FUN_00402280	1050	3	0	0	18	championship:boot;championship:championship_setup;course_season:boot;course_season:sandbox;golfer_events:boot;golfer_events:sandbox;sandbox_basic:boot;sandbox_basic:menu;sandbox_basic:sandbox	
golf_clean.exe	0040e000	FUN_0040e000	1011	3	0	0	18	championship:championship_setup;course_season:sandbox;golfer_events:sandbox;sandbox_basic:sandbox	
Terrain.dll	00006850	FUN_10006850	1005	3	0	0	18	championship:championship_setup;course_season:build_hole;course_season:sandbox;golfer_events:build_hole;golfer_events:sandbox;sandbox_basic:sandbox	
Terrain.dll	00016520	FUN_10016520	1004	3	0	0	18	championship:boot;championship:championship_setup;course_season:boot;course_season:build_hole;course_season:sandbox;golfer_events:boot;golfer_events:build_hole;golfer_events:sandbox;sandbox_basic:boot;sandbox_basic:sandbox	
Terrain.dll	0000c7b0	FUN_1000c7b0	1003	3	0	0	18	championship:championship_setup;course_season:sandbox;golfer_events:build_hole;golfer_events:sandbox;sandbox_basic:sandbox	
golf_clean.exe	00421bc0	FUN_00421bc0	982	3	0	0	18	course_season:build_hole;course_season:sandbox;course_season:season;golfer_events:build_hole;golfer_events:golfer_panel;golfer_events:landmark_inject;golfer_events:sandbox;golfer_events:season;sandbox_basic:sandbox	
golf_clean.exe	0047f340	FUN_0047f340	952	3	0	0	18	championship:championship_setup;course_season:build_hole;course_season:sandbox;course_season:season;golfer_events:build_hole;golfer_events:golfer_panel;golfer_events:sandbox;sandbox_basic:sandbox	
golf_clean.exe	00449fa0	FUN_00449fa0	934	3	0	0	18	championship:championship_setup;course_season:build_hole;course_season:sandbox;golfer_events:build_hole;golfer_events:sandbox;sandbox_basic:sandbox	
golf_clean.exe	00432ba0	FUN_00432ba0	930	3	0	0	18	championship:championship_setup;championship:tournament;course_season:build_hole;course_season:sandbox;course_season:season;golfer_events:build_hole;golfer_events:golfer_panel;golfer_events:landmark_inject;golfer_events:sandbox;golfer_events:season;sandbox_basic:sandbox	
golf_clean.exe	0047d130	FUN_0047d130	901	3	0	0	18	championship:championship_setup;course_season:build_hole;course_season:sandbox;course_season:season;golfer_events:build_hole;golfer_events:golfer_panel;golfer_events:sandbox;sandbox_basic:sandbox	
golf_clean.exe	0040a160	FUN_0040a160	887	3	0	0	18	course_season:build_hole;golfer_events:build_hole;sandbox_basic:sandbox	
golf_clean.exe	0040d320	FUN_0040d320	881	3	0	0	18	championship:championship_setup;course_season:build_hole;course_season:season;golfer_events:build_hole;golfer_events:golfer_panel;golfer_events:landmark_inject;golfer_events:season	
Terrain.dll	00007380	FUN_10007380	853	3	0	0	18	championship:championship_setup;course_season:build_hole;golfer_events:build_hole	
Terrain.dll	00029c20	FUN_10029c20	836	3	0	0	18	championship:boot;course_season:boot;golfer_events:boot;sandbox_basic:boot	
golf_clean.exe	00430020	FUN_00430020	817	3	0	0	18	championship:championship_setup;championship:tournament;course_season:build_hole;course_season:sandbox;course_season:season;golfer_events:build_hole;golfer_events:golfer_panel;golfer_events:landmark_inject;golfer_events:sandbox;golfer_events:season;sandbox_basic:sandbox	
golf_clean.exe	004a7a91	FUN_004a7a91	811	3	0	0	18	championship:boot;championship:championship_setup;championship:menu;championship:tournament;course_season:boot;course_season:build_hole;course_season:menu;course_season:sandbox;course_season:season;golfer_events:boot;golfer_events:build_hole;golfer_events:golfer_panel;golfer_events:landmark_inject;golfer_events:menu;golfer_events:sandbox;golfer_events:season;sandbox_basic:boot;sandbox_basic:menu;sandbox_basic:sandbox	
Terrain.dll	00023260	FUN_10023260	804	3	0	0	18	championship:boot;course_season:boot;golfer_events:boot;sandbox_basic:boot	
golf_clean.exe	00409620	FUN_00409620	803	3	0	0	18	course_season:build_hole;course_season:season;golfer_events:golfer_panel;golfer_events:landmark_inject;golfer_events:season	
Terrain.dll	0001f850	FUN_1001f850	797	3	0	0	18	championship:boot;championship:championship_setup;course_season:boot;course_season:sandbox;golfer_events:boot;golfer_events:sandbox;sandbox_basic:boot;sandbox_basic:sandbox	
golf_clean.exe	00495100	FUN_00495100	795	3	0	0	18	championship:boot;championship:championship_setup;course_season:boot;course_season:sandbox;course_season:season;golfer_events:boot;golfer_events:sandbox;sandbox_basic:boot;sandbox_basic:menu;sandbox_basic:sandbox	
Terrain.dll	00012ec0	FUN_10012ec0	790	3	0	0	18	championship:championship_setup;course_season:build_hole;course_season:sandbox;golfer_events:build_hole;golfer_events:sandbox;sandbox_basic:sandbox	
Terrain.dll	00015a20	FUN_10015a20	787	3	0	0	18	championship:boot;championship:championship_setup;course_season:boot;course_season:build_hole;course_season:sandbox;golfer_events:boot;golfer_events:build_hole;golfer_events:sandbox;sandbox_basic:boot;sandbox_basic:sandbox	
Terrain.dll	0000be30	FUN_1000be30	786	3	0	0	18	championship:boot;championship:championship_setup;course_season:boot;course_season:sandbox;golfer_events:boot;golfer_events:sandbox;sandbox_basic:boot;sandbox_basic:sandbox	
golf_clean.exe	00485790	FUN_00485790	781	3	0	0	18	championship:championship_setup;course_season:sandbox;golfer_events:sandbox;sandbox_basic:sandbox	
golf_clean.exe	00406250	FUN_00406250	777	3	0	0	18	championship:boot;championship:championship_setup;course_season:boot;course_season:sandbox;golfer_events:boot;golfer_events:sandbox;sandbox_basic:boot;sandbox_basic:menu;sandbox_basic:sandbox	
golf_clean.exe	004a7dbc	FUN_004a7dbc	777	3	0	0	18	championship:boot;championship:championship_setup;championship:menu;championship:tournament;course_season:boot;course_season:build_hole;course_season:menu;course_season:sandbox;course_season:season;golfer_events:boot;golfer_events:build_hole;golfer_events:golfer_panel;golfer_events:landmark_inject;golfer_events:menu;golfer_events:sandbox;golfer_events:season;sandbox_basic:boot;sandbox_basic:menu;sandbox_basic:sandbox	
Terrain.dll	0002a0d0	FUN_1002a0d0	770	3	0	0	18	championship:boot;course_season:boot;golfer_events:boot;sandbox_basic:boot	
golf_clean.exe	004a8271	FUN_004a8271	758	3	0	0	18	championship:boot;course_season:boot;golfer_events:boot;sandbox_basic:boot	
Terrain.dll	0002b430	FUN_1002b430	727	3	0	0	18	championship:boot;course_season:boot;golfer_events:boot;sandbox_basic:boot	
golf_clean.exe	004a5d5f	FUN_004a5d5f	719	3	0	0	18	championship:boot;championship:championship_setup;championship:tournament;course_season:boot;course_season:build_hole;course_season:sandbox;course_season:season;golfer_events:boot;golfer_events:build_hole;golfer_events:golfer_panel;golfer_events:landmark_inject;golfer_events:sandbox;golfer_events:season;sandbox_basic:boot;sandbox_basic:sandbox	
golf_clean.exe	00479c40	FUN_00479c40	708	3	0	0	18	championship:boot;course_season:boot;golfer_events:boot;sandbox_basic:boot	
Terrain.dll	0000e6c0	FUN_1000e6c0	703	3	0	0	18	championship:championship_setup;course_season:build_hole;course_season:sandbox;golfer_events:build_hole;golfer_events:sandbox;sandbox_basic:sandbox	
golf_clean.exe	00437fa0	FUN_00437fa0	702	3	0	0	18	championship:championship_setup;course_season:sandbox;golfer_events:sandbox;sandbox_basic:sandbox	
golf_clean.exe	00475840	FUN_00475840	701	3	0	0	18	championship:boot;championship:championship_setup;course_season:boot;course_season:sandbox;course_season:season;golfer_events:boot;golfer_events:sandbox;sandbox_basic:boot;sandbox_basic:menu;sandbox_basic:sandbox	
golf_clean.exe	0047c6c0	FUN_0047c6c0	674	3	0	0	18	championship:tournament;course_season:build_hole;course_season:season;golfer_events:build_hole;golfer_events:golfer_panel;golfer_events:season;sandbox_basic:sandbox	
golf_clean.exe	00481870	FUN_00481870	673	3	0	0	18	championship:boot;course_season:boot;golfer_events:boot;sandbox_basic:boot	
golf_clean.exe	0046f2b0	FUN_0046f2b0	669	3	0	0	18	championship:championship_setup;course_season:sandbox;golfer_events:sandbox;sandbox_basic:sandbox	
golf_clean.exe	004aa6c0	FUN_004aa6c0	664	3	0	0	18	championship:boot;championship:championship_setup;course_season:boot;course_season:sandbox;golfer_events:boot;golfer_events:sandbox;sandbox_basic:boot;sandbox_basic:sandbox	
Terrain.dll	0001f510	FUN_1001f510	664	3	0	0	18	championship:boot;championship:championship_setup;course_season:boot;course_season:sandbox;golfer_events:boot;golfer_events:sandbox;sandbox_basic:boot;sandbox_basic:sandbox	
golf_clean.exe	00487fb0	FUN_00487fb0	634	3	0	0	18	championship:boot;course_season:boot;golfer_events:boot;sandbox_basic:boot	
Terrain.dll	00035c30	FUN_10035c30	604	3	0	0	18	championship:championship_setup;course_season:sandbox;golfer_events:sandbox;sandbox_basic:sandbox	
golf_clean.exe	00477280	FUN_00477280	599	3	0	0	18	championship:boot;championship:championship_setup;championship:menu;championship:tournament;course_season:boot;course_season:build_hole;course_season:menu;course_season:sandbox;course_season:season;golfer_events:boot;golfer_events:build_hole;golfer_events:golfer_panel;golfer_events:landmark_inject;golfer_events:menu;golfer_events:sandbox;golfer_events:season;sandbox_basic:boot;sandbox_basic:menu;sandbox_basic:sandbox	
golf_clean.exe	00491da0	FUN_00491da0	593	3	0	0	18	championship:boot;course_season:boot;golfer_events:boot;sandbox_basic:boot	
golf_clean.exe	00449540	FUN_00449540	588	3	0	0	18	championship:championship_setup;course_season:sandbox;golfer_events:sandbox;sandbox_basic:sandbox	
golf_clean.exe	00482b90	FUN_00482b90	573	3	0	0	18	championship:boot;championship:championship_setup;course_season:boot;course_season:sandbox;golfer_events:boot;golfer_events:sandbox;sandbox_basic:boot;sandbox_basic:menu;sandbox_basic:sandbox	
golf_clean.exe	00474860	FUN_00474860	554	3	0	0	18	championship:boot;course_season:boot;golfer_events:boot;sandbox_basic:boot	
Terrain.dll	0000a130	FUN_1000a130	549	3	0	0	18	championship:championship_setup;course_season:sandbox;golfer_events:sandbox;sandbox_basic:sandbox	
Terrain.dll	0001e020	FUN_1001e020	548	3	0	0	18	championship:boot;course_season:boot;golfer_events:boot;sandbox_basic:boot	
Terrain.dll	00023c90	FUN_10023c90	537	3	0	0	18	championship:boot;course_season:boot;golfer_events:boot;sandbox_basic:boot	
golf_clean.exe	0040db90	FUN_0040db90	536	3	0	0	18	course_season:sandbox;golfer_events:sandbox;sandbox_basic:sandbox	
Terrain.dll	00003a50	FUN_10003a50	535	3	0	0	18	championship:championship_setup;course_season:sandbox;golfer_events:sandbox;sandbox_basic:sandbox	
golf_clean.exe	0045c200	FUN_0045c200	532	3	0	0	18	course_season:build_hole;course_season:season;golfer_events:golfer_panel;golfer_events:season	
golf_clean.exe	0047cdb0	FUN_0047cdb0	530	3	0	0	18	championship:boot;championship:championship_setup;championship:menu;championship:tournament;course_season:boot;course_season:build_hole;course_season:menu;course_season:sandbox;course_season:season;golfer_events:boot;golfer_events:build_hole;golfer_events:golfer_panel;golfer_events:landmark_inject;golfer_events:menu;golfer_events:sandbox;golfer_events:season;sandbox_basic:boot;sandbox_basic:menu;sandbox_basic:sandbox	
golf_clean.exe	0040ad60	FUN_0040ad60	514	3	0	0	18	championship:boot;course_season:boot;golfer_events:boot;sandbox_basic:boot	
golf_clean.exe	004aab46	FUN_004aab46	511	3	0	0	18	championship:boot;course_season:boot;golfer_events:boot;sandbox_basic:boot	
golf_clean.exe	0040c500	FUN_0040c500	487	3	0	0	18	championship:tournament;course_season:build_hole;course_season:season;golfer_events:build_hole;golfer_events:golfer_panel;golfer_events:landmark_inject;golfer_events:season	
golf_clean.exe	0045b0d0	FUN_0045b0d0	487	3	0	0	18	championship:boot;championship:championship_setup;course_season:boot;course_season:build_hole;course_season:sandbox;course_season:season;golfer_events:boot;golfer_events:build_hole;golfer_events:golfer_panel;golfer_events:landmark_inject;golfer_events:sandbox;golfer_events:season;sandbox_basic:boot;sandbox_basic:menu;sandbox_basic:sandbox	
Terrain.dll	0001ee40	FUN_1001ee40	484	3	0	0	18	championship:boot;championship:championship_setup;course_season:boot;course_season:sandbox;golfer_events:boot;golfer_events:sandbox;sandbox_basic:boot;sandbox_basic:sandbox	
Terrain.dll	0000bbd0	FUN_1000bbd0	483	3	0	0	18	championship:boot;championship:championship_setup;course_season:boot;course_season:sandbox;golfer_events:boot;golfer_events:sandbox;sandbox_basic:boot;sandbox_basic:sandbox	
Terrain.dll	00025da0	FUN_10025da0	482	3	0	0	18	championship:boot;championship:championship_setup;course_season:boot;course_season:sandbox;golfer_events:boot;golfer_events:sandbox;sandbox_basic:boot;sandbox_basic:sandbox	
Terrain.dll	000016a0	FUN_100016a0	480	3	0	0	18	championship:boot;championship:championship_setup;course_season:boot;course_season:sandbox;golfer_events:boot;golfer_events:sandbox;sandbox_basic:boot;sandbox_basic:sandbox	
golf_clean.exe	0047f700	FUN_0047f700	478	3	0	0	18	championship:championship_setup;course_season:build_hole;course_season:sandbox;course_season:season;golfer_events:build_hole;golfer_events:golfer_panel;golfer_events:sandbox;sandbox_basic:sandbox	
golf_clean.exe	0040b4a0	FUN_0040b4a0	477	3	0	0	18	championship:tournament;course_season:build_hole;course_season:sandbox;course_season:season;golfer_events:build_hole;golfer_events:golfer_panel;golfer_events:landmark_inject;golfer_events:season	
golf_clean.exe	004a589f	FUN_004a589f	473	3	0	0	18	championship:boot;championship:championship_setup;course_season:boot;course_season:build_hole;course_season:sandbox;golfer_events:boot;golfer_events:build_hole;golfer_events:sandbox;sandbox_basic:boot;sandbox_basic:sandbox	
golf_clean.exe	0047bc60	FUN_0047bc60	472	3	0	0	18	championship:boot;course_season:boot;golfer_events:boot;sandbox_basic:boot	
Terrain.dll	0000c560	FUN_1000c560	465	3	0	0	18	championship:championship_setup;course_season:sandbox;golfer_events:sandbox;sandbox_basic:sandbox	
Terrain.dll	00017db0	FUN_10017db0	463	3	0	0	18	championship:boot;championship:championship_setup;course_season:boot;course_season:sandbox;golfer_events:boot;golfer_events:sandbox;sandbox_basic:boot;sandbox_basic:sandbox	
golf_clean.exe	00406d50	FUN_00406d50	457	3	0	0	18	course_season:build_hole;course_season:season;golfer_events:build_hole;golfer_events:golfer_panel;golfer_events:landmark_inject;golfer_events:season	
golf_clean.exe	004676e0	FUN_004676e0	457	3	0	0	18	championship:championship_setup;championship:tournament;course_season:build_hole;course_season:season;golfer_events:build_hole;golfer_events:golfer_panel;golfer_events:landmark_inject;golfer_events:season	
golf_clean.exe	004070b0	FUN_004070b0	448	3	0	0	18	course_season:build_hole;course_season:season;golfer_events:build_hole;golfer_events:golfer_panel;golfer_events:landmark_inject;golfer_events:season	
golf_clean.exe	0040cef0	FUN_0040cef0	448	3	0	0	18	championship:championship_setup;championship:tournament;course_season:build_hole;course_season:sandbox;course_season:season;golfer_events:build_hole;golfer_events:golfer_panel;golfer_events:sandbox;golfer_events:season;sandbox_basic:sandbox	
golf_clean.exe	004a93ff	FUN_004a93ff	444	3	0	0	18	championship:boot;course_season:boot;golfer_events:boot;sandbox_basic:boot	
golf_clean.exe	004ab08c	FUN_004ab08c	436	3	0	0	18	championship:boot;course_season:boot;golfer_events:boot;sandbox_basic:boot	
golf_clean.exe	00462a30	FUN_00462a30	432	3	0	0	18	championship:championship_setup;championship:tournament;course_season:build_hole;course_season:sandbox;course_season:season;golfer_events:build_hole;golfer_events:golfer_panel;golfer_events:landmark_inject;golfer_events:sandbox;golfer_events:season;sandbox_basic:sandbox	
golf_clean.exe	004ac4e4	FUN_004ac4e4	429	3	0	0	18	championship:boot;course_season:boot;golfer_events:boot;sandbox_basic:boot	
golf_clean.exe	0047d610	FUN_0047d610	427	3	0	0	18	championship:boot;course_season:boot;golfer_events:boot;sandbox_basic:boot	
golf_clean.exe	004806c0	FUN_004806c0	425	3	0	0	18	championship:boot;course_season:boot;golfer_events:boot;sandbox_basic:boot	
Terrain.dll	00025b00	FUN_10025b00	421	3	0	0	18	championship:boot;course_season:boot;golfer_events:boot;sandbox_basic:boot	
golf_clean.exe	0047b670	FUN_0047b670	420	3	0	0	18	championship:boot;course_season:boot;golfer_events:boot;sandbox_basic:boot	
golf_clean.exe	0043d2a0	FUN_0043d2a0	418	3	0	0	18	championship:boot;championship:championship_setup;course_season:boot;course_season:sandbox;golfer_events:boot;golfer_events:sandbox;sandbox_basic:boot;sandbox_basic:menu;sandbox_basic:sandbox	
golf_clean.exe	0042f7a0	FUN_0042f7a0	416	3	0	0	18	championship:championship_setup;course_season:build_hole;course_season:sandbox;golfer_events:build_hole;golfer_events:sandbox;sandbox_basic:sandbox	
golf_clean.exe	00481ca0	FUN_00481ca0	416	3	0	0	18	championship:boot;championship:championship_setup;course_season:boot;course_season:sandbox;golfer_events:boot;golfer_events:sandbox;sandbox_basic:boot;sandbox_basic:menu;sandbox_basic:sandbox	
golf_clean.exe	0045af30	FUN_0045af30	412	3	0	0	18	championship:championship_setup;course_season:build_hole;course_season:season;golfer_events:build_hole;golfer_events:golfer_panel;golfer_events:landmark_inject;golfer_events:season	
golf_clean.exe	0044a410	FUN_0044a410	402	3	0	0	18	championship:championship_setup;course_season:build_hole;course_season:sandbox;golfer_events:build_hole;golfer_events:sandbox;sandbox_basic:sandbox	
golf_clean.exe	004855b0	FUN_004855b0	399	3	0	0	18	championship:boot;course_season:boot;golfer_events:boot;sandbox_basic:boot	
Terrain.dll	000345d0	FUN_100345d0	396	3	0	0	18	championship:championship_setup;course_season:sandbox;golfer_events:sandbox;sandbox_basic:sandbox	
golf_clean.exe	0047e140	FUN_0047e140	392	3	0	0	18	championship:boot;championship:championship_setup;course_season:boot;course_season:build_hole;course_season:sandbox;golfer_events:boot;golfer_events:build_hole;golfer_events:golfer_panel;golfer_events:sandbox;sandbox_basic:boot;sandbox_basic:sandbox	
golf_clean.exe	004ac737	FUN_004ac737	389	3	0	0	18	championship:boot;course_season:boot;golfer_events:boot;sandbox_basic:boot	
Terrain.dll	0001fbe0	FUN_1001fbe0	384	3	0	0	18	championship:boot;championship:championship_setup;course_season:boot;course_season:sandbox;golfer_events:boot;golfer_events:sandbox;sandbox_basic:boot;sandbox_basic:sandbox	
Terrain.dll	00026d60	FUN_10026d60	377	3	0	0	18	championship:boot;course_season:boot;golfer_events:boot;sandbox_basic:boot	
golf_clean.exe	0040c170	FUN_0040c170	374	3	0	0	18	championship:championship_setup;championship:tournament;course_season:build_hole;course_season:sandbox;course_season:season;golfer_events:build_hole;golfer_events:golfer_panel;golfer_events:landmark_inject;golfer_events:sandbox;golfer_events:season;sandbox_basic:sandbox	
golf_clean.exe	00495d30	FUN_00495d30	372	3	0	0	18	championship:boot;course_season:boot;golfer_events:boot;sandbox_basic:boot	
golf_clean.exe	004a9aa9	FUN_004a9aa9	368	3	0	0	18	championship:boot;championship:championship_setup;course_season:boot;course_season:build_hole;course_season:sandbox;golfer_events:boot;golfer_events:build_hole;golfer_events:sandbox;sandbox_basic:boot;sandbox_basic:sandbox	
golf_clean.exe	004827d0	FUN_004827d0	367	3	0	0	18	championship:boot;championship:championship_setup;course_season:boot;course_season:sandbox;golfer_events:boot;golfer_events:sandbox;sandbox_basic:boot;sandbox_basic:menu;sandbox_basic:sandbox	
golf_clean.exe	0042f340	FUN_0042f340	362	3	0	0	18	championship:championship_setup;course_season:build_hole;course_season:sandbox;golfer_events:build_hole;golfer_events:sandbox;sandbox_basic:sandbox	
golf_clean.exe	00422530	FUN_00422530	360	3	0	0	18	course_season:build_hole;course_season:season;golfer_events:build_hole;golfer_events:golfer_panel;golfer_events:landmark_inject;golfer_events:season	
golf_clean.exe	0040bfe0	FUN_0040bfe0	359	3	0	0	18	championship:championship_setup;championship:tournament;course_season:build_hole;course_season:sandbox;course_season:season;golfer_events:build_hole;golfer_events:golfer_panel;golfer_events:landmark_inject;golfer_events:sandbox;golfer_events:season;sandbox_basic:sandbox	
golf_clean.exe	00401040	FUN_00401040	356	3	0	0	18	championship:boot;championship:championship_setup;course_season:boot;golfer_events:boot;sandbox_basic:boot;sandbox_basic:menu	
Terrain.dll	00035440	FUN_10035440	351	3	0	0	18	championship:championship_setup;course_season:sandbox;golfer_events:sandbox;sandbox_basic:sandbox	
golf_clean.exe	00482570	FUN_00482570	346	3	0	0	18	championship:boot;championship:championship_setup;course_season:boot;course_season:sandbox;golfer_events:boot;golfer_events:sandbox;sandbox_basic:boot;sandbox_basic:menu;sandbox_basic:sandbox	
Terrain.dll	00026ee0	FUN_10026ee0	346	3	0	0	18	championship:boot;course_season:boot;golfer_events:boot;sandbox_basic:boot	
golf_clean.exe	004628d0	FUN_004628d0	345	3	0	0	18	championship:championship_setup;championship:tournament;course_season:build_hole;course_season:sandbox;course_season:season;golfer_events:build_hole;golfer_events:golfer_panel;golfer_events:landmark_inject;golfer_events:sandbox;golfer_events:season;sandbox_basic:sandbox	
golf_clean.exe	00495eb0	FUN_00495eb0	345	3	0	0	18	championship:boot;course_season:boot;golfer_events:boot;sandbox_basic:boot	
Terrain.dll	000348a0	FUN_100348a0	345	3	0	0	18	championship:championship_setup;course_season:sandbox;golfer_events:sandbox;sandbox_basic:sandbox	
golf_clean.exe	0045b660	FUN_0045b660	343	3	0	0	18	championship:championship_setup;course_season:build_hole;golfer_events:build_hole	
golf_clean.exe	0042fa30	FUN_0042fa30	342	3	0	0	18	course_season:build_hole;course_season:season;golfer_events:build_hole;golfer_events:golfer_panel;golfer_events:landmark_inject;golfer_events:season	
golf_clean.exe	0042dd50	FUN_0042dd50	335	3	0	0	18	championship:championship_setup;championship:tournament;course_season:build_hole;course_season:sandbox;course_season:season;golfer_events:build_hole;golfer_events:golfer_panel;golfer_events:landmark_inject;golfer_events:sandbox;golfer_events:season;sandbox_basic:sandbox	
golf_clean.exe	004796a0	FUN_004796a0	333	3	0	0	18	championship:championship_setup;championship:tournament;course_season:build_hole;course_season:sandbox;course_season:season;golfer_events:build_hole;golfer_events:golfer_panel;golfer_events:landmark_inject;golfer_events:sandbox;golfer_events:season;sandbox_basic:sandbox	
Terrain.dll	00023630	FUN_10023630	329	3	0	0	18	championship:boot;course_season:boot;golfer_events:boot;sandbox_basic:boot	
golf_clean.exe	0047f8e0	FUN_0047f8e0	326	3	0	0	18	championship:boot;championship:championship_setup;championship:menu;championship:tournament;course_season:boot;course_season:build_hole;course_season:menu;course_season:sandbox;course_season:season;golfer_events:boot;golfer_events:build_hole;golfer_events:golfer_panel;golfer_events:landmark_inject;golfer_events:menu;golfer_events:sandbox;golfer_events:season;sandbox_basic:boot;sandbox_basic:menu;sandbox_basic:sandbox	
Terrain.dll	00019000	FUN_10019000	325	3	0	0	18	championship:championship_setup;course_season:sandbox;golfer_events:sandbox;sandbox_basic:sandbox	
golf_clean.exe	0042dc00	FUN_0042dc00	324	3	0	0	18	championship:championship_setup;championship:tournament;course_season:build_hole;course_season:sandbox;course_season:season;golfer_events:build_hole;golfer_events:golfer_panel;golfer_events:landmark_inject;golfer_events:sandbox;golfer_events:season;sandbox_basic:sandbox	
golf_clean.exe	004808c0	FUN_004808c0	324	3	0	0	18	championship:boot;championship:championship_setup;course_season:boot;course_season:sandbox;golfer_events:boot;golfer_events:sandbox;sandbox_basic:boot;sandbox_basic:sandbox	
golf_clean.exe	00483190	FUN_00483190	322	3	0	0	18	championship:boot;course_season:boot;golfer_events:boot;sandbox_basic:boot	
golf_clean.exe	004ac359	FUN_004ac359	318	3	0	0	18	championship:boot;course_season:boot;golfer_events:boot;sandbox_basic:boot	
Terrain.dll	00011d60	FUN_10011d60	318	3	0	0	18	championship:championship_setup;course_season:build_hole;course_season:sandbox;golfer_events:build_hole;golfer_events:sandbox;sandbox_basic:sandbox	
Terrain.dll	00019a40	FUN_10019a40	313	3	0	0	18	championship:boot;championship:championship_setup;championship:tournament;course_season:boot;course_season:sandbox;course_season:season;golfer_events:boot;golfer_events:sandbox;golfer_events:season;sandbox_basic:boot;sandbox_basic:sandbox	
golf_clean.exe	004a6980	FUN_004a6980	312	3	0	0	18	championship:boot;course_season:boot;golfer_events:boot;sandbox_basic:boot	
golf_clean.exe	0045b8b0	FUN_0045b8b0	310	3	0	0	18	course_season:season;golfer_events:golfer_panel;golfer_events:season	
golf_clean.exe	00473cb0	FUN_00473cb0	310	3	0	0	18	championship:championship_setup;championship:tournament;course_season:build_hole;course_season:season;golfer_events:build_hole;golfer_events:golfer_panel;golfer_events:landmark_inject;golfer_events:season;sandbox_basic:sandbox	
golf_clean.exe	00474ae0	FUN_00474ae0	306	3	0	0	18	championship:boot;championship:championship_setup;course_season:boot;course_season:sandbox;course_season:season;golfer_events:boot;golfer_events:sandbox;sandbox_basic:boot;sandbox_basic:menu;sandbox_basic:sandbox	
golf_clean.exe	004ab240	FUN_004ab240	306	3	0	0	18	championship:boot;course_season:boot;golfer_events:boot;sandbox_basic:boot	
golf_clean.exe	0044a5b0	FUN_0044a5b0	300	3	0	0	18	championship:championship_setup;course_season:build_hole;course_season:sandbox;golfer_events:build_hole;golfer_events:sandbox;sandbox_basic:sandbox	
Terrain.dll	0001e790	FUN_1001e790	300	3	0	0	18	championship:boot;course_season:boot;golfer_events:boot;sandbox_basic:boot	
Terrain.dll	00012cf0	FUN_10012cf0	297	3	0	0	18	championship:championship_setup;course_season:build_hole;course_season:sandbox;golfer_events:build_hole;golfer_events:sandbox;sandbox_basic:sandbox	
Terrain.dll	00033980	FUN_10033980	294	3	0	0	18	championship:championship_setup;course_season:sandbox;golfer_events:sandbox;sandbox_basic:sandbox	
Terrain.dll	00017150	FUN_10017150	292	3	0	0	18	championship:boot;championship:championship_setup;course_season:boot;course_season:build_hole;course_season:sandbox;golfer_events:boot;golfer_events:build_hole;golfer_events:sandbox;sandbox_basic:boot;sandbox_basic:sandbox	
golf_clean.exe	004a911e	FUN_004a911e	291	3	0	0	18	championship:boot;championship:championship_setup;championship:tournament;course_season:boot;course_season:build_hole;course_season:sandbox;course_season:season;golfer_events:boot;golfer_events:build_hole;golfer_events:golfer_panel;golfer_events:landmark_inject;golfer_events:sandbox;golfer_events:season;sandbox_basic:boot;sandbox_basic:sandbox	
golf_clean.exe	0040cdd0	FUN_0040cdd0	288	3	0	0	18	course_season:build_hole;golfer_events:build_hole;golfer_events:landmark_inject	
golf_clean.exe	00474cb0	FUN_00474cb0	286	3	0	0	18	championship:boot;championship:championship_setup;course_season:boot;course_season:sandbox;course_season:season;golfer_events:boot;golfer_events:sandbox;sandbox_basic:boot;sandbox_basic:menu;sandbox_basic:sandbox	
golf_clean.exe	0047e330	FUN_0047e330	286	3	0	0	18	championship:boot;championship:championship_setup;course_season:boot;course_season:build_hole;course_season:sandbox;golfer_events:boot;golfer_events:build_hole;golfer_events:golfer_panel;golfer_events:sandbox;sandbox_basic:boot;sandbox_basic:sandbox	
Terrain.dll	00013500	FUN_10013500	285	3	0	0	18	championship:championship_setup;course_season:build_hole;course_season:sandbox;golfer_events:build_hole;golfer_events:sandbox;sandbox_basic:sandbox	
golf_clean.exe	00478cd0	FUN_00478cd0	283	3	0	0	18	championship:boot;championship:championship_setup;course_season:boot;course_season:sandbox;course_season:season;golfer_events:boot;golfer_events:sandbox;sandbox_basic:boot;sandbox_basic:menu;sandbox_basic:sandbox	
golf_clean.exe	00481760	FUN_00481760	272	3	0	0	18	championship:boot;course_season:boot;golfer_events:boot;sandbox_basic:boot	
Terrain.dll	000033e0	FUN_100033e0	272	3	0	0	18	championship:championship_setup;course_season:sandbox;golfer_events:sandbox;sandbox_basic:sandbox	
golf_clean.exe	004672d0	FUN_004672d0	270	3	0	0	18	championship:championship_setup;championship:tournament;course_season:build_hole;course_season:season;golfer_events:build_hole;golfer_events:golfer_panel;golfer_events:landmark_inject;golfer_events:sandbox;golfer_events:season;sandbox_basic:sandbox	
golf_clean.exe	00491c70	FUN_00491c70	267	3	0	0	18	championship:boot;course_season:boot;course_season:build_hole;course_season:season;golfer_events:boot;golfer_events:build_hole;golfer_events:golfer_panel;golfer_events:landmark_inject;golfer_events:season;sandbox_basic:boot;sandbox_basic:sandbox	
Terrain.dll	00021a60	FUN_10021a60	263	3	0	0	18	championship:championship_setup;championship:tournament;course_season:sandbox;course_season:season;golfer_events:sandbox;golfer_events:season;sandbox_basic:sandbox	
golf_clean.exe	0047b310	FUN_0047b310	261	3	0	0	18	championship:boot;course_season:boot;golfer_events:boot;sandbox_basic:boot	
golf_clean.exe	004ad580	FUN_004ad580	257	3	0	0	18	championship:boot;course_season:boot;golfer_events:boot;sandbox_basic:boot	
Terrain.dll	00018d20	FUN_10018d20	255	3	0	0	18	championship:championship_setup;course_season:sandbox;golfer_events:sandbox;sandbox_basic:sandbox	
golf_clean.exe	0047cb10	FUN_0047cb10	254	3	0	0	18	championship:boot;course_season:boot;golfer_events:boot;sandbox_basic:boot	
golf_clean.exe	004060a0	FUN_004060a0	253	3	0	0	18	course_season:season;golfer_events:golfer_panel;golfer_events:season	
golf_clean.exe	00481e40	FUN_00481e40	253	3	0	0	18	championship:boot;championship:championship_setup;course_season:boot;course_season:sandbox;golfer_events:boot;golfer_events:sandbox;sandbox_basic:boot;sandbox_basic:menu;sandbox_basic:sandbox	
golf_clean.exe	004a682f	entry	253	3	0	0	18	championship:boot;course_season:boot;golfer_events:boot;sandbox_basic:boot	
Terrain.dll	00017f80	FUN_10017f80	252	3	0	0	18	championship:boot;championship:championship_setup;course_season:boot;course_season:sandbox;golfer_events:boot;golfer_events:sandbox;sandbox_basic:boot;sandbox_basic:sandbox	
golf_clean.exe	0040c910	FUN_0040c910	251	3	0	0	18	championship:championship_setup;championship:tournament;course_season:build_hole;course_season:sandbox;course_season:season;golfer_events:build_hole;golfer_events:golfer_panel;golfer_events:landmark_inject;golfer_events:sandbox;golfer_events:season;sandbox_basic:sandbox	
golf_clean.exe	0042f530	FUN_0042f530	251	3	0	0	18	championship:championship_setup;course_season:build_hole;course_season:sandbox;golfer_events:build_hole;golfer_events:sandbox;sandbox_basic:sandbox	
golf_clean.exe	004a8176	FUN_004a8176	251	3	0	0	18	championship:boot;course_season:boot;golfer_events:boot;sandbox_basic:boot;sandbox_basic:menu	
golf_clean.exe	0042f1c0	FUN_0042f1c0	248	3	0	0	18	course_season:build_hole;course_season:sandbox;golfer_events:build_hole;golfer_events:sandbox;sandbox_basic:sandbox	
golf_clean.exe	00473e60	FUN_00473e60	248	3	0	0	18	championship:boot;championship:championship_setup;championship:menu;championship:tournament;course_season:boot;course_season:build_hole;course_season:menu;course_season:sandbox;course_season:season;golfer_events:boot;golfer_events:build_hole;golfer_events:menu;golfer_events:sandbox;sandbox_basic:boot;sandbox_basic:menu;sandbox_basic:sandbox	
golf_clean.exe	0049e9d0	FUN_0049e9d0	248	3	0	0	18	championship:boot;course_season:boot;golfer_events:boot;sandbox_basic:boot	
golf_clean.exe	0040cb00	FUN_0040cb00	247	3	0	0	18	course_season:build_hole;course_season:season;golfer_events:build_hole;golfer_events:golfer_panel;golfer_events:landmark_inject;golfer_events:season	
golf_clean.exe	00422430	FUN_00422430	247	3	0	0	18	course_season:build_hole;course_season:season;golfer_events:build_hole;golfer_events:golfer_panel;golfer_events:landmark_inject;golfer_events:season	
golf_clean.exe	0047be40	FUN_0047be40	246	3	0	0	18	championship:championship_setup;course_season:build_hole;course_season:sandbox;course_season:season;golfer_events:build_hole;golfer_events:golfer_panel;golfer_events:sandbox;sandbox_basic:sandbox	
Terrain.dll	00014020	FUN_10014020	245	3	0	0	18	championship:championship_setup;course_season:build_hole;course_season:sandbox;golfer_events:build_hole;golfer_events:sandbox;sandbox_basic:sandbox	
Terrain.dll	000380a0	FUN_100380a0	244	3	0	0	18	championship:championship_setup;course_season:sandbox;golfer_events:sandbox;sandbox_basic:sandbox	
golf_clean.exe	00481ba0	FUN_00481ba0	243	3	0	0	18	championship:boot;championship:championship_setup;course_season:boot;course_season:sandbox;golfer_events:boot;golfer_events:sandbox;sandbox_basic:boot;sandbox_basic:menu;sandbox_basic:sandbox	
Terrain.dll	00019b80	entry	243	3	0	0	18	championship:boot;championship:championship_setup;championship:tournament;course_season:boot;course_season:sandbox;course_season:season;golfer_events:boot;golfer_events:sandbox;golfer_events:season;sandbox_basic:boot;sandbox_basic:sandbox	
Terrain.dll	00015650	FUN_10015650	242	3	0	0	18	championship:championship_setup;course_season:build_hole;course_season:sandbox;golfer_events:build_hole;golfer_events:sandbox;sandbox_basic:sandbox	
golf_clean.exe	0040daa0	FUN_0040daa0	237	3	0	0	18	championship:championship_setup;championship:tournament;course_season:build_hole;course_season:sandbox;course_season:season;golfer_events:build_hole;golfer_events:golfer_panel;golfer_events:landmark_inject;golfer_events:sandbox;golfer_events:season;sandbox_basic:sandbox	
Terrain.dll	00034370	FUN_10034370	237	3	0	0	18	championship:championship_setup;course_season:sandbox;golfer_events:sandbox;sandbox_basic:sandbox	
golf_clean.exe	0042f940	FUN_0042f940	232	3	0	0	18	championship:championship_setup;championship:tournament;course_season:build_hole;course_season:sandbox;course_season:season;golfer_events:build_hole;golfer_events:golfer_panel;golfer_events:landmark_inject;golfer_events:sandbox;golfer_events:season;sandbox_basic:sandbox	
golf_clean.exe	004a63d0	FUN_004a63d0	232	3	0	0	18	championship:championship_setup;course_season:sandbox;golfer_events:sandbox;sandbox_basic:sandbox	
golf_clean.exe	0047c5d0	FUN_0047c5d0	231	3	0	0	18	championship:tournament;course_season:build_hole;course_season:season;golfer_events:build_hole;golfer_events:golfer_panel;golfer_events:season;sandbox_basic:sandbox	
golf_clean.exe	00487090	FUN_00487090	228	3	0	0	18	championship:boot;course_season:boot;golfer_events:boot;sandbox_basic:boot	
golf_clean.exe	00482990	FUN_00482990	227	3	0	0	18	championship:boot;championship:championship_setup;course_season:boot;course_season:sandbox;golfer_events:boot;golfer_events:sandbox;sandbox_basic:boot;sandbox_basic:menu;sandbox_basic:sandbox	
golf_clean.exe	0040ca10	FUN_0040ca10	226	3	0	0	18	championship:championship_setup;championship:tournament;course_season:build_hole;course_season:sandbox;course_season:season;golfer_events:build_hole;golfer_events:golfer_panel;golfer_events:landmark_inject;golfer_events:sandbox;golfer_events:season;sandbox_basic:sandbox	
golf_clean.exe	004658b0	FUN_004658b0	226	3	0	0	18	championship:championship_setup;course_season:sandbox;golfer_events:sandbox;sandbox_basic:sandbox	
golf_clean.exe	0044b8d0	FUN_0044b8d0	225	3	0	0	18	championship:boot;course_season:boot;golfer_events:boot;sandbox_basic:boot	
golf_clean.exe	004826f0	FUN_004826f0	224	3	0	0	18	championship:boot;championship:championship_setup;course_season:boot;course_season:sandbox;golfer_events:boot;golfer_events:sandbox;sandbox_basic:boot;sandbox_basic:menu;sandbox_basic:sandbox	
Terrain.dll	00015230	FUN_10015230	224	3	0	0	18	championship:championship_setup;course_season:build_hole;golfer_events:build_hole	
Terrain.dll	00018590	FUN_10018590	224	3	0	0	18	championship:boot;championship:championship_setup;course_season:boot;course_season:sandbox;golfer_events:boot;golfer_events:sandbox;sandbox_basic:boot;sandbox_basic:sandbox	
golf_clean.exe	0044b2c0	FUN_0044b2c0	223	3	0	0	18	championship:boot;course_season:boot;golfer_events:boot;sandbox_basic:boot	
golf_clean.exe	0049fe50	FUN_0049fe50	221	3	0	0	18	championship:boot;course_season:boot;golfer_events:boot;sandbox_basic:boot	
golf_clean.exe	004aa9f5	FUN_004aa9f5	220	3	0	0	18	championship:boot;championship:championship_setup;course_season:boot;course_season:build_hole;course_season:sandbox;golfer_events:boot;golfer_events:build_hole;golfer_events:sandbox;sandbox_basic:boot;sandbox_basic:sandbox	
golf_clean.exe	0047c1b0	FUN_0047c1b0	219	3	0	0	18	championship:championship_setup;course_season:build_hole;course_season:sandbox;golfer_events:build_hole;golfer_events:golfer_panel;golfer_events:sandbox;sandbox_basic:sandbox	
golf_clean.exe	004051f0	FUN_004051f0	217	3	0	0	18	championship:boot;course_season:boot;golfer_events:boot;sandbox_basic:boot	
Terrain.dll	00023780	FUN_10023780	216	3	0	0	18	championship:boot;course_season:boot;golfer_events:boot;sandbox_basic:boot	
Terrain.dll	00026050	FUN_10026050	216	3	0	0	18	championship:boot;championship:championship_setup;course_season:boot;course_season:sandbox;golfer_events:boot;golfer_events:sandbox;sandbox_basic:boot;sandbox_basic:sandbox	
golf_clean.exe	00482490	FUN_00482490	215	3	0	0	18	championship:boot;championship:championship_setup;course_season:boot;course_season:sandbox;golfer_events:boot;golfer_events:sandbox;sandbox_basic:boot;sandbox_basic:menu;sandbox_basic:sandbox	
golf_clean.exe	0040d7b0	FUN_0040d7b0	214	3	0	0	18	championship:tournament;course_season:build_hole;course_season:sandbox;course_season:season;golfer_events:build_hole;golfer_events:golfer_panel;golfer_events:landmark_inject;golfer_events:sandbox;golfer_events:season;sandbox_basic:sandbox	
Terrain.dll	0000b800	FUN_1000b800	213	3	0	0	18	championship:championship_setup;course_season:build_hole;golfer_events:build_hole	
golf_clean.exe	004673e0	FUN_004673e0	212	3	0	0	18	championship:boot;championship:championship_setup;course_season:boot;golfer_events:boot;sandbox_basic:boot	
golf_clean.exe	004804a0	FUN_004804a0	212	3	0	0	18	championship:boot;course_season:boot;golfer_events:boot;sandbox_basic:boot	
Terrain.dll	0000c2c0	FUN_1000c2c0	211	3	0	0	18	championship:boot;championship:championship_setup;course_season:boot;course_season:sandbox;golfer_events:boot;golfer_events:sandbox;sandbox_basic:boot;sandbox_basic:sandbox	
Terrain.dll	0000b100	FUN_1000b100	209	3	0	0	18	championship:championship_setup;course_season:build_hole;golfer_events:build_hole	
golf_clean.exe	00449790	FUN_00449790	208	3	0	0	18	championship:championship_setup;course_season:sandbox;golfer_events:sandbox;sandbox_basic:sandbox	
golf_clean.exe	004ad4b0	FUN_004ad4b0	208	3	0	0	18	championship:boot;championship:championship_setup;course_season:boot;course_season:build_hole;golfer_events:boot;golfer_events:build_hole;sandbox_basic:boot	
golf_clean.exe	0047c360	FUN_0047c360	206	3	0	0	18	course_season:build_hole;golfer_events:build_hole;sandbox_basic:sandbox	
golf_clean.exe	0047c430	FUN_0047c430	206	3	0	0	18	course_season:build_hole;golfer_events:build_hole;sandbox_basic:sandbox	
golf_clean.exe	0047c500	FUN_0047c500	206	3	0	0	18	course_season:build_hole;golfer_events:build_hole;sandbox_basic:sandbox	
golf_clean.exe	004671a0	FUN_004671a0	205	3	0	0	18	championship:championship_setup;course_season:build_hole;course_season:season;golfer_events:build_hole;golfer_events:golfer_panel;golfer_events:landmark_inject;golfer_events:sandbox;golfer_events:season;sandbox_basic:sandbox	
golf_clean.exe	0047b820	FUN_0047b820	203	3	0	0	18	championship:boot;course_season:boot;golfer_events:boot;sandbox_basic:boot	
golf_clean.exe	0047c0e0	FUN_0047c0e0	203	3	0	0	18	championship:championship_setup;course_season:build_hole;course_season:sandbox;golfer_events:build_hole;golfer_events:golfer_panel;golfer_events:sandbox;sandbox_basic:sandbox	
golf_clean.exe	0047c290	FUN_0047c290	203	3	0	0	18	championship:championship_setup;course_season:build_hole;course_season:sandbox;golfer_events:build_hole;golfer_events:golfer_panel;golfer_events:sandbox;sandbox_basic:sandbox	
golf_clean.exe	00404c20	FUN_00404c20	200	3	0	0	18	championship:boot;course_season:boot;golfer_events:boot;sandbox_basic:boot	
golf_clean.exe	004a9c19	FUN_004a9c19	200	3	0	0	18	championship:boot;championship:championship_setup;course_season:boot;course_season:build_hole;course_season:sandbox;golfer_events:boot;golfer_events:build_hole;golfer_events:sandbox;sandbox_basic:boot;sandbox_basic:sandbox	
golf_clean.exe	0049d1b0	FUN_0049d1b0	199	3	0	0	18	championship:boot;course_season:boot;golfer_events:boot;sandbox_basic:boot	
Terrain.dll	00026450	FUN_10026450	199	3	0	0	18	championship:boot;championship:championship_setup;course_season:boot;course_season:sandbox;golfer_events:boot;golfer_events:sandbox;sandbox_basic:boot;sandbox_basic:sandbox	
golf_clean.exe	00462800	FUN_00462800	197	3	0	0	18	championship:championship_setup;championship:tournament;course_season:build_hole;course_season:sandbox;course_season:season;golfer_events:build_hole;golfer_events:golfer_panel;golfer_events:landmark_inject;golfer_events:sandbox;golfer_events:season;sandbox_basic:sandbox	
Terrain.dll	00035130	FUN_10035130	196	3	0	0	18	championship:championship_setup;course_season:sandbox;golfer_events:sandbox;sandbox_basic:sandbox	
golf_clean.exe	00402970	FUN_00402970	194	3	0	0	18	course_season:sandbox;golfer_events:sandbox;sandbox_basic:sandbox	
golf_clean.exe	00405760	FUN_00405760	193	3	0	0	18	championship:boot;course_season:boot;golfer_events:boot;sandbox_basic:boot	
golf_clean.exe	004a6170	_strchr	193	3	0	0	18	championship:boot;course_season:boot;golfer_events:boot;sandbox_basic:boot	
Terrain.dll	00013400	FUN_10013400	193	3	0	0	18	championship:championship_setup;course_season:sandbox;golfer_events:sandbox;sandbox_basic:sandbox	
golf_clean.exe	00477da0	FUN_00477da0	192	3	0	0	18	championship:boot;championship:championship_setup;championship:menu;championship:tournament;course_season:boot;course_season:build_hole;course_season:menu;course_season:sandbox;course_season:season;golfer_events:boot;golfer_events:build_hole;golfer_events:golfer_panel;golfer_events:landmark_inject;golfer_events:menu;golfer_events:sandbox;golfer_events:season;sandbox_basic:boot;sandbox_basic:menu;sandbox_basic:sandbox	
Terrain.dll	00017cb0	FUN_10017cb0	190	3	0	0	18	championship:boot;championship:championship_setup;course_season:boot;course_season:sandbox;golfer_events:boot;golfer_events:sandbox;sandbox_basic:boot;sandbox_basic:sandbox	
golf_clean.exe	0045b7c0	FUN_0045b7c0	189	3	0	0	18	championship:championship_setup;course_season:build_hole;course_season:season;golfer_events:build_hole;golfer_events:golfer_panel;golfer_events:landmark_inject;golfer_events:season	
golf_clean.exe	004740f0	FUN_004740f0	189	3	0	0	18	championship:championship_setup;championship:tournament;course_season:build_hole;course_season:sandbox;course_season:season;golfer_events:build_hole;golfer_events:golfer_panel;golfer_events:landmark_inject;golfer_events:sandbox;golfer_events:season;sandbox_basic:sandbox	
golf_clean.exe	00409bf0	FUN_00409bf0	187	3	0	0	18	championship:championship_setup;championship:tournament;course_season:build_hole;course_season:sandbox;course_season:season;golfer_events:build_hole;golfer_events:golfer_panel;golfer_events:landmark_inject;golfer_events:sandbox;golfer_events:season;sandbox_basic:sandbox	
golf_clean.exe	0040c7a0	FUN_0040c7a0	185	3	0	0	18	championship:championship_setup;championship:tournament;course_season:build_hole;course_season:sandbox;course_season:season;golfer_events:build_hole;golfer_events:golfer_panel;golfer_events:landmark_inject;golfer_events:sandbox;golfer_events:season;sandbox_basic:sandbox	
golf_clean.exe	004aaf3a	FUN_004aaf3a	185	3	0	0	18	championship:boot;course_season:boot;golfer_events:boot;sandbox_basic:boot	
Terrain.dll	00034a90	FUN_10034a90	184	3	0	0	18	championship:championship_setup;course_season:sandbox;golfer_events:sandbox;sandbox_basic:sandbox	
golf_clean.exe	0040d6a0	FUN_0040d6a0	183	3	0	0	18	course_season:build_hole;course_season:season;golfer_events:build_hole;golfer_events:golfer_panel;golfer_events:landmark_inject;golfer_events:season	
golf_clean.exe	0040ddb0	FUN_0040ddb0	183	3	0	0	18	championship:championship_setup;championship:tournament;course_season:build_hole;course_season:season;golfer_events:build_hole;golfer_events:golfer_panel;golfer_events:landmark_inject;golfer_events:season	
Terrain.dll	0001ec30	FUN_1001ec30	183	3	0	0	18	championship:boot;championship:championship_setup;course_season:boot;course_season:sandbox;golfer_events:boot;golfer_events:sandbox;sandbox_basic:boot;sandbox_basic:sandbox	
Terrain.dll	00025f90	__set_osfhnd	183	3	0	0	18	championship:boot;championship:championship_setup;course_season:boot;course_season:sandbox;golfer_events:boot;golfer_events:sandbox;sandbox_basic:boot;sandbox_basic:sandbox	
golf_clean.exe	0042f6e0	FUN_0042f6e0	181	3	0	0	18	championship:championship_setup;course_season:build_hole;course_season:sandbox;golfer_events:build_hole;golfer_events:sandbox;sandbox_basic:sandbox	
golf_clean.exe	00484a40	FUN_00484a40	181	3	0	0	18	championship:boot;course_season:boot;golfer_events:boot;sandbox_basic:boot	
golf_clean.exe	00469a20	FUN_00469a20	180	3	0	0	18	course_season:season;golfer_events:golfer_panel;golfer_events:season	
golf_clean.exe	00474030	FUN_00474030	180	3	0	0	18	championship:championship_setup;championship:tournament;course_season:build_hole;course_season:sandbox;course_season:season;golfer_events:build_hole;golfer_events:golfer_panel;golfer_events:landmark_inject;golfer_events:sandbox;golfer_events:season;sandbox_basic:sandbox	
golf_clean.exe	0047b420	FUN_0047b420	179	3	0	0	18	championship:boot;course_season:boot;golfer_events:boot;sandbox_basic:boot	
Terrain.dll	000265b0	FUN_100265b0	178	3	0	0	18	championship:championship_setup;course_season:sandbox;golfer_events:sandbox;sandbox_basic:sandbox	
golf_clean.exe	004a80c5	FUN_004a80c5	177	3	0	0	18	championship:boot;course_season:boot;golfer_events:boot;sandbox_basic:boot	
golf_clean.exe	004a01d0	FUN_004a01d0	176	3	0	0	18	championship:boot;course_season:boot;golfer_events:boot;sandbox_basic:boot	
golf_clean.exe	0040c3a0	FUN_0040c3a0	173	3	0	0	18	championship:championship_setup;course_season:build_hole;course_season:season;golfer_events:build_hole;golfer_events:golfer_panel;golfer_events:landmark_inject;golfer_events:season	
golf_clean.exe	00478ea0	FUN_00478ea0	173	3	0	0	18	championship:championship_setup;championship:tournament;course_season:build_hole;course_season:sandbox;course_season:season;golfer_events:build_hole;golfer_events:golfer_panel;golfer_events:landmark_inject;golfer_events:sandbox;golfer_events:season;sandbox_basic:sandbox	
golf_clean.exe	00404f50	FUN_00404f50	172	3	0	0	18	championship:boot;course_season:boot;golfer_events:boot;sandbox_basic:boot	
golf_clean.exe	00492dd0	FUN_00492dd0	172	3	0	0	18	championship:boot;championship:championship_setup;course_season:boot;course_season:sandbox;course_season:season;golfer_events:boot;golfer_events:sandbox;sandbox_basic:boot;sandbox_basic:menu;sandbox_basic:sandbox	
Terrain.dll	00019990	_memcmp	172	3	0	0	18	championship:boot;championship:championship_setup;course_season:boot;course_season:sandbox;golfer_events:boot;golfer_events:sandbox;sandbox_basic:boot;sandbox_basic:sandbox	
golf_clean.exe	0040c2f0	FUN_0040c2f0	171	3	0	0	18	championship:championship_setup;course_season:build_hole;course_season:season;golfer_events:build_hole;golfer_events:golfer_panel;golfer_events:landmark_inject;golfer_events:season	
golf_clean.exe	004830e0	FUN_004830e0	170	3	0	0	18	championship:boot;championship:championship_setup;course_season:boot;course_season:sandbox;course_season:season;golfer_events:boot;golfer_events:sandbox;sandbox_basic:boot;sandbox_basic:menu;sandbox_basic:sandbox	
golf_clean.exe	0049d3b0	FUN_0049d3b0	170	3	0	0	18	championship:boot;course_season:boot;golfer_events:boot;sandbox_basic:boot	
Terrain.dll	0001ea40	__close_lk	170	3	0	0	18	championship:boot;championship:championship_setup;course_season:boot;course_season:sandbox;golfer_events:boot;golfer_events:sandbox;sandbox_basic:boot;sandbox_basic:sandbox	
golf_clean.exe	004741b0	FUN_004741b0	169	3	0	0	18	championship:championship_setup;championship:tournament;course_season:build_hole;course_season:sandbox;course_season:season;golfer_events:build_hole;golfer_events:golfer_panel;golfer_events:landmark_inject;golfer_events:sandbox;golfer_events:season;sandbox_basic:sandbox	
Terrain.dll	00034cd0	FUN_10034cd0	169	3	0	0	18	championship:championship_setup;course_season:sandbox;golfer_events:sandbox;sandbox_basic:sandbox	
golf_clean.exe	00432f90	FUN_00432f90	167	3	0	0	18	championship:championship_setup;course_season:build_hole;course_season:season;golfer_events:build_hole;golfer_events:golfer_panel;golfer_events:landmark_inject;golfer_events:season	
golf_clean.exe	00480610	FUN_00480610	167	3	0	0	18	championship:boot;course_season:boot;golfer_events:boot;sandbox_basic:boot	
golf_clean.exe	00483340	FUN_00483340	167	3	0	0	18	championship:boot;course_season:boot;golfer_events:boot;sandbox_basic:boot	
golf_clean.exe	004a678b	FUN_004a678b	164	3	0	0	18	championship:championship_setup;course_season:sandbox;golfer_events:sandbox;sandbox_basic:sandbox	
golf_clean.exe	0044b5a0	FUN_0044b5a0	161	3	0	0	18	championship:boot;course_season:boot;golfer_events:boot;sandbox_basic:boot	
golf_clean.exe	0047b8f0	FUN_0047b8f0	161	3	0	0	18	championship:boot;course_season:boot;golfer_events:boot;sandbox_basic:boot	
Terrain.dll	00018be0	FUN_10018be0	161	3	0	0	18	championship:boot;championship:championship_setup;course_season:boot;course_season:build_hole;course_season:sandbox;golfer_events:boot;golfer_events:build_hole;golfer_events:sandbox;sandbox_basic:boot;sandbox_basic:sandbox	
golf_clean.exe	0046f1d0	FUN_0046f1d0	160	3	0	0	18	course_season:sandbox;golfer_events:sandbox;sandbox_basic:sandbox	
golf_clean.exe	00492b10	FUN_00492b10	160	3	0	0	18	championship:championship_setup;course_season:build_hole;course_season:sandbox;course_season:season;golfer_events:build_hole;golfer_events:golfer_panel;golfer_events:sandbox;sandbox_basic:sandbox	
Terrain.dll	00035f10	FUN_10035f10	160	3	0	0	18	championship:championship_setup;course_season:sandbox;golfer_events:sandbox;sandbox_basic:sandbox	
golf_clean.exe	00484940	FUN_00484940	159	3	0	0	18	championship:boot;championship:championship_setup;championship:tournament;course_season:boot;course_season:build_hole;course_season:sandbox;course_season:season;golfer_events:boot;golfer_events:build_hole;golfer_events:golfer_panel;golfer_events:landmark_inject;golfer_events:sandbox;golfer_events:season;sandbox_basic:boot;sandbox_basic:sandbox	
golf_clean.exe	00449f00	FUN_00449f00	158	3	0	0	18	championship:championship_setup;course_season:build_hole;course_season:sandbox;golfer_events:build_hole;golfer_events:sandbox;sandbox_basic:sandbox	
golf_clean.exe	00483fc0	FUN_00483fc0	157	3	0	0	18	championship:boot;course_season:boot;golfer_events:boot;sandbox_basic:boot	
Terrain.dll	000192cd	FUN_100192cd	157	3	0	0	18	championship:championship_setup;course_season:build_hole;course_season:sandbox;golfer_events:build_hole;golfer_events:sandbox;sandbox_basic:sandbox	
golf_clean.exe	00404ad0	FUN_00404ad0	154	3	0	0	18	championship:boot;championship:championship_setup;course_season:boot;course_season:sandbox;course_season:season;golfer_events:boot;golfer_events:golfer_panel;golfer_events:sandbox;golfer_events:season;sandbox_basic:boot;sandbox_basic:menu;sandbox_basic:sandbox	
golf_clean.exe	00477c30	FUN_00477c30	153	3	0	0	18	championship:boot;championship:championship_setup;championship:tournament;course_season:boot;course_season:build_hole;course_season:sandbox;course_season:season;golfer_events:boot;golfer_events:build_hole;golfer_events:golfer_panel;golfer_events:landmark_inject;golfer_events:sandbox;golfer_events:season;sandbox_basic:boot;sandbox_basic:menu;sandbox_basic:sandbox	
golf_clean.exe	0047c970	FUN_0047c970	153	3	0	0	18	championship:tournament;course_season:build_hole;course_season:season;golfer_events:build_hole;golfer_events:golfer_panel;golfer_events:season;sandbox_basic:sandbox	
golf_clean.exe	004aaff3	FUN_004aaff3	153	3	0	0	18	championship:boot;course_season:boot;golfer_events:boot;sandbox_basic:boot	
Terrain.dll	000219c0	FUN_100219c0	152	3	0	0	18	championship:boot;championship:championship_setup;course_season:boot;course_season:build_hole;course_season:sandbox;golfer_events:boot;golfer_events:build_hole;golfer_events:sandbox;sandbox_basic:boot;sandbox_basic:sandbox	
golf_clean.exe	00407000	FUN_00407000	151	3	0	0	18	course_season:build_hole;course_season:season;golfer_events:build_hole;golfer_events:golfer_panel;golfer_events:landmark_inject;golfer_events:season	
golf_clean.exe	004099f0	FUN_004099f0	151	3	0	0	18	course_season:build_hole;course_season:season;golfer_events:golfer_panel;golfer_events:landmark_inject;golfer_events:season	
Terrain.dll	00019e10	FUN_10019e10	151	3	0	0	18	championship:boot;championship:championship_setup;course_season:boot;course_season:build_hole;course_season:sandbox;golfer_events:boot;golfer_events:build_hole;golfer_events:sandbox;sandbox_basic:boot;sandbox_basic:sandbox	
golf_clean.exe	004050b0	FUN_004050b0	148	3	0	0	18	championship:boot;course_season:boot;golfer_events:boot;sandbox_basic:boot	
golf_clean.exe	00409950	FUN_00409950	148	3	0	0	18	course_season:build_hole;course_season:season;golfer_events:golfer_panel;golfer_events:landmark_inject;golfer_events:season	
golf_clean.exe	0042f120	FUN_0042f120	147	3	0	0	18	championship:championship_setup;course_season:build_hole;course_season:sandbox;golfer_events:build_hole;golfer_events:sandbox;sandbox_basic:sandbox	
golf_clean.exe	00474dd0	FUN_00474dd0	147	3	0	0	18	championship:boot;championship:championship_setup;course_season:boot;course_season:sandbox;course_season:season;golfer_events:boot;golfer_events:sandbox;sandbox_basic:boot;sandbox_basic:menu;sandbox_basic:sandbox	
golf_clean.exe	00475d00	FUN_00475d00	147	3	0	0	18	championship:boot;championship:championship_setup;championship:menu;championship:tournament;course_season:boot;course_season:build_hole;course_season:menu;course_season:sandbox;course_season:season;golfer_events:boot;golfer_events:build_hole;golfer_events:golfer_panel;golfer_events:landmark_inject;golfer_events:menu;golfer_events:sandbox;golfer_events:season;sandbox_basic:boot;sandbox_basic:menu;sandbox_basic:sandbox	
Terrain.dll	0000d480	FUN_1000d480	147	3	0	0	18	championship:championship_setup;course_season:build_hole;course_season:sandbox;golfer_events:build_hole;golfer_events:sandbox;sandbox_basic:sandbox	
golf_clean.exe	00404120	FUN_00404120	146	3	0	0	18	championship:boot;championship:championship_setup;course_season:boot;course_season:sandbox;golfer_events:boot;golfer_events:sandbox;sandbox_basic:boot;sandbox_basic:menu;sandbox_basic:sandbox	
golf_clean.exe	004674c0	FUN_004674c0	146	3	0	0	18	championship:championship_setup;championship:tournament;course_season:build_hole;course_season:sandbox;course_season:season;golfer_events:build_hole;golfer_events:golfer_panel;golfer_events:landmark_inject;golfer_events:sandbox;golfer_events:season;sandbox_basic:sandbox	
golf_clean.exe	004ab60c	FUN_004ab60c	146	3	0	0	18	championship:boot;course_season:boot;golfer_events:boot;sandbox_basic:boot	
Terrain.dll	0001eaf0	FUN_1001eaf0	146	3	0	0	18	championship:boot;championship:championship_setup;course_season:boot;course_season:sandbox;golfer_events:boot;golfer_events:sandbox;sandbox_basic:boot;sandbox_basic:sandbox	
golf_clean.exe	004053a0	FUN_004053a0	145	3	0	0	18	championship:boot;course_season:boot;golfer_events:boot;sandbox_basic:boot	
golf_clean.exe	004054e0	FUN_004054e0	145	3	0	0	18	championship:boot;course_season:boot;golfer_events:boot;sandbox_basic:boot	
golf_clean.exe	00405620	FUN_00405620	145	3	0	0	18	championship:boot;course_season:boot;golfer_events:boot;sandbox_basic:boot	
golf_clean.exe	0047d570	FUN_0047d570	145	3	0	0	18	championship:boot;course_season:boot;golfer_events:boot;sandbox_basic:boot	
Terrain.dll	0001916d	FUN_1001916d	145	3	0	0	18	championship:championship_setup;course_season:sandbox;golfer_events:sandbox;sandbox_basic:sandbox	
Terrain.dll	0001921d	FUN_1001921d	145	3	0	0	18	championship:championship_setup;course_season:sandbox;golfer_events:sandbox;sandbox_basic:sandbox	
Terrain.dll	00024350	__dosmaperr	145	3	0	0	18	championship:boot;championship:championship_setup;course_season:boot;course_season:sandbox;golfer_events:boot;golfer_events:sandbox;sandbox_basic:boot;sandbox_basic:sandbox	
golf_clean.exe	0043cce0	FUN_0043cce0	144	3	0	0	18	championship:boot;course_season:boot;golfer_events:boot;sandbox_basic:boot	
Terrain.dll	00013f00	FUN_10013f00	144	3	0	0	18	championship:championship_setup;course_season:build_hole;course_season:sandbox;golfer_events:build_hole;golfer_events:sandbox;sandbox_basic:sandbox	
Terrain.dll	00003980	FUN_10003980	143	3	0	0	18	championship:championship_setup;course_season:sandbox;golfer_events:sandbox;sandbox_basic:sandbox	
golf_clean.exe	004ab534	FUN_004ab534	141	3	0	0	18	championship:boot;course_season:boot;golfer_events:boot;sandbox_basic:boot	
Terrain.dll	00015500	FUN_10015500	141	3	0	0	18	championship:championship_setup;course_season:build_hole;course_season:sandbox;golfer_events:build_hole;golfer_events:sandbox;sandbox_basic:sandbox	
Terrain.dll	0001e250	FUN_1001e250	141	3	0	0	18	championship:boot;course_season:boot;golfer_events:boot;sandbox_basic:boot	
Terrain.dll	00037c80	FUN_10037c80	139	3	0	0	18	championship:championship_setup;course_season:build_hole;course_season:sandbox;golfer_events:build_hole;golfer_events:sandbox;sandbox_basic:sandbox	
golf_clean.exe	00404090	FUN_00404090	138	3	0	0	18	championship:boot;championship:championship_setup;course_season:boot;course_season:sandbox;golfer_events:boot;golfer_events:sandbox;sandbox_basic:boot;sandbox_basic:menu;sandbox_basic:sandbox	
Terrain.dll	0000b500	FUN_1000b500	138	3	0	0	18	championship:boot;championship:championship_setup;course_season:boot;course_season:build_hole;golfer_events:boot;golfer_events:build_hole;sandbox_basic:boot	
golf_clean.exe	004ab69e	FUN_004ab69e	137	3	0	0	18	championship:boot;course_season:boot;golfer_events:boot;sandbox_basic:boot	
golf_clean.exe	00404e00	FUN_00404e00	136	3	0	0	18	championship:boot;course_season:boot;golfer_events:boot;sandbox_basic:boot	
Terrain.dll	00016be0	FUN_10016be0	136	3	0	0	18	championship:boot;championship:championship_setup;course_season:boot;course_season:build_hole;course_season:sandbox;golfer_events:boot;golfer_events:build_hole;golfer_events:sandbox;sandbox_basic:boot;sandbox_basic:sandbox	
golf_clean.exe	00492920	FUN_00492920	135	3	0	0	18	championship:boot;championship:championship_setup;course_season:boot;course_season:sandbox;course_season:season;golfer_events:boot;golfer_events:sandbox;sandbox_basic:boot;sandbox_basic:menu;sandbox_basic:sandbox	
Terrain.dll	000262b0	FUN_100262b0	134	3	0	0	18	championship:boot;championship:championship_setup;course_season:boot;course_season:sandbox;golfer_events:boot;golfer_events:sandbox;sandbox_basic:boot;sandbox_basic:sandbox	
golf_clean.exe	0047b170	FUN_0047b170	133	3	0	0	18	championship:boot;championship:championship_setup;championship:menu;championship:tournament;course_season:boot;course_season:build_hole;course_season:menu;course_season:sandbox;course_season:season;golfer_events:boot;golfer_events:build_hole;golfer_events:golfer_panel;golfer_events:landmark_inject;golfer_events:menu;golfer_events:sandbox;golfer_events:season;sandbox_basic:boot;sandbox_basic:menu;sandbox_basic:sandbox	
golf_clean.exe	0047b200	FUN_0047b200	133	3	0	0	18	championship:boot;championship:championship_setup;championship:menu;championship:tournament;course_season:boot;course_season:build_hole;course_season:menu;course_season:sandbox;course_season:season;golfer_events:boot;golfer_events:build_hole;golfer_events:golfer_panel;golfer_events:landmark_inject;golfer_events:menu;golfer_events:sandbox;golfer_events:season;sandbox_basic:boot;sandbox_basic:menu;sandbox_basic:sandbox	
Terrain.dll	0000c210	FUN_1000c210	133	3	0	0	18	championship:boot;course_season:boot;golfer_events:boot;sandbox_basic:boot	
golf_clean.exe	0044a380	FUN_0044a380	132	3	0	0	18	championship:championship_setup;course_season:build_hole;course_season:sandbox;golfer_events:build_hole;golfer_events:sandbox;sandbox_basic:sandbox	
golf_clean.exe	0048de00	FUN_0048de00	132	3	0	0	18	championship:boot;course_season:boot;golfer_events:boot;sandbox_basic:boot	
golf_clean.exe	0048de90	FUN_0048de90	132	3	0	0	18	championship:boot;course_season:boot;golfer_events:boot;sandbox_basic:boot	
golf_clean.exe	004a5ad5	FUN_004a5ad5	131	3	0	0	18	championship:boot;championship:championship_setup;course_season:boot;course_season:build_hole;course_season:sandbox;golfer_events:boot;golfer_events:build_hole;golfer_events:sandbox;sandbox_basic:boot;sandbox_basic:sandbox	
Terrain.dll	00010590	FUN_10010590	131	3	0	0	18	championship:championship_setup;course_season:sandbox;golfer_events:sandbox;sandbox_basic:sandbox	
Terrain.dll	00034d80	FUN_10034d80	131	3	0	0	18	championship:championship_setup;course_season:sandbox;golfer_events:sandbox;sandbox_basic:sandbox	
Terrain.dll	00013dd0	FUN_10013dd0	130	3	0	0	18	championship:championship_setup;course_season:build_hole;course_season:sandbox;golfer_events:build_hole;golfer_events:sandbox;sandbox_basic:sandbox	
Terrain.dll	00017c20	FUN_10017c20	130	3	0	0	18	championship:boot;championship:championship_setup;course_season:boot;course_season:sandbox;golfer_events:boot;golfer_events:sandbox;sandbox_basic:boot;sandbox_basic:sandbox	
Terrain.dll	0001f030	FUN_1001f030	130	3	0	0	18	championship:boot;championship:championship_setup;course_season:boot;course_season:sandbox;golfer_events:boot;golfer_events:sandbox;sandbox_basic:boot;sandbox_basic:sandbox	
Terrain.dll	000218e0	FUN_100218e0	130	3	0	0	18	championship:boot;course_season:boot;golfer_events:boot;sandbox_basic:boot	
Terrain.dll	00026520	FUN_10026520	130	3	0	0	18	championship:championship_setup;course_season:sandbox;golfer_events:sandbox;sandbox_basic:sandbox	
golf_clean.exe	0040acd0	FUN_0040acd0	129	3	0	0	18	championship:boot;championship:championship_setup;championship:menu;championship:tournament;course_season:boot;course_season:build_hole;course_season:menu;course_season:sandbox;course_season:season;golfer_events:boot;golfer_events:build_hole;golfer_events:golfer_panel;golfer_events:landmark_inject;golfer_events:menu;golfer_events:sandbox;golfer_events:season;sandbox_basic:boot;sandbox_basic:menu;sandbox_basic:sandbox	
golf_clean.exe	0044b060	FUN_0044b060	129	3	0	0	18	championship:boot;course_season:boot;golfer_events:boot;sandbox_basic:boot	
golf_clean.exe	0045c030	FUN_0045c030	129	3	0	0	18	championship:boot;championship:championship_setup;championship:menu;championship:tournament;course_season:boot;course_season:build_hole;course_season:menu;course_season:sandbox;course_season:season;golfer_events:boot;golfer_events:build_hole;golfer_events:golfer_panel;golfer_events:landmark_inject;golfer_events:menu;golfer_events:sandbox;golfer_events:season;sandbox_basic:boot;sandbox_basic:menu;sandbox_basic:sandbox	
golf_clean.exe	004924e0	FUN_004924e0	129	3	0	0	18	championship:boot;course_season:boot;golfer_events:boot;sandbox_basic:boot	
Terrain.dll	00018f70	_strcmp	129	3	0	0	18	championship:championship_setup;course_season:sandbox;golfer_events:sandbox;sandbox_basic:sandbox	
golf_clean.exe	0042f4b0	FUN_0042f4b0	128	3	0	0	18	championship:championship_setup;championship:tournament;course_season:build_hole;course_season:sandbox;course_season:season;golfer_events:build_hole;golfer_events:golfer_panel;golfer_events:landmark_inject;golfer_events:sandbox;golfer_events:season;sandbox_basic:sandbox	
golf_clean.exe	00449330	FUN_00449330	128	3	0	0	18	championship:championship_setup;course_season:build_hole;course_season:sandbox;golfer_events:build_hole;golfer_events:sandbox;sandbox_basic:sandbox	
golf_clean.exe	004a64f0	_strstr	128	3	0	0	18	championship:boot;championship:championship_setup;course_season:boot;course_season:build_hole;course_season:sandbox;course_season:season;golfer_events:boot;golfer_events:build_hole;golfer_events:golfer_panel;golfer_events:landmark_inject;golfer_events:sandbox;golfer_events:season;sandbox_basic:boot;sandbox_basic:menu;sandbox_basic:sandbox	
golf_clean.exe	0045bf80	FUN_0045bf80	127	3	0	0	18	championship:boot;championship:championship_setup;championship:menu;championship:tournament;course_season:boot;course_season:build_hole;course_season:menu;course_season:sandbox;course_season:season;golfer_events:boot;golfer_events:build_hole;golfer_events:golfer_panel;golfer_events:landmark_inject;golfer_events:menu;golfer_events:sandbox;golfer_events:season;sandbox_basic:boot;sandbox_basic:menu;sandbox_basic:sandbox	
golf_clean.exe	0047fa30	FUN_0047fa30	127	3	0	0	18	championship:boot;championship:championship_setup;championship:menu;championship:tournament;course_season:boot;course_season:build_hole;course_season:menu;course_season:sandbox;course_season:season;golfer_events:boot;golfer_events:build_hole;golfer_events:golfer_panel;golfer_events:landmark_inject;golfer_events:menu;golfer_events:sandbox;golfer_events:season;sandbox_basic:boot;sandbox_basic:menu;sandbox_basic:sandbox	
golf_clean.exe	004a92bd	FUN_004a92bd	127	3	0	0	18	championship:boot;championship:championship_setup;course_season:boot;course_season:build_hole;course_season:sandbox;golfer_events:boot;golfer_events:build_hole;golfer_events:sandbox;sandbox_basic:boot;sandbox_basic:sandbox	
golf_clean.exe	0047f1b0	FUN_0047f1b0	126	3	0	0	18	course_season:build_hole;golfer_events:build_hole;sandbox_basic:sandbox	
golf_clean.exe	004a5654	FUN_004a5654	126	3	0	0	18	championship:boot;course_season:boot;golfer_events:boot;sandbox_basic:boot	
Terrain.dll	000366c0	FUN_100366c0	126	3	0	0	18	championship:championship_setup;course_season:sandbox;golfer_events:sandbox;sandbox_basic:sandbox	
golf_clean.exe	004a9241	FUN_004a9241	124	3	0	0	18	championship:boot;championship:championship_setup;course_season:boot;course_season:build_hole;course_season:sandbox;golfer_events:boot;golfer_events:build_hole;golfer_events:sandbox;sandbox_basic:boot;sandbox_basic:sandbox	
golf_clean.exe	004abdf0	_strlen	123	3	0	0	18	championship:boot;course_season:boot;golfer_events:boot;sandbox_basic:boot	
Terrain.dll	00019590	_strlen	123	3	0	0	18	championship:boot;championship:championship_setup;course_season:boot;course_season:sandbox;golfer_events:boot;golfer_events:sandbox;sandbox_basic:boot;sandbox_basic:sandbox	
Terrain.dll	0001b060	FUN_1001b060	123	3	0	0	18	championship:boot;championship:championship_setup;course_season:boot;course_season:build_hole;course_season:sandbox;golfer_events:boot;golfer_events:build_hole;golfer_events:sandbox;sandbox_basic:boot;sandbox_basic:sandbox	
golf_clean.exe	0040c720	FUN_0040c720	122	3	0	0	18	course_season:build_hole;golfer_events:build_hole;sandbox_basic:sandbox	
golf_clean.exe	00474440	FUN_00474440	122	3	0	0	18	course_season:build_hole;course_season:season;golfer_events:build_hole;sandbox_basic:sandbox	
Terrain.dll	0001e9c0	FUN_1001e9c0	122	3	0	0	18	championship:boot;championship:championship_setup;course_season:boot;course_season:sandbox;golfer_events:boot;golfer_events:sandbox;sandbox_basic:boot;sandbox_basic:sandbox	
golf_clean.exe	00483e90	FUN_00483e90	121	3	0	0	18	championship:boot;course_season:boot;golfer_events:boot;sandbox_basic:boot	
golf_clean.exe	00432620	FUN_00432620	120	3	0	0	18	course_season:build_hole;golfer_events:build_hole;golfer_events:golfer_panel	
golf_clean.exe	00486ec0	FUN_00486ec0	120	3	0	0	18	championship:boot;championship:championship_setup;course_season:boot;course_season:sandbox;course_season:season;golfer_events:boot;golfer_events:sandbox;sandbox_basic:boot;sandbox_basic:menu;sandbox_basic:sandbox	
golf_clean.exe	0040df80	FUN_0040df80	119	3	0	0	18	championship:championship_setup;championship:tournament;course_season:build_hole;course_season:sandbox;course_season:season;golfer_events:build_hole;golfer_events:golfer_panel;golfer_events:landmark_inject;golfer_events:sandbox;golfer_events:season;sandbox_basic:sandbox	
golf_clean.exe	00485ff0	FUN_00485ff0	119	3	0	0	18	championship:boot;course_season:boot;golfer_events:boot;sandbox_basic:boot	
golf_clean.exe	0049c830	FUN_0049c830	119	3	0	0	18	championship:boot;championship:championship_setup;course_season:boot;course_season:sandbox;golfer_events:boot;golfer_events:sandbox;sandbox_basic:boot;sandbox_basic:menu;sandbox_basic:sandbox	
golf_clean.exe	0040c890	FUN_0040c890	118	3	0	0	18	course_season:build_hole;course_season:season;golfer_events:build_hole;golfer_events:golfer_panel;golfer_events:season	
golf_clean.exe	0042f2c0	FUN_0042f2c0	118	3	0	0	18	course_season:build_hole;course_season:sandbox;golfer_events:build_hole;golfer_events:sandbox;sandbox_basic:sandbox	
golf_clean.exe	00492a90	FUN_00492a90	118	3	0	0	18	championship:championship_setup;course_season:build_hole;course_season:sandbox;golfer_events:build_hole;golfer_events:golfer_panel;golfer_events:sandbox;sandbox_basic:sandbox	
Terrain.dll	0000adc0	FUN_1000adc0	118	3	0	0	18	championship:championship_setup;course_season:build_hole;course_season:sandbox;golfer_events:build_hole;golfer_events:sandbox;sandbox_basic:sandbox	
golf_clean.exe	00401750	FUN_00401750	117	3	0	0	18	championship:boot;championship:championship_setup;course_season:boot;golfer_events:boot;sandbox_basic:boot;sandbox_basic:menu	
Terrain.dll	00001b60	FUN_10001b60	116	3	0	0	18	championship:boot;championship:championship_setup;course_season:boot;course_season:sandbox;golfer_events:boot;golfer_events:sandbox;sandbox_basic:boot;sandbox_basic:sandbox	
golf_clean.exe	004a9099	FUN_004a9099	115	3	0	0	18	championship:championship_setup;championship:tournament;course_season:build_hole;course_season:sandbox;course_season:season;golfer_events:build_hole;golfer_events:golfer_panel;golfer_events:landmark_inject;golfer_events:season	
golf_clean.exe	004326a0	FUN_004326a0	113	3	0	0	18	championship:championship_setup;championship:tournament;course_season:build_hole;course_season:sandbox;course_season:season;golfer_events:build_hole;golfer_events:golfer_panel;golfer_events:landmark_inject;golfer_events:sandbox;golfer_events:season;sandbox_basic:sandbox	
golf_clean.exe	00486dc0	FUN_00486dc0	113	3	0	0	18	championship:boot;course_season:boot;golfer_events:boot;sandbox_basic:boot	
golf_clean.exe	0049c020	FUN_0049c020	113	3	0	0	18	championship:boot;course_season:boot;golfer_events:boot;sandbox_basic:boot	
Terrain.dll	00018670	`eh_vector_constructor_iterator'	113	3	0	0	18	championship:boot;course_season:boot;golfer_events:boot;sandbox_basic:boot	
golf_clean.exe	00474550	FUN_00474550	112	3	0	0	18	championship:boot;championship:championship_setup;course_season:boot;course_season:sandbox;golfer_events:boot;golfer_events:sandbox;sandbox_basic:boot;sandbox_basic:menu;sandbox_basic:sandbox	
golf_clean.exe	00474e70	FUN_00474e70	111	3	0	0	18	championship:boot;championship:championship_setup;course_season:boot;course_season:sandbox;course_season:season;golfer_events:boot;golfer_events:sandbox;sandbox_basic:boot;sandbox_basic:menu;sandbox_basic:sandbox	
golf_clean.exe	00475c90	FUN_00475c90	111	3	0	0	18	course_season:sandbox;course_season:season;golfer_events:sandbox;sandbox_basic:sandbox	
golf_clean.exe	004a6650	FUN_004a6650	111	3	0	0	18	course_season:build_hole;course_season:season;golfer_events:build_hole;golfer_events:golfer_panel;golfer_events:season	
Terrain.dll	0000b470	FUN_1000b470	111	3	0	0	18	championship:championship_setup;course_season:build_hole;golfer_events:build_hole	
golf_clean.exe	00488230	FUN_00488230	110	3	0	0	18	championship:boot;course_season:boot;golfer_events:boot;sandbox_basic:boot	
golf_clean.exe	00484260	FUN_00484260	109	3	0	0	18	championship:boot;course_season:boot;golfer_events:boot;sandbox_basic:boot	
Terrain.dll	00034020	FUN_10034020	108	3	0	0	18	championship:championship_setup;course_season:sandbox;golfer_events:sandbox;sandbox_basic:sandbox	
golf_clean.exe	00449400	FUN_00449400	107	3	0	0	18	championship:championship_setup;course_season:sandbox;golfer_events:sandbox;sandbox_basic:sandbox	
golf_clean.exe	00463100	FUN_00463100	107	3	0	0	18	championship:championship_setup;championship:tournament;course_season:build_hole;course_season:sandbox;course_season:season;golfer_events:build_hole;golfer_events:golfer_panel;golfer_events:landmark_inject;golfer_events:sandbox;golfer_events:season;sandbox_basic:sandbox	
Terrain.dll	000340e0	FUN_100340e0	107	3	0	0	18	championship:championship_setup;course_season:sandbox;golfer_events:sandbox;sandbox_basic:sandbox	
golf_clean.exe	004a55d2	FUN_004a55d2	106	3	0	0	18	championship:boot;championship:championship_setup;course_season:boot;course_season:sandbox;course_season:season;golfer_events:boot;golfer_events:sandbox;sandbox_basic:boot;sandbox_basic:menu;sandbox_basic:sandbox	
golf_clean.exe	00482f60	FUN_00482f60	105	3	0	0	18	championship:boot;course_season:boot;golfer_events:boot;sandbox_basic:boot	
golf_clean.exe	00484150	FUN_00484150	104	3	0	0	18	championship:boot;course_season:boot;golfer_events:boot;sandbox_basic:boot	
golf_clean.exe	004a5713	FUN_004a5713	104	3	0	0	18	championship:boot;championship:championship_setup;course_season:boot;course_season:sandbox;course_season:season;golfer_events:boot;golfer_events:sandbox;sandbox_basic:boot;sandbox_basic:menu;sandbox_basic:sandbox	
golf_clean.exe	0047ab50	FUN_0047ab50	103	3	0	0	18	championship:boot;championship:championship_setup;championship:menu;championship:tournament;course_season:boot;course_season:build_hole;course_season:menu;course_season:sandbox;course_season:season;golfer_events:boot;golfer_events:build_hole;golfer_events:golfer_panel;golfer_events:landmark_inject;golfer_events:menu;golfer_events:sandbox;golfer_events:season;sandbox_basic:boot;sandbox_basic:menu;sandbox_basic:sandbox	
golf_clean.exe	00484b80	FUN_00484b80	103	3	0	0	18	championship:boot;course_season:boot;golfer_events:boot;sandbox_basic:boot	
golf_clean.exe	004a8e53	FUN_004a8e53	103	3	0	0	18	championship:championship_setup;championship:tournament;course_season:build_hole;course_season:sandbox;course_season:season;golfer_events:build_hole;golfer_events:golfer_panel;golfer_events:landmark_inject;golfer_events:sandbox;golfer_events:season;sandbox_basic:sandbox	
golf_clean.exe	00473bf0	FUN_00473bf0	102	3	0	0	18	championship:boot;championship:championship_setup;course_season:boot;course_season:sandbox;course_season:season;golfer_events:boot;golfer_events:sandbox;sandbox_basic:boot;sandbox_basic:menu;sandbox_basic:sandbox	
golf_clean.exe	00482420	FUN_00482420	102	3	0	0	18	championship:boot;championship:championship_setup;course_season:boot;course_season:sandbox;golfer_events:boot;golfer_events:sandbox;sandbox_basic:boot;sandbox_basic:menu;sandbox_basic:sandbox	
golf_clean.exe	00485140	FUN_00485140	102	3	0	0	18	championship:boot;championship:championship_setup;championship:tournament;course_season:boot;course_season:build_hole;course_season:sandbox;course_season:season;golfer_events:boot;golfer_events:build_hole;golfer_events:golfer_panel;golfer_events:landmark_inject;golfer_events:sandbox;golfer_events:season;sandbox_basic:boot;sandbox_basic:sandbox	
Terrain.dll	00026130	FUN_10026130	102	3	0	0	18	championship:boot;championship:championship_setup;course_season:boot;course_season:sandbox;golfer_events:boot;golfer_events:sandbox;sandbox_basic:boot;sandbox_basic:sandbox	
golf_clean.exe	0047e450	FUN_0047e450	101	3	0	0	18	championship:boot;championship:championship_setup;course_season:boot;course_season:build_hole;course_season:sandbox;golfer_events:boot;golfer_events:build_hole;golfer_events:golfer_panel;golfer_events:sandbox;sandbox_basic:boot;sandbox_basic:sandbox	
golf_clean.exe	004a583a	FUN_004a583a	101	3	0	0	18	championship:boot;championship:championship_setup;course_season:boot;course_season:build_hole;course_season:sandbox;golfer_events:boot;golfer_events:build_hole;golfer_events:sandbox;sandbox_basic:boot;sandbox_basic:sandbox	
golf_clean.exe	004a5b58	FUN_004a5b58	101	3	0	0	18	championship:tournament;course_season:build_hole;course_season:sandbox;course_season:season;golfer_events:build_hole;golfer_events:golfer_panel;golfer_events:landmark_inject;golfer_events:season	
Terrain.dll	0001a0b0	__heap_alloc_base	101	3	0	0	18	championship:boot;championship:championship_setup;course_season:boot;course_season:build_hole;course_season:sandbox;golfer_events:boot;golfer_events:build_hole;golfer_events:sandbox;sandbox_basic:boot;sandbox_basic:sandbox	
golf_clean.exe	00473ae0	FUN_00473ae0	100	3	0	0	18	championship:boot;championship:championship_setup;course_season:boot;course_season:sandbox;course_season:season;golfer_events:boot;golfer_events:sandbox;sandbox_basic:boot;sandbox_basic:menu;sandbox_basic:sandbox	
golf_clean.exe	00483070	FUN_00483070	100	3	0	0	18	championship:boot;championship:championship_setup;championship:tournament;course_season:boot;course_season:build_hole;course_season:sandbox;course_season:season;golfer_events:boot;golfer_events:build_hole;golfer_events:golfer_panel;golfer_events:landmark_inject;golfer_events:sandbox;golfer_events:season;sandbox_basic:boot;sandbox_basic:menu;sandbox_basic:sandbox	
golf_clean.exe	00474c40	FUN_00474c40	99	3	0	0	18	championship:boot;championship:championship_setup;course_season:boot;course_season:sandbox;course_season:season;golfer_events:boot;golfer_events:sandbox;sandbox_basic:boot;sandbox_basic:menu;sandbox_basic:sandbox	
golf_clean.exe	00487280	FUN_00487280	98	3	0	0	18	championship:boot;course_season:boot;golfer_events:boot;sandbox_basic:boot	
golf_clean.exe	004a65ee	FUN_004a65ee	98	3	0	0	18	championship:boot;championship:championship_setup;course_season:boot;course_season:build_hole;course_season:sandbox;golfer_events:boot;golfer_events:build_hole;golfer_events:sandbox;sandbox_basic:boot;sandbox_basic:sandbox	
golf_clean.exe	004a79b2	FUN_004a79b2	97	3	0	0	18	championship:boot;championship:championship_setup;championship:menu;championship:tournament;course_season:boot;course_season:build_hole;course_season:menu;course_season:sandbox;course_season:season;golfer_events:boot;golfer_events:build_hole;golfer_events:golfer_panel;golfer_events:landmark_inject;golfer_events:menu;golfer_events:sandbox;golfer_events:season;sandbox_basic:boot;sandbox_basic:menu;sandbox_basic:sandbox	
golf_clean.exe	0044b450	FUN_0044b450	96	3	0	0	18	championship:boot;course_season:boot;golfer_events:boot;sandbox_basic:boot	
golf_clean.exe	0047e580	FUN_0047e580	96	3	0	0	18	championship:boot;championship:championship_setup;course_season:boot;course_season:build_hole;course_season:sandbox;golfer_events:boot;golfer_events:build_hole;golfer_events:golfer_panel;golfer_events:sandbox;sandbox_basic:boot;sandbox_basic:sandbox	
Terrain.dll	00015d70	__calloc_dbg	96	3	0	0	18	championship:boot;course_season:boot;golfer_events:boot;sandbox_basic:boot	
golf_clean.exe	00473f60	FUN_00473f60	95	3	0	0	18	championship:championship_setup;championship:tournament;course_season:build_hole;course_season:sandbox;course_season:season;golfer_events:build_hole;golfer_events:golfer_panel;golfer_events:landmark_inject;golfer_events:sandbox;golfer_events:season;sandbox_basic:sandbox	
golf_clean.exe	00480c20	FUN_00480c20	95	3	0	0	18	championship:boot;championship:championship_setup;championship:menu;championship:tournament;course_season:boot;course_season:build_hole;course_season:menu;course_season:sandbox;course_season:season;golfer_events:boot;golfer_events:build_hole;golfer_events:golfer_panel;golfer_events:landmark_inject;golfer_events:menu;golfer_events:sandbox;golfer_events:season;sandbox_basic:boot;sandbox_basic:menu;sandbox_basic:sandbox	
golf_clean.exe	004a937e	FUN_004a937e	95	3	0	0	18	championship:boot;championship:championship_setup;course_season:boot;course_season:build_hole;course_season:sandbox;golfer_events:boot;golfer_events:build_hole;golfer_events:sandbox;sandbox_basic:boot;sandbox_basic:sandbox	
golf_clean.exe	0040c450	FUN_0040c450	94	3	0	0	18	championship:championship_setup;course_season:build_hole;course_season:season;golfer_events:build_hole;golfer_events:golfer_panel;golfer_events:landmark_inject;golfer_events:season	
golf_clean.exe	00486070	FUN_00486070	94	3	0	0	18	championship:boot;course_season:boot;golfer_events:boot;sandbox_basic:boot	
golf_clean.exe	004a5a78	FUN_004a5a78	93	3	0	0	18	championship:boot;championship:championship_setup;championship:tournament;course_season:boot;course_season:build_hole;course_season:sandbox;course_season:season;golfer_events:boot;golfer_events:build_hole;golfer_events:golfer_panel;golfer_events:landmark_inject;golfer_events:sandbox;golfer_events:season;sandbox_basic:boot;sandbox_basic:sandbox	
Terrain.dll	00015960	FUN_10015960	93	3	0	0	18	championship:boot;championship:championship_setup;course_season:boot;course_season:build_hole;course_season:sandbox;golfer_events:boot;golfer_events:build_hole;golfer_events:sandbox;sandbox_basic:boot;sandbox_basic:sandbox	
golf_clean.exe	004a99a0	FUN_004a99a0	92	3	0	0	18	championship:boot;championship:championship_setup;course_season:boot;course_season:build_hole;course_season:sandbox;golfer_events:boot;golfer_events:build_hole;golfer_events:sandbox;sandbox_basic:boot;sandbox_basic:sandbox	
golf_clean.exe	004ad452	FUN_004ad452	92	3	0	0	18	championship:championship_setup;championship:tournament;course_season:build_hole;course_season:sandbox;course_season:season;golfer_events:build_hole;golfer_events:golfer_panel;golfer_events:landmark_inject;golfer_events:sandbox;golfer_events:season;sandbox_basic:sandbox	
golf_clean.exe	00484c20	FUN_00484c20	90	3	0	0	18	championship:boot;course_season:boot;golfer_events:boot;sandbox_basic:boot	
golf_clean.exe	00491c10	FUN_00491c10	90	3	0	0	18	championship:boot;course_season:boot;golfer_events:boot;sandbox_basic:boot	
Terrain.dll	0000ae60	FUN_1000ae60	89	3	0	0	18	championship:boot;course_season:boot;golfer_events:boot;sandbox_basic:boot	
Terrain.dll	0000ba40	FUN_1000ba40	89	3	0	0	18	championship:championship_setup;course_season:build_hole;golfer_events:build_hole	
Terrain.dll	00029f70	getSystemCP	89	3	0	0	18	championship:boot;course_season:boot;golfer_events:boot;sandbox_basic:boot	
golf_clean.exe	0042dba0	FUN_0042dba0	88	3	0	0	18	championship:championship_setup;championship:tournament;course_season:build_hole;course_season:sandbox;course_season:season;golfer_events:build_hole;golfer_events:golfer_panel;golfer_events:landmark_inject;golfer_events:sandbox;golfer_events:season;sandbox_basic:sandbox	
golf_clean.exe	0045ae70	FUN_0045ae70	88	3	0	0	18	championship:boot;championship:championship_setup;course_season:boot;course_season:sandbox;course_season:season;golfer_events:boot;golfer_events:sandbox;golfer_events:season;sandbox_basic:boot;sandbox_basic:menu;sandbox_basic:sandbox	
golf_clean.exe	0047e2d0	FUN_0047e2d0	88	3	0	0	18	championship:boot;championship:championship_setup;course_season:boot;course_season:build_hole;course_season:sandbox;golfer_events:boot;golfer_events:build_hole;golfer_events:golfer_panel;golfer_events:sandbox;sandbox_basic:boot;sandbox_basic:sandbox	
golf_clean.exe	00483850	FUN_00483850	88	3	0	0	18	championship:boot;course_season:boot;golfer_events:boot;sandbox_basic:boot	
golf_clean.exe	004aaee2	FUN_004aaee2	88	3	0	0	18	championship:boot;course_season:boot;golfer_events:boot;sandbox_basic:boot	
golf_clean.exe	004abd90	_memset	88	3	0	0	18	championship:boot;course_season:boot;golfer_events:boot;sandbox_basic:boot	
Terrain.dll	0000b210	FUN_1000b210	88	3	0	0	18	championship:championship_setup;course_season:build_hole;golfer_events:build_hole	
Terrain.dll	00019fd0	_memset	88	3	0	0	18	championship:boot;championship:championship_setup;course_season:boot;course_season:build_hole;course_season:sandbox;golfer_events:boot;golfer_events:build_hole;golfer_events:sandbox;sandbox_basic:boot;sandbox_basic:sandbox	
golf_clean.exe	0047e520	FUN_0047e520	86	3	0	0	18	championship:boot;course_season:boot;golfer_events:boot;sandbox_basic:boot	
Terrain.dll	000360b0	FUN_100360b0	86	3	0	0	18	championship:championship_setup;course_season:sandbox;golfer_events:sandbox;sandbox_basic:sandbox	
golf_clean.exe	0045b9f0	FUN_0045b9f0	85	3	0	0	18	championship:championship_setup;championship:tournament;course_season:build_hole;course_season:sandbox;course_season:season;golfer_events:build_hole;golfer_events:golfer_panel;golfer_events:landmark_inject;golfer_events:sandbox;golfer_events:season;sandbox_basic:sandbox	
golf_clean.exe	0047e4c0	FUN_0047e4c0	85	3	0	0	18	championship:boot;course_season:boot;golfer_events:boot;sandbox_basic:boot	
golf_clean.exe	00480c80	FUN_00480c80	85	3	0	0	18	championship:boot;championship:championship_setup;championship:menu;championship:tournament;course_season:boot;course_season:build_hole;course_season:menu;course_season:sandbox;course_season:season;golfer_events:boot;golfer_events:build_hole;golfer_events:golfer_panel;golfer_events:landmark_inject;golfer_events:menu;golfer_events:sandbox;golfer_events:season;sandbox_basic:boot;sandbox_basic:menu;sandbox_basic:sandbox	
golf_clean.exe	004a8dec	FUN_004a8dec	84	3	0	0	18	championship:boot;course_season:boot;golfer_events:boot;sandbox_basic:boot	
Terrain.dll	0000af70	FUN_1000af70	84	3	0	0	18	championship:championship_setup;course_season:build_hole;golfer_events:build_hole	
Terrain.dll	0000f6e0	FUN_1000f6e0	84	3	0	0	18	championship:boot;championship:championship_setup;course_season:boot;course_season:sandbox;golfer_events:boot;golfer_events:sandbox;sandbox_basic:boot;sandbox_basic:sandbox	
Terrain.dll	00033e90	FUN_10033e90	84	3	0	0	18	championship:championship_setup;course_season:sandbox;golfer_events:sandbox;sandbox_basic:sandbox	
golf_clean.exe	0044b6f0	FUN_0044b6f0	83	3	0	0	18	championship:boot;course_season:boot;golfer_events:boot;sandbox_basic:boot	
golf_clean.exe	0047d510	FUN_0047d510	83	3	0	0	18	championship:boot;course_season:boot;golfer_events:boot;sandbox_basic:boot	
golf_clean.exe	00492850	FUN_00492850	83	3	0	0	18	championship:boot;championship:championship_setup;course_season:boot;course_season:sandbox;course_season:season;golfer_events:boot;golfer_events:sandbox;sandbox_basic:boot;sandbox_basic:menu;sandbox_basic:sandbox	
Terrain.dll	000164b0	__free_dbg	82	3	0	0	18	championship:boot;championship:championship_setup;course_season:boot;course_season:build_hole;course_season:sandbox;golfer_events:boot;golfer_events:build_hole;golfer_events:sandbox;sandbox_basic:boot;sandbox_basic:sandbox	
Terrain.dll	00036410	FUN_10036410	81	3	0	0	18	championship:championship_setup;course_season:sandbox;golfer_events:sandbox;sandbox_basic:sandbox	
golf_clean.exe	004481b0	FUN_004481b0	80	3	0	0	18	championship:boot;championship:championship_setup;championship:tournament;course_season:boot;course_season:build_hole;course_season:sandbox;course_season:season;golfer_events:boot;golfer_events:build_hole;golfer_events:golfer_panel;golfer_events:landmark_inject;golfer_events:sandbox;golfer_events:season;sandbox_basic:boot;sandbox_basic:sandbox	
golf_clean.exe	00484820	FUN_00484820	80	3	0	0	18	championship:boot;course_season:boot;golfer_events:boot;sandbox_basic:boot	
golf_clean.exe	004928d0	FUN_004928d0	80	3	0	0	18	championship:boot;championship:championship_setup;course_season:boot;course_season:sandbox;course_season:season;golfer_events:boot;golfer_events:sandbox;sandbox_basic:boot;sandbox_basic:menu;sandbox_basic:sandbox	
Terrain.dll	0002b740	FUN_1002b740	80	3	0	0	18	championship:boot;course_season:boot;golfer_events:boot;sandbox_basic:boot	
Terrain.dll	0000b090	FUN_1000b090	79	3	0	0	18	championship:championship_setup;course_season:build_hole;golfer_events:build_hole	
Terrain.dll	00026c90	FUN_10026c90	79	3	0	0	18	championship:boot;course_season:boot;golfer_events:boot;sandbox_basic:boot	
golf_clean.exe	00405920	FUN_00405920	78	3	0	0	18	course_season:build_hole;course_season:season;golfer_events:golfer_panel;golfer_events:landmark_inject;golfer_events:season	
golf_clean.exe	0047b080	FUN_0047b080	78	3	0	0	18	championship:boot;course_season:boot;golfer_events:boot;sandbox_basic:boot	
golf_clean.exe	0047b0d0	FUN_0047b0d0	78	3	0	0	18	championship:boot;championship:championship_setup;championship:menu;championship:tournament;course_season:boot;course_season:build_hole;course_season:menu;course_season:sandbox;course_season:season;golfer_events:boot;golfer_events:build_hole;golfer_events:golfer_panel;golfer_events:landmark_inject;golfer_events:menu;golfer_events:sandbox;golfer_events:season;sandbox_basic:boot;sandbox_basic:menu;sandbox_basic:sandbox	
golf_clean.exe	0047b120	FUN_0047b120	78	3	0	0	18	championship:boot;championship:championship_setup;course_season:boot;course_season:build_hole;course_season:sandbox;golfer_events:boot;golfer_events:build_hole;golfer_events:golfer_panel;golfer_events:sandbox;sandbox_basic:boot;sandbox_basic:sandbox	
golf_clean.exe	00483800	FUN_00483800	78	3	0	0	18	championship:boot;course_season:boot;golfer_events:boot;sandbox_basic:boot	
golf_clean.exe	004a508d	FUN_004a508d	78	3	0	0	18	championship:boot;championship:championship_setup;championship:menu;championship:tournament;course_season:boot;course_season:build_hole;course_season:menu;course_season:sandbox;course_season:season;golfer_events:boot;golfer_events:build_hole;golfer_events:golfer_panel;golfer_events:landmark_inject;golfer_events:menu;golfer_events:sandbox;golfer_events:season;sandbox_basic:boot;sandbox_basic:menu;sandbox_basic:sandbox	
golf_clean.exe	0047f2f0	FUN_0047f2f0	77	3	0	0	18	championship:tournament;course_season:build_hole;course_season:season;golfer_events:build_hole;golfer_events:golfer_panel;golfer_events:season;sandbox_basic:sandbox	
golf_clean.exe	00470a10	FUN_00470a10	76	3	0	0	18	course_season:sandbox;golfer_events:sandbox;sandbox_basic:sandbox	
golf_clean.exe	00483ac0	FUN_00483ac0	76	3	0	0	18	championship:boot;course_season:boot;golfer_events:boot;sandbox_basic:boot	
golf_clean.exe	004a60d0	__fclose_lk	76	3	0	0	18	championship:boot;championship:championship_setup;course_season:boot;course_season:build_hole;course_season:sandbox;golfer_events:boot;golfer_events:build_hole;golfer_events:sandbox;sandbox_basic:boot;sandbox_basic:sandbox	
Terrain.dll	0000b320	FUN_1000b320	75	3	0	0	18	championship:championship_setup;course_season:build_hole;golfer_events:build_hole	
Terrain.dll	00017100	__CrtIsValidPointer	75	3	0	0	18	championship:boot;championship:championship_setup;course_season:boot;course_season:build_hole;course_season:sandbox;golfer_events:boot;golfer_events:build_hole;golfer_events:sandbox;sandbox_basic:boot;sandbox_basic:sandbox	
golf_clean.exe	0047b9a0	FUN_0047b9a0	74	3	0	0	18	championship:boot;course_season:boot;golfer_events:boot;sandbox_basic:boot	
golf_clean.exe	00484ff0	FUN_00484ff0	74	3	0	0	18	championship:boot;course_season:boot;golfer_events:boot;sandbox_basic:boot	
golf_clean.exe	004a00a0	FUN_004a00a0	74	3	0	0	18	championship:boot;course_season:boot;golfer_events:boot;sandbox_basic:boot	
golf_clean.exe	004ac691	FUN_004ac691	74	3	0	0	18	championship:boot;course_season:boot;golfer_events:boot;sandbox_basic:boot	
Terrain.dll	0000afe0	FUN_1000afe0	73	3	0	0	18	championship:championship_setup;course_season:build_hole;golfer_events:build_hole	
golf_clean.exe	004a5007	FUN_004a5007	72	3	0	0	18	championship:boot;championship:championship_setup;championship:menu;championship:tournament;course_season:boot;course_season:build_hole;course_season:menu;course_season:sandbox;course_season:season;golfer_events:boot;golfer_events:build_hole;golfer_events:golfer_panel;golfer_events:landmark_inject;golfer_events:menu;golfer_events:sandbox;golfer_events:season;sandbox_basic:boot;sandbox_basic:menu;sandbox_basic:sandbox	
golf_clean.exe	00483930	FUN_00483930	71	3	0	0	18	championship:boot;championship:championship_setup;championship:menu;championship:tournament;course_season:boot;course_season:build_hole;course_season:menu;course_season:sandbox;course_season:season;golfer_events:boot;golfer_events:build_hole;golfer_events:golfer_panel;golfer_events:landmark_inject;golfer_events:menu;golfer_events:sandbox;golfer_events:season;sandbox_basic:boot;sandbox_basic:menu;sandbox_basic:sandbox	
golf_clean.exe	00487ee0	FUN_00487ee0	71	3	0	0	18	championship:boot;course_season:boot;golfer_events:boot;sandbox_basic:boot	
golf_clean.exe	00473c60	FUN_00473c60	70	3	0	0	18	championship:boot;course_season:boot;course_season:season;golfer_events:boot;sandbox_basic:boot	
Terrain.dll	0000b3d0	FUN_1000b3d0	70	3	0	0	18	championship:championship_setup;course_season:build_hole;golfer_events:build_hole	
Terrain.dll	0000b7a0	FUN_1000b7a0	70	3	0	0	18	championship:championship_setup;course_season:build_hole;golfer_events:build_hole	
golf_clean.exe	00404b70	FUN_00404b70	69	3	0	0	18	championship:boot;championship:championship_setup;championship:menu;championship:tournament;course_season:boot;course_season:build_hole;course_season:menu;course_season:sandbox;course_season:season;golfer_events:boot;golfer_events:build_hole;golfer_events:golfer_panel;golfer_events:landmark_inject;golfer_events:menu;golfer_events:sandbox;golfer_events:season;sandbox_basic:boot;sandbox_basic:menu;sandbox_basic:sandbox	
golf_clean.exe	00404bc0	FUN_00404bc0	69	3	0	0	18	championship:championship_setup;championship:tournament;course_season:build_hole;course_season:sandbox;course_season:season;golfer_events:build_hole;golfer_events:golfer_panel;golfer_events:landmark_inject;golfer_events:sandbox;golfer_events:season;sandbox_basic:sandbox	
golf_clean.exe	00492e80	FUN_00492e80	69	3	0	0	18	championship:boot;championship:championship_setup;course_season:boot;course_season:sandbox;course_season:season;golfer_events:boot;golfer_events:sandbox;sandbox_basic:boot;sandbox_basic:menu;sandbox_basic:sandbox	
golf_clean.exe	004a9054	FUN_004a9054	69	3	0	0	18	championship:boot;course_season:boot;golfer_events:boot;sandbox_basic:boot	
Terrain.dll	00015400	FUN_10015400	69	3	0	0	18	championship:championship_setup;course_season:build_hole;course_season:sandbox;golfer_events:build_hole;golfer_events:sandbox;sandbox_basic:sandbox	
Terrain.dll	000154a0	FUN_100154a0	69	3	0	0	18	championship:championship_setup;course_season:build_hole;course_season:sandbox;golfer_events:build_hole;golfer_events:sandbox;sandbox_basic:sandbox	
golf_clean.exe	004049d0	FUN_004049d0	68	3	0	0	18	championship:championship_setup;championship:tournament;course_season:build_hole;course_season:sandbox;course_season:season;golfer_events:build_hole;golfer_events:golfer_panel;golfer_events:landmark_inject;golfer_events:sandbox;golfer_events:season;sandbox_basic:sandbox	
golf_clean.exe	0044ac00	FUN_0044ac00	68	3	0	0	18	championship:championship_setup;course_season:build_hole;golfer_events:build_hole	
golf_clean.exe	0044ae60	FUN_0044ae60	68	3	0	0	18	championship:boot;course_season:boot;golfer_events:boot;sandbox_basic:boot	
golf_clean.exe	00487f30	FUN_00487f30	68	3	0	0	18	championship:boot;course_season:boot;golfer_events:boot;sandbox_basic:boot	
golf_clean.exe	004ac315	FUN_004ac315	68	3	0	0	18	championship:boot;championship:championship_setup;course_season:boot;course_season:build_hole;course_season:sandbox;golfer_events:boot;golfer_events:build_hole;golfer_events:sandbox;sandbox_basic:boot;sandbox_basic:sandbox	
Terrain.dll	000046a0	FUN_100046a0	68	3	0	0	18	championship:championship_setup;course_season:sandbox;golfer_events:sandbox;sandbox_basic:sandbox	
golf_clean.exe	00478a20	FUN_00478a20	67	3	0	0	18	championship:boot;championship:championship_setup;course_season:boot;course_season:sandbox;course_season:season;golfer_events:boot;golfer_events:sandbox;sandbox_basic:boot;sandbox_basic:menu;sandbox_basic:sandbox	
golf_clean.exe	0049d100	FUN_0049d100	67	3	0	0	18	championship:boot;course_season:boot;golfer_events:boot;sandbox_basic:boot	
Terrain.dll	000018b0	FUN_100018b0	67	3	0	0	18	championship:championship_setup;course_season:sandbox;golfer_events:sandbox;sandbox_basic:sandbox	
Terrain.dll	00021de5	__fload_withFB	67	3	0	0	18	championship:championship_setup;course_season:build_hole;course_season:sandbox;golfer_events:build_hole;golfer_events:sandbox;sandbox_basic:sandbox	
Terrain.dll	00037930	FUN_10037930	67	3	0	0	18	championship:championship_setup;course_season:sandbox;golfer_events:sandbox;sandbox_basic:sandbox	
golf_clean.exe	0040c4b0	FUN_0040c4b0	66	3	0	0	18	championship:championship_setup;championship:tournament;course_season:build_hole;course_season:sandbox;course_season:season;golfer_events:build_hole;golfer_events:golfer_panel;golfer_events:landmark_inject;golfer_events:sandbox;golfer_events:season;sandbox_basic:sandbox	
golf_clean.exe	0043d6f0	FUN_0043d6f0	66	3	0	0	18	championship:championship_setup;championship:tournament;course_season:build_hole;course_season:sandbox;course_season:season;golfer_events:build_hole;golfer_events:golfer_panel;golfer_events:landmark_inject;golfer_events:sandbox;golfer_events:season;sandbox_basic:sandbox	
golf_clean.exe	00487a70	FUN_00487a70	66	3	0	0	18	championship:boot;course_season:boot;golfer_events:boot;sandbox_basic:boot	
golf_clean.exe	004a933c	FUN_004a933c	66	3	0	0	18	championship:boot;championship:championship_setup;course_season:boot;course_season:build_hole;course_season:sandbox;golfer_events:boot;golfer_events:build_hole;golfer_events:sandbox;sandbox_basic:boot;sandbox_basic:sandbox	
Terrain.dll	0000bae0	FUN_1000bae0	66	3	0	0	18	championship:boot;championship:championship_setup;course_season:boot;course_season:build_hole;golfer_events:boot;golfer_events:build_hole;sandbox_basic:boot	
Terrain.dll	00020370	__ms_p5_mp_test_fdiv	66	3	0	0	18	championship:boot;course_season:boot;golfer_events:boot;sandbox_basic:boot	
golf_clean.exe	0047eee0	FUN_0047eee0	65	3	0	0	18	championship:tournament;course_season:build_hole;course_season:season;golfer_events:build_hole;golfer_events:golfer_panel;golfer_events:season;sandbox_basic:sandbox	
golf_clean.exe	00481b50	FUN_00481b50	65	3	0	0	18	championship:boot;course_season:boot;golfer_events:boot;sandbox_basic:boot	
golf_clean.exe	0049d090	FUN_0049d090	65	3	0	0	18	championship:boot;course_season:boot;golfer_events:boot;sandbox_basic:boot	
Terrain.dll	00018380	FUN_10018380	65	3	0	0	18	championship:boot;course_season:boot;golfer_events:boot;sandbox_basic:boot	
Terrain.dll	00036740	FUN_10036740	65	3	0	0	18	championship:championship_setup;course_season:sandbox;golfer_events:sandbox;sandbox_basic:sandbox	
golf_clean.exe	004223f0	FUN_004223f0	64	3	0	0	18	course_season:build_hole;course_season:season;golfer_events:build_hole;golfer_events:golfer_panel;golfer_events:landmark_inject;golfer_events:season	
Terrain.dll	0000b690	FUN_1000b690	64	3	0	0	18	championship:championship_setup;course_season:build_hole;golfer_events:build_hole	
Terrain.dll	0000f7a0	FUN_1000f7a0	64	3	0	0	18	championship:boot;championship:championship_setup;course_season:boot;course_season:sandbox;golfer_events:boot;golfer_events:sandbox;sandbox_basic:boot;sandbox_basic:sandbox	
golf_clean.exe	0040bf20	FUN_0040bf20	63	3	0	0	18	course_season:season;golfer_events:golfer_panel;sandbox_basic:sandbox	
Terrain.dll	0000b750	FUN_1000b750	63	3	0	0	18	championship:championship_setup;course_season:build_hole;golfer_events:build_hole	
golf_clean.exe	00426670	FUN_00426670	62	3	0	0	18	course_season:season;golfer_events:golfer_panel;golfer_events:season	
golf_clean.exe	00474820	FUN_00474820	62	3	0	0	18	championship:boot;course_season:boot;golfer_events:boot;sandbox_basic:boot	
golf_clean.exe	00478af0	FUN_00478af0	62	3	0	0	18	championship:boot;championship:championship_setup;course_season:boot;course_season:build_hole;course_season:sandbox;course_season:season;golfer_events:boot;golfer_events:build_hole;golfer_events:golfer_panel;golfer_events:landmark_inject;golfer_events:sandbox;golfer_events:season;sandbox_basic:boot;sandbox_basic:menu;sandbox_basic:sandbox	
golf_clean.exe	00492570	FUN_00492570	62	3	0	0	18	championship:boot;course_season:boot;golfer_events:boot;sandbox_basic:boot	
golf_clean.exe	004a7a28	FUN_004a7a28	62	3	0	0	18	championship:boot;course_season:boot;golfer_events:boot;sandbox_basic:boot	
Terrain.dll	0000b5b0	FUN_1000b5b0	62	3	0	0	18	championship:championship_setup;course_season:build_hole;golfer_events:build_hole	
Terrain.dll	0000b910	FUN_1000b910	62	3	0	0	18	championship:boot;championship:championship_setup;course_season:boot;course_season:build_hole;golfer_events:boot;golfer_events:build_hole;sandbox_basic:boot	
Terrain.dll	00012e70	FUN_10012e70	62	3	0	0	18	championship:boot;championship:championship_setup;course_season:boot;course_season:sandbox;golfer_events:boot;golfer_events:sandbox;sandbox_basic:boot;sandbox_basic:sandbox	
Terrain.dll	00017d70	FUN_10017d70	62	3	0	0	18	championship:boot;championship:championship_setup;course_season:boot;course_season:sandbox;golfer_events:boot;golfer_events:sandbox;sandbox_basic:boot;sandbox_basic:sandbox	
Terrain.dll	0001e8e0	FUN_1001e8e0	61	3	0	0	18	championship:boot;championship:championship_setup;course_season:boot;course_season:sandbox;golfer_events:boot;golfer_events:sandbox;sandbox_basic:boot;sandbox_basic:sandbox	
Terrain.dll	0001e950	FUN_1001e950	61	3	0	0	18	championship:boot;championship:championship_setup;course_season:boot;course_season:sandbox;golfer_events:boot;golfer_events:sandbox;sandbox_basic:boot;sandbox_basic:sandbox	
golf_clean.exe	00476d40	FUN_00476d40	60	3	0	0	18	championship:boot;championship:championship_setup;championship:menu;championship:tournament;course_season:boot;course_season:build_hole;course_season:menu;course_season:sandbox;course_season:season;golfer_events:boot;golfer_events:build_hole;golfer_events:golfer_panel;golfer_events:landmark_inject;golfer_events:menu;golfer_events:sandbox;golfer_events:season;sandbox_basic:boot;sandbox_basic:menu;sandbox_basic:sandbox	
golf_clean.exe	0047cfd0	FUN_0047cfd0	60	3	0	0	18	championship:boot;course_season:boot;golfer_events:boot;sandbox_basic:boot	
golf_clean.exe	00488420	FUN_00488420	60	3	0	0	18	championship:boot;course_season:boot;golfer_events:boot;sandbox_basic:boot	
golf_clean.exe	004a794d	FUN_004a794d	60	3	0	0	18	championship:boot;course_season:boot;golfer_events:boot;sandbox_basic:boot	
Terrain.dll	0000b2d0	FUN_1000b2d0	60	3	0	0	18	championship:championship_setup;course_season:build_hole;golfer_events:build_hole	
Terrain.dll	0000b960	FUN_1000b960	60	3	0	0	18	championship:championship_setup;course_season:build_hole;golfer_events:build_hole	
Terrain.dll	0000b9f0	FUN_1000b9f0	60	3	0	0	18	championship:championship_setup;course_season:build_hole;golfer_events:build_hole	
Terrain.dll	0001a1c1	FUN_1001a1c1	60	3	0	0	18	championship:boot;championship:championship_setup;course_season:boot;course_season:build_hole;course_season:sandbox;golfer_events:boot;golfer_events:build_hole;golfer_events:sandbox;sandbox_basic:boot;sandbox_basic:sandbox	
Terrain.dll	00034460	FUN_10034460	60	3	0	0	18	championship:championship_setup;course_season:sandbox;golfer_events:sandbox;sandbox_basic:sandbox	
golf_clean.exe	00487c00	FUN_00487c00	59	3	0	0	18	championship:boot;course_season:boot;golfer_events:boot;sandbox_basic:boot	
Terrain.dll	0000b040	FUN_1000b040	59	3	0	0	18	championship:championship_setup;course_season:build_hole;golfer_events:build_hole	
Terrain.dll	00036370	FUN_10036370	59	3	0	0	18	championship:championship_setup;course_season:sandbox;golfer_events:sandbox;sandbox_basic:sandbox	
golf_clean.exe	00453260	FUN_00453260	58	3	0	0	18	course_season:build_hole;course_season:season;golfer_events:golfer_panel;golfer_events:season	
golf_clean.exe	00483c30	FUN_00483c30	58	3	0	0	18	championship:boot;championship:championship_setup;championship:menu;championship:tournament;course_season:boot;course_season:build_hole;course_season:menu;course_season:sandbox;course_season:season;golfer_events:boot;golfer_events:build_hole;golfer_events:golfer_panel;golfer_events:landmark_inject;golfer_events:menu;golfer_events:sandbox;golfer_events:season;sandbox_basic:boot;sandbox_basic:menu;sandbox_basic:sandbox	
golf_clean.exe	00490c80	FUN_00490c80	58	3	0	0	18	championship:boot;course_season:boot;golfer_events:boot;sandbox_basic:boot	
Terrain.dll	0000b280	FUN_1000b280	57	3	0	0	18	championship:championship_setup;course_season:build_hole;golfer_events:build_hole	
Terrain.dll	0000f690	FUN_1000f690	57	3	0	0	18	championship:boot;course_season:boot;golfer_events:boot;sandbox_basic:boot	
Terrain.dll	0000f750	FUN_1000f750	57	3	0	0	18	championship:boot;course_season:boot;golfer_events:boot;sandbox_basic:boot	
golf_clean.exe	004a4fc4	FUN_004a4fc4	56	3	0	0	18	championship:boot;course_season:boot;golfer_events:boot;sandbox_basic:boot	
golf_clean.exe	004a6ad0	_strncmp	56	3	0	0	18	championship:boot;championship:championship_setup;course_season:boot;course_season:build_hole;course_season:sandbox;course_season:season;golfer_events:boot;golfer_events:build_hole;golfer_events:sandbox;sandbox_basic:boot;sandbox_basic:menu;sandbox_basic:sandbox	
Terrain.dll	000037e0	FUN_100037e0	56	3	0	0	18	championship:championship_setup;course_season:sandbox;golfer_events:sandbox;sandbox_basic:sandbox	
Terrain.dll	000159c8	FUN_100159c8	56	3	0	0	18	championship:boot;championship:championship_setup;course_season:boot;course_season:build_hole;course_season:sandbox;golfer_events:boot;golfer_events:build_hole;golfer_events:sandbox;sandbox_basic:boot;sandbox_basic:sandbox	
Terrain.dll	000180a0	__chkesp	56	3	0	0	18	championship:boot;championship:championship_setup;course_season:boot;course_season:build_hole;course_season:sandbox;course_season:season;golfer_events:boot;golfer_events:build_hole;golfer_events:golfer_panel;golfer_events:landmark_inject;golfer_events:sandbox;golfer_events:season;sandbox_basic:boot;sandbox_basic:sandbox	
Terrain.dll	0001e3d0	FUN_1001e3d0	56	3	0	0	18	championship:boot;course_season:boot;golfer_events:boot;sandbox_basic:boot	
golf_clean.exe	0040bfa0	FUN_0040bfa0	55	3	0	0	18	championship:championship_setup;championship:tournament;course_season:build_hole;course_season:sandbox;course_season:season;golfer_events:build_hole;golfer_events:golfer_panel;golfer_events:landmark_inject;golfer_events:season;sandbox_basic:sandbox	
Terrain.dll	00002010	FUN_10002010	55	3	0	0	18	championship:championship_setup;course_season:sandbox;golfer_events:sandbox;sandbox_basic:sandbox	
Terrain.dll	00019d30	FUN_10019d30	55	3	0	0	18	championship:boot;course_season:boot;golfer_events:boot;sandbox_basic:boot	
golf_clean.exe	00401000	FUN_00401000	54	3	0	0	18	championship:boot;championship:championship_setup;course_season:boot;golfer_events:boot;sandbox_basic:boot;sandbox_basic:menu	
golf_clean.exe	00484f40	FUN_00484f40	54	3	0	0	18	championship:boot;championship:championship_setup;championship:tournament;course_season:boot;course_season:build_hole;course_season:sandbox;course_season:season;golfer_events:boot;golfer_events:build_hole;golfer_events:golfer_panel;golfer_events:landmark_inject;golfer_events:sandbox;golfer_events:season;sandbox_basic:boot;sandbox_basic:sandbox	
golf_clean.exe	00486d20	FUN_00486d20	54	3	0	0	18	championship:boot;course_season:boot;golfer_events:boot;sandbox_basic:boot	
golf_clean.exe	00487ea0	FUN_00487ea0	54	3	0	0	18	championship:boot;course_season:boot;golfer_events:boot;sandbox_basic:boot	
Terrain.dll	00018ce0	_rand	54	3	0	0	18	championship:championship_setup;course_season:build_hole;course_season:sandbox;golfer_events:build_hole;golfer_events:sandbox;sandbox_basic:sandbox	
Terrain.dll	000344a0	FUN_100344a0	54	3	0	0	18	championship:championship_setup;course_season:sandbox;golfer_events:sandbox;sandbox_basic:sandbox	
Terrain.dll	00034760	FUN_10034760	54	3	0	0	18	championship:championship_setup;course_season:sandbox;golfer_events:sandbox;sandbox_basic:sandbox	
golf_clean.exe	00483bd0	FUN_00483bd0	53	3	0	0	18	championship:boot;championship:championship_setup;championship:menu;championship:tournament;course_season:boot;course_season:build_hole;course_season:menu;course_season:sandbox;course_season:season;golfer_events:boot;golfer_events:build_hole;golfer_events:golfer_panel;golfer_events:landmark_inject;golfer_events:menu;golfer_events:sandbox;golfer_events:season;sandbox_basic:boot;sandbox_basic:menu;sandbox_basic:sandbox	
golf_clean.exe	004ab5c1	FUN_004ab5c1	53	3	0	0	18	championship:boot;course_season:boot;golfer_events:boot;sandbox_basic:boot	
Terrain.dll	0000b380	FUN_1000b380	53	3	0	0	18	championship:championship_setup;course_season:build_hole;golfer_events:build_hole	
golf_clean.exe	0045c1a0	FUN_0045c1a0	52	3	0	0	18	championship:boot;championship:championship_setup;championship:tournament;course_season:boot;course_season:build_hole;course_season:sandbox;course_season:season;golfer_events:boot;golfer_events:build_hole;golfer_events:golfer_panel;golfer_events:landmark_inject;golfer_events:sandbox;golfer_events:season;sandbox_basic:boot;sandbox_basic:menu;sandbox_basic:sandbox	
golf_clean.exe	004762d0	FUN_004762d0	52	3	0	0	18	championship:boot;championship:championship_setup;championship:tournament;course_season:boot;course_season:build_hole;course_season:sandbox;course_season:season;golfer_events:boot;golfer_events:build_hole;golfer_events:golfer_panel;golfer_events:landmark_inject;golfer_events:sandbox;golfer_events:season;sandbox_basic:boot;sandbox_basic:menu;sandbox_basic:sandbox	
golf_clean.exe	00492610	FUN_00492610	52	3	0	0	18	championship:championship_setup;course_season:build_hole;course_season:sandbox;course_season:season;golfer_events:build_hole;golfer_events:golfer_panel;golfer_events:sandbox;sandbox_basic:sandbox	
golf_clean.exe	0040bf60	FUN_0040bf60	51	3	0	0	18	championship:championship_setup;championship:tournament;course_season:build_hole;course_season:sandbox;course_season:season;golfer_events:build_hole;golfer_events:golfer_panel;golfer_events:landmark_inject;golfer_events:sandbox;golfer_events:season;sandbox_basic:sandbox	
golf_clean.exe	00482fd0	FUN_00482fd0	51	3	0	0	18	championship:boot;championship:championship_setup;championship:tournament;course_season:boot;course_season:build_hole;course_season:sandbox;course_season:season;golfer_events:boot;golfer_events:build_hole;golfer_events:golfer_panel;golfer_events:landmark_inject;golfer_events:sandbox;golfer_events:season;sandbox_basic:boot;sandbox_basic:menu;sandbox_basic:sandbox	
golf_clean.exe	00484e30	FUN_00484e30	51	3	0	0	18	championship:boot;course_season:boot;golfer_events:boot;sandbox_basic:boot	
golf_clean.exe	00490bf0	FUN_00490bf0	51	3	0	0	18	championship:boot;course_season:boot;golfer_events:boot;sandbox_basic:boot	
Terrain.dll	00003270	FUN_10003270	51	3	0	0	18	championship:championship_setup;course_season:sandbox;golfer_events:sandbox;sandbox_basic:sandbox	
Terrain.dll	000032b0	FUN_100032b0	51	3	0	0	18	championship:championship_setup;course_season:sandbox;golfer_events:sandbox;sandbox_basic:sandbox	
Terrain.dll	0000c520	FUN_1000c520	51	3	0	0	18	championship:championship_setup;course_season:sandbox;golfer_events:sandbox;sandbox_basic:sandbox	
Terrain.dll	00033ef0	FUN_10033ef0	51	3	0	0	18	championship:championship_setup;course_season:sandbox;golfer_events:sandbox;sandbox_basic:sandbox	
Terrain.dll	00034a00	FUN_10034a00	51	3	0	0	18	championship:championship_setup;course_season:sandbox;golfer_events:sandbox;sandbox_basic:sandbox	
golf_clean.exe	0044ac60	FUN_0044ac60	50	3	0	0	18	championship:boot;course_season:boot;golfer_events:boot;sandbox_basic:boot	
golf_clean.exe	0044faf0	FUN_0044faf0	50	3	0	0	18	championship:championship_setup;championship:tournament;course_season:build_hole;course_season:sandbox;course_season:season;golfer_events:build_hole;golfer_events:golfer_panel;golfer_events:landmark_inject;golfer_events:sandbox;golfer_events:season;sandbox_basic:sandbox	
golf_clean.exe	0047b290	FUN_0047b290	50	3	0	0	18	championship:boot;championship:championship_setup;course_season:boot;course_season:build_hole;course_season:sandbox;golfer_events:boot;golfer_events:build_hole;golfer_events:golfer_panel;golfer_events:sandbox;sandbox_basic:boot;sandbox_basic:sandbox	
golf_clean.exe	0047b2d0	FUN_0047b2d0	50	3	0	0	18	championship:championship_setup;course_season:build_hole;course_season:sandbox;course_season:season;golfer_events:build_hole;golfer_events:golfer_panel;golfer_events:sandbox;sandbox_basic:sandbox	
golf_clean.exe	004838b0	FUN_004838b0	50	3	0	0	18	championship:boot;course_season:boot;golfer_events:boot;sandbox_basic:boot	
Terrain.dll	00001ed0	FUN_10001ed0	50	3	0	0	18	championship:championship_setup;course_season:build_hole;golfer_events:build_hole	
Terrain.dll	00002f80	FUN_10002f80	50	3	0	0	18	championship:championship_setup;course_season:build_hole;course_season:sandbox;golfer_events:build_hole;golfer_events:sandbox;sandbox_basic:sandbox	
Terrain.dll	00015460	FUN_10015460	50	3	0	0	18	championship:championship_setup;course_season:build_hole;course_season:sandbox;golfer_events:build_hole;golfer_events:sandbox;sandbox_basic:sandbox	
Terrain.dll	00034500	FUN_10034500	50	3	0	0	18	championship:championship_setup;course_season:sandbox;golfer_events:sandbox;sandbox_basic:sandbox	
golf_clean.exe	00467270	FUN_00467270	49	3	0	0	18	course_season:build_hole;course_season:season;golfer_events:build_hole;golfer_events:golfer_panel;golfer_events:landmark_inject;golfer_events:season;sandbox_basic:sandbox	
golf_clean.exe	00482dd0	FUN_00482dd0	49	3	0	0	18	championship:boot;championship:championship_setup;course_season:boot;course_season:sandbox;golfer_events:boot;golfer_events:sandbox;sandbox_basic:boot;sandbox_basic:menu;sandbox_basic:sandbox	
golf_clean.exe	004832e0	FUN_004832e0	49	3	0	0	18	championship:boot;course_season:boot;golfer_events:boot;sandbox_basic:boot	
golf_clean.exe	004a609f	FUN_004a609f	49	3	0	0	18	championship:boot;championship:championship_setup;course_season:boot;course_season:build_hole;course_season:sandbox;golfer_events:boot;golfer_events:build_hole;golfer_events:sandbox;sandbox_basic:boot;sandbox_basic:sandbox	
golf_clean.exe	004a611c	FUN_004a611c	49	3	0	0	18	championship:boot;championship:championship_setup;course_season:boot;course_season:build_hole;course_season:sandbox;golfer_events:boot;golfer_events:build_hole;golfer_events:sandbox;sandbox_basic:boot;sandbox_basic:sandbox	
golf_clean.exe	004ac4b3	FUN_004ac4b3	49	3	0	0	18	championship:boot;course_season:boot;golfer_events:boot;sandbox_basic:boot	
Terrain.dll	0000b9b0	FUN_1000b9b0	49	3	0	0	18	championship:championship_setup;course_season:build_hole;golfer_events:build_hole	
golf_clean.exe	004789f0	FUN_004789f0	48	3	0	0	18	championship:boot;championship:championship_setup;course_season:boot;course_season:sandbox;course_season:season;golfer_events:boot;golfer_events:sandbox;sandbox_basic:boot;sandbox_basic:menu;sandbox_basic:sandbox	
golf_clean.exe	00486c90	FUN_00486c90	48	3	0	0	18	championship:boot;championship:championship_setup;course_season:boot;course_season:sandbox;course_season:season;golfer_events:boot;golfer_events:sandbox;sandbox_basic:boot;sandbox_basic:menu;sandbox_basic:sandbox	
golf_clean.exe	004889f0	FUN_004889f0	48	3	0	0	18	championship:boot;course_season:boot;golfer_events:boot;sandbox_basic:boot	
golf_clean.exe	00490cf0	FUN_00490cf0	48	3	0	0	18	championship:boot;course_season:boot;golfer_events:boot;sandbox_basic:boot	
Terrain.dll	00001fa0	FUN_10001fa0	48	3	0	0	18	championship:boot;course_season:boot;golfer_events:boot;sandbox_basic:boot	
Terrain.dll	00036340	FUN_10036340	48	3	0	0	18	championship:championship_setup;course_season:sandbox;golfer_events:sandbox;sandbox_basic:sandbox	
golf_clean.exe	004493d0	FUN_004493d0	47	3	0	0	18	course_season:build_hole;course_season:season;golfer_events:build_hole;golfer_events:golfer_panel;golfer_events:landmark_inject;golfer_events:season;sandbox_basic:sandbox	
golf_clean.exe	00475c60	FUN_00475c60	47	3	0	0	18	championship:boot;championship:championship_setup;championship:menu;championship:tournament;course_season:boot;course_season:build_hole;course_season:menu;course_season:sandbox;course_season:season;golfer_events:boot;golfer_events:build_hole;golfer_events:golfer_panel;golfer_events:landmark_inject;golfer_events:menu;golfer_events:sandbox;golfer_events:season;sandbox_basic:boot;sandbox_basic:menu;sandbox_basic:sandbox	
golf_clean.exe	004a6070	FUN_004a6070	47	3	0	0	18	championship:boot;course_season:boot;course_season:build_hole;course_season:season;golfer_events:boot;golfer_events:build_hole;golfer_events:golfer_panel;golfer_events:landmark_inject;golfer_events:season;sandbox_basic:boot	
golf_clean.exe	004a63a1	FUN_004a63a1	47	3	0	0	18	championship:championship_setup;course_season:sandbox;golfer_events:sandbox;sandbox_basic:sandbox	
golf_clean.exe	004a9874	FUN_004a9874	47	3	0	0	18	championship:boot;championship:championship_setup;course_season:boot;course_season:build_hole;course_season:sandbox;golfer_events:boot;golfer_events:build_hole;golfer_events:sandbox;sandbox_basic:boot;sandbox_basic:sandbox	
golf_clean.exe	004a98c6	FUN_004a98c6	47	3	0	0	18	championship:boot;championship:championship_setup;course_season:boot;course_season:build_hole;course_season:sandbox;golfer_events:boot;golfer_events:build_hole;golfer_events:sandbox;sandbox_basic:boot;sandbox_basic:sandbox	
Terrain.dll	00015380	FUN_10015380	47	3	0	0	18	championship:championship_setup;course_season:build_hole;course_season:sandbox;golfer_events:build_hole;golfer_events:sandbox;sandbox_basic:sandbox	
Terrain.dll	00024320	FUN_10024320	47	3	0	0	18	championship:boot;course_season:boot;golfer_events:boot;sandbox_basic:boot	
Terrain.dll	00033d70	FUN_10033d70	46	3	0	0	18	championship:championship_setup;course_season:sandbox;golfer_events:sandbox;sandbox_basic:sandbox	
Terrain.dll	00033f30	FUN_10033f30	46	3	0	0	18	championship:championship_setup;course_season:sandbox;golfer_events:sandbox;sandbox_basic:sandbox	
golf_clean.exe	004041c0	FUN_004041c0	45	3	0	0	18	championship:boot;championship:championship_setup;course_season:boot;course_season:sandbox;golfer_events:boot;golfer_events:sandbox;sandbox_basic:boot;sandbox_basic:menu;sandbox_basic:sandbox	
golf_clean.exe	0040c860	FUN_0040c860	45	3	0	0	18	course_season:build_hole;golfer_events:build_hole;sandbox_basic:sandbox	
golf_clean.exe	004321d0	FUN_004321d0	45	3	0	0	18	championship:championship_setup;championship:tournament;course_season:build_hole;course_season:sandbox;course_season:season;golfer_events:build_hole;golfer_events:golfer_panel;golfer_events:landmark_inject;golfer_events:sandbox;golfer_events:season;sandbox_basic:sandbox	
golf_clean.exe	004847f0	FUN_004847f0	45	3	0	0	18	championship:boot;championship:championship_setup;championship:tournament;course_season:boot;course_season:build_hole;course_season:sandbox;course_season:season;golfer_events:boot;golfer_events:build_hole;golfer_events:golfer_panel;golfer_events:landmark_inject;golfer_events:sandbox;golfer_events:season;sandbox_basic:boot;sandbox_basic:sandbox	
golf_clean.exe	004a50db	FUN_004a50db	45	3	0	0	18	championship:boot;course_season:boot;golfer_events:boot;sandbox_basic:boot	
golf_clean.exe	004ad425	FUN_004ad425	45	3	0	0	18	championship:championship_setup;championship:tournament;course_season:build_hole;course_season:sandbox;course_season:season;golfer_events:build_hole;golfer_events:golfer_panel;golfer_events:landmark_inject;golfer_events:sandbox;golfer_events:season;sandbox_basic:sandbox	
Terrain.dll	00002510	FUN_10002510	45	3	0	0	18	championship:championship_setup;course_season:sandbox;golfer_events:sandbox;sandbox_basic:sandbox	
Terrain.dll	00013320	FUN_10013320	45	3	0	0	18	championship:championship_setup;course_season:build_hole;course_season:sandbox;golfer_events:build_hole;golfer_events:sandbox;sandbox_basic:sandbox	
golf_clean.exe	00406220	FUN_00406220	44	3	0	0	18	course_season:build_hole;course_season:season;golfer_events:build_hole;golfer_events:season;sandbox_basic:sandbox	
golf_clean.exe	0040af70	FUN_0040af70	44	3	0	0	18	championship:championship_setup;championship:tournament;course_season:build_hole;course_season:sandbox;course_season:season;golfer_events:build_hole;golfer_events:golfer_panel;golfer_events:landmark_inject;golfer_events:season	
golf_clean.exe	00421b90	FUN_00421b90	44	3	0	0	18	championship:championship_setup;championship:tournament;course_season:build_hole;course_season:sandbox;course_season:season;golfer_events:build_hole;golfer_events:golfer_panel;golfer_events:landmark_inject;golfer_events:sandbox;golfer_events:season;sandbox_basic:sandbox	
golf_clean.exe	004223c0	FUN_004223c0	44	3	0	0	18	course_season:season;golfer_events:golfer_panel;golfer_events:season	
golf_clean.exe	0046c940	FUN_0046c940	44	3	0	0	18	championship:championship_setup;championship:tournament;course_season:build_hole;course_season:sandbox;course_season:season;golfer_events:build_hole;golfer_events:golfer_panel;golfer_events:landmark_inject;golfer_events:sandbox;golfer_events:season;sandbox_basic:sandbox	
golf_clean.exe	00477250	FUN_00477250	44	3	0	0	18	championship:boot;championship:championship_setup;course_season:boot;course_season:build_hole;course_season:sandbox;course_season:season;golfer_events:boot;golfer_events:build_hole;golfer_events:golfer_panel;golfer_events:landmark_inject;golfer_events:sandbox;golfer_events:season;sandbox_basic:boot;sandbox_basic:menu;sandbox_basic:sandbox	
golf_clean.exe	004a5061	__nh_malloc	44	3	0	0	18	championship:boot;championship:championship_setup;championship:menu;championship:tournament;course_season:boot;course_season:build_hole;course_season:menu;course_season:sandbox;course_season:season;golfer_events:boot;golfer_events:build_hole;golfer_events:golfer_panel;golfer_events:landmark_inject;golfer_events:menu;golfer_events:sandbox;golfer_events:season;sandbox_basic:boot;sandbox_basic:menu;sandbox_basic:sandbox	
Terrain.dll	00015910	__malloc_dbg	44	3	0	0	18	championship:boot;championship:championship_setup;course_season:boot;course_season:sandbox;golfer_events:boot;golfer_events:sandbox;sandbox_basic:boot;sandbox_basic:sandbox	
golf_clean.exe	00486f10	FUN_00486f10	43	3	0	0	18	championship:boot;championship:championship_setup;course_season:boot;course_season:sandbox;course_season:season;golfer_events:boot;golfer_events:sandbox;sandbox_basic:boot;sandbox_basic:menu;sandbox_basic:sandbox	
golf_clean.exe	00487060	FUN_00487060	43	3	0	0	18	championship:boot;course_season:boot;golfer_events:boot;sandbox_basic:boot	
golf_clean.exe	00492800	FUN_00492800	43	3	0	0	18	championship:boot;championship:championship_setup;course_season:boot;course_season:sandbox;course_season:season;golfer_events:boot;golfer_events:sandbox;sandbox_basic:boot;sandbox_basic:menu;sandbox_basic:sandbox	
golf_clean.exe	004a7a66	FUN_004a7a66	43	3	0	0	18	championship:boot;championship:championship_setup;championship:menu;championship:tournament;course_season:boot;course_season:build_hole;course_season:menu;course_season:sandbox;course_season:season;golfer_events:boot;golfer_events:build_hole;golfer_events:golfer_panel;golfer_events:landmark_inject;golfer_events:menu;golfer_events:sandbox;golfer_events:season;sandbox_basic:boot;sandbox_basic:menu;sandbox_basic:sandbox	
golf_clean.exe	004a9918	__freebuf	43	3	0	0	18	championship:boot;championship:championship_setup;course_season:boot;course_season:build_hole;course_season:sandbox;golfer_events:boot;golfer_events:build_hole;golfer_events:sandbox;sandbox_basic:boot;sandbox_basic:sandbox	
golf_clean.exe	004adce5	FUN_004adce5	43	3	0	0	18	championship:boot;course_season:boot;golfer_events:boot;sandbox_basic:boot	
golf_clean.exe	00467170	FUN_00467170	42	3	0	0	18	championship:championship_setup;championship:tournament;course_season:build_hole;course_season:sandbox;course_season:season;golfer_events:build_hole;golfer_events:golfer_panel;golfer_events:landmark_inject;golfer_events:sandbox;golfer_events:season;sandbox_basic:sandbox	
golf_clean.exe	00478b80	FUN_00478b80	42	3	0	0	18	championship:championship_setup;course_season:build_hole;course_season:season;golfer_events:build_hole;golfer_events:golfer_panel;golfer_events:landmark_inject;golfer_events:season	
golf_clean.exe	00482b60	FUN_00482b60	42	3	0	0	18	championship:boot;course_season:boot;golfer_events:boot;sandbox_basic:boot	
golf_clean.exe	00485260	FUN_00485260	42	3	0	0	18	championship:boot;course_season:boot;golfer_events:boot;sandbox_basic:boot	
Terrain.dll	00001f60	FUN_10001f60	42	3	0	0	18	championship:championship_setup;course_season:build_hole;course_season:sandbox;golfer_events:build_hole;golfer_events:sandbox;sandbox_basic:sandbox	
Terrain.dll	00003f80	FUN_10003f80	42	3	0	0	18	championship:championship_setup;course_season:sandbox;golfer_events:sandbox;sandbox_basic:sandbox	
Terrain.dll	00005960	FUN_10005960	42	3	0	0	18	championship:championship_setup;course_season:build_hole;course_season:sandbox;golfer_events:build_hole;golfer_events:sandbox;sandbox_basic:sandbox	
Terrain.dll	00006810	FUN_10006810	42	3	0	0	18	championship:championship_setup;course_season:build_hole;course_season:sandbox;golfer_events:build_hole;golfer_events:sandbox;sandbox_basic:sandbox	
Terrain.dll	0000b430	FUN_1000b430	42	3	0	0	18	championship:championship_setup;course_season:build_hole;golfer_events:build_hole	
Terrain.dll	00015340	FUN_10015340	42	3	0	0	18	championship:championship_setup;course_season:build_hole;course_season:sandbox;golfer_events:build_hole;golfer_events:sandbox;sandbox_basic:sandbox	
Terrain.dll	000153c0	FUN_100153c0	42	3	0	0	18	championship:championship_setup;course_season:build_hole;course_season:sandbox;golfer_events:build_hole;golfer_events:sandbox;sandbox_basic:sandbox	
Terrain.dll	00021e4b	__math_exit	42	3	0	0	18	championship:championship_setup;course_season:build_hole;course_season:sandbox;golfer_events:build_hole;golfer_events:sandbox;sandbox_basic:sandbox	
golf_clean.exe	00449210	FUN_00449210	41	3	0	0	18	championship:boot;course_season:boot;golfer_events:boot;sandbox_basic:boot	
golf_clean.exe	004627d0	FUN_004627d0	41	3	0	0	18	championship:championship_setup;championship:tournament;course_season:build_hole;course_season:sandbox;course_season:season;golfer_events:build_hole;golfer_events:golfer_panel;golfer_events:landmark_inject;golfer_events:sandbox;golfer_events:season;sandbox_basic:sandbox	
golf_clean.exe	0049c8e0	FUN_0049c8e0	41	3	0	0	18	championship:boot;championship:championship_setup;championship:menu;championship:tournament;course_season:boot;course_season:build_hole;course_season:menu;course_season:sandbox;course_season:season;golfer_events:boot;golfer_events:build_hole;golfer_events:golfer_panel;golfer_events:landmark_inject;golfer_events:menu;golfer_events:sandbox;golfer_events:season;sandbox_basic:boot;sandbox_basic:menu;sandbox_basic:sandbox	
golf_clean.exe	004a74fe	FUN_004a74fe	41	3	0	0	18	championship:boot;course_season:boot;golfer_events:boot;sandbox_basic:boot	
golf_clean.exe	004a7989	FUN_004a7989	41	3	0	0	18	championship:boot;course_season:boot;golfer_events:boot;sandbox_basic:boot	
Terrain.dll	0000b710	FUN_1000b710	41	3	0	0	18	championship:championship_setup;course_season:build_hole;golfer_events:build_hole	
Terrain.dll	0001e920	FUN_1001e920	41	3	0	0	18	championship:boot;championship:championship_setup;course_season:boot;course_season:sandbox;golfer_events:boot;golfer_events:sandbox;sandbox_basic:boot;sandbox_basic:sandbox	
golf_clean.exe	00432170	FUN_00432170	40	3	0	0	18	championship:championship_setup;championship:tournament;course_season:build_hole;course_season:sandbox;course_season:season;golfer_events:build_hole;golfer_events:golfer_panel;golfer_events:landmark_inject;golfer_events:sandbox;golfer_events:season;sandbox_basic:sandbox	
golf_clean.exe	004840e0	FUN_004840e0	40	3	0	0	18	championship:boot;course_season:boot;golfer_events:boot;sandbox_basic:boot	
golf_clean.exe	00487210	FUN_00487210	40	3	0	0	18	championship:boot;course_season:boot;golfer_events:boot;sandbox_basic:boot	
golf_clean.exe	004a6598	FUN_004a6598	40	3	0	0	18	championship:boot;course_season:boot;golfer_events:boot;sandbox_basic:boot	
Terrain.dll	00001880	FUN_10001880	40	3	0	0	18	championship:championship_setup;course_season:sandbox;golfer_events:sandbox;sandbox_basic:sandbox	
Terrain.dll	00034320	FUN_10034320	40	3	0	0	18	championship:championship_setup;course_season:sandbox;golfer_events:sandbox;sandbox_basic:sandbox	
golf_clean.exe	00401c00	FUN_00401c00	39	3	0	0	18	championship:championship_setup;championship:tournament;course_season:build_hole;course_season:sandbox;course_season:season;golfer_events:build_hole;golfer_events:golfer_panel;golfer_events:landmark_inject;golfer_events:sandbox;golfer_events:season;sandbox_basic:sandbox	
golf_clean.exe	004378a0	FUN_004378a0	39	3	0	0	18	championship:boot;championship:championship_setup;course_season:boot;course_season:sandbox;golfer_events:boot;golfer_events:sandbox;sandbox_basic:boot;sandbox_basic:menu;sandbox_basic:sandbox	
golf_clean.exe	0045c150	FUN_0045c150	39	3	0	0	18	championship:boot;championship:championship_setup;course_season:boot;course_season:sandbox;course_season:season;golfer_events:boot;golfer_events:sandbox;sandbox_basic:boot;sandbox_basic:menu;sandbox_basic:sandbox	
golf_clean.exe	00480b00	FUN_00480b00	39	3	0	0	18	championship:boot;championship:championship_setup;course_season:boot;course_season:build_hole;course_season:season;golfer_events:boot;golfer_events:build_hole;golfer_events:golfer_panel;golfer_events:landmark_inject;golfer_events:season;sandbox_basic:boot;sandbox_basic:menu	
golf_clean.exe	00490cc0	FUN_00490cc0	39	3	0	0	18	championship:boot;course_season:boot;golfer_events:boot;sandbox_basic:boot	
golf_clean.exe	00490d20	FUN_00490d20	39	3	0	0	18	championship:boot;course_season:boot;golfer_events:boot;sandbox_basic:boot	
golf_clean.exe	00492d40	FUN_00492d40	39	3	0	0	18	championship:championship_setup;course_season:build_hole;course_season:sandbox;course_season:season;golfer_events:build_hole;golfer_events:golfer_panel;golfer_events:sandbox;sandbox_basic:sandbox	
golf_clean.exe	004a6030	__ftol	39	3	0	0	18	championship:boot;championship:championship_setup;championship:menu;championship:tournament;course_season:boot;course_season:build_hole;course_season:menu;course_season:sandbox;course_season:season;golfer_events:boot;golfer_events:build_hole;golfer_events:golfer_panel;golfer_events:landmark_inject;golfer_events:menu;golfer_events:sandbox;golfer_events:season;sandbox_basic:boot;sandbox_basic:menu;sandbox_basic:sandbox	
golf_clean.exe	004a6c50	_strrchr	39	3	0	0	18	championship:boot;course_season:boot;golfer_events:boot;sandbox_basic:boot	
Terrain.dll	0000b6e0	FUN_1000b6e0	39	3	0	0	18	championship:championship_setup;course_season:build_hole;golfer_events:build_hole	
Terrain.dll	000183ec	__ftol	39	3	0	0	18	championship:championship_setup;course_season:sandbox;golfer_events:sandbox;sandbox_basic:sandbox	
Terrain.dll	00033cd0	FUN_10033cd0	39	3	0	0	18	championship:championship_setup;course_season:sandbox;golfer_events:sandbox;sandbox_basic:sandbox	
golf_clean.exe	00473ab0	FUN_00473ab0	38	3	0	0	18	championship:boot;championship:championship_setup;course_season:boot;course_season:sandbox;course_season:season;golfer_events:boot;golfer_events:sandbox;sandbox_basic:boot;sandbox_basic:menu;sandbox_basic:sandbox	
golf_clean.exe	004801f0	FUN_004801f0	38	3	0	0	18	championship:boot;championship:championship_setup;championship:menu;championship:tournament;course_season:boot;course_season:build_hole;course_season:menu;course_season:sandbox;course_season:season;golfer_events:boot;golfer_events:build_hole;golfer_events:golfer_panel;golfer_events:landmark_inject;golfer_events:menu;golfer_events:sandbox;golfer_events:season;sandbox_basic:boot;sandbox_basic:menu;sandbox_basic:sandbox	
golf_clean.exe	00482e40	FUN_00482e40	38	3	0	0	18	championship:boot;championship:championship_setup;course_season:boot;course_season:sandbox;golfer_events:boot;golfer_events:sandbox;sandbox_basic:boot;sandbox_basic:menu;sandbox_basic:sandbox	
Terrain.dll	000158e0	_malloc	38	3	0	0	18	championship:boot;championship:championship_setup;course_season:boot;course_season:sandbox;golfer_events:boot;golfer_events:sandbox;sandbox_basic:boot;sandbox_basic:sandbox	
Terrain.dll	00026340	__unlock_fhandle	38	3	0	0	18	championship:boot;championship:championship_setup;course_season:boot;course_season:sandbox;golfer_events:boot;golfer_events:sandbox;sandbox_basic:boot;sandbox_basic:sandbox	
golf_clean.exe	00404970	FUN_00404970	37	3	0	0	18	championship:boot;championship:championship_setup;course_season:boot;course_season:build_hole;course_season:sandbox;golfer_events:boot;golfer_events:build_hole;golfer_events:golfer_panel;golfer_events:sandbox;sandbox_basic:boot;sandbox_basic:sandbox	
golf_clean.exe	0043d460	FUN_0043d460	37	3	0	0	18	championship:boot;course_season:boot;golfer_events:boot;sandbox_basic:boot	
golf_clean.exe	00476310	FUN_00476310	37	3	0	0	18	championship:boot;championship:championship_setup;championship:menu;championship:tournament;course_season:boot;course_season:build_hole;course_season:menu;course_season:sandbox;course_season:season;golfer_events:boot;golfer_events:build_hole;golfer_events:golfer_panel;golfer_events:landmark_inject;golfer_events:menu;golfer_events:sandbox;golfer_events:season;sandbox_basic:boot;sandbox_basic:menu;sandbox_basic:sandbox	
golf_clean.exe	004846d0	FUN_004846d0	37	3	0	0	18	championship:boot;championship:championship_setup;course_season:boot;course_season:sandbox;course_season:season;golfer_events:boot;golfer_events:sandbox;sandbox_basic:boot;sandbox_basic:sandbox	
golf_clean.exe	00492660	FUN_00492660	37	3	0	0	18	championship:boot;championship:championship_setup;course_season:boot;course_season:sandbox;course_season:season;golfer_events:boot;golfer_events:sandbox;sandbox_basic:boot;sandbox_basic:menu;sandbox_basic:sandbox	
Terrain.dll	0000b630	FUN_1000b630	37	3	0	0	18	championship:boot;championship:championship_setup;course_season:boot;course_season:build_hole;golfer_events:boot;golfer_events:build_hole;sandbox_basic:boot	
Terrain.dll	0000b660	FUN_1000b660	37	3	0	0	18	championship:championship_setup;course_season:build_hole;golfer_events:build_hole	
Terrain.dll	0001e5a0	__initterm	37	3	0	0	18	championship:boot;course_season:boot;golfer_events:boot;sandbox_basic:boot	
Terrain.dll	00034090	FUN_10034090	37	3	0	0	18	championship:championship_setup;course_season:sandbox;golfer_events:sandbox;sandbox_basic:sandbox	
Terrain.dll	00034150	FUN_10034150	37	3	0	0	18	championship:championship_setup;course_season:sandbox;golfer_events:sandbox;sandbox_basic:sandbox	
golf_clean.exe	004a00f0	FUN_004a00f0	36	3	0	0	18	championship:boot;course_season:boot;golfer_events:boot;sandbox_basic:boot	
Terrain.dll	00013fc0	FUN_10013fc0	36	3	0	0	18	championship:championship_setup;course_season:sandbox;golfer_events:sandbox;sandbox_basic:sandbox	
Terrain.dll	00013ff0	FUN_10013ff0	36	3	0	0	18	championship:championship_setup;course_season:sandbox;golfer_events:sandbox;sandbox_basic:sandbox	
golf_clean.exe	00477580	FUN_00477580	35	3	0	0	18	championship:boot;championship:championship_setup;course_season:boot;course_season:build_hole;course_season:sandbox;course_season:season;golfer_events:boot;golfer_events:build_hole;golfer_events:golfer_panel;golfer_events:landmark_inject;golfer_events:sandbox;golfer_events:season;sandbox_basic:boot;sandbox_basic:menu;sandbox_basic:sandbox	
golf_clean.exe	00484090	FUN_00484090	35	3	0	0	18	championship:boot;course_season:boot;golfer_events:boot;sandbox_basic:boot	
golf_clean.exe	004882a0	FUN_004882a0	35	3	0	0	18	championship:boot;course_season:boot;golfer_events:boot;sandbox_basic:boot	
golf_clean.exe	004a98a3	FUN_004a98a3	35	3	0	0	18	championship:boot;championship:championship_setup;course_season:boot;course_season:build_hole;course_season:sandbox;golfer_events:boot;golfer_events:build_hole;golfer_events:sandbox;sandbox_basic:boot;sandbox_basic:sandbox	
golf_clean.exe	0045b880	FUN_0045b880	34	3	0	0	18	championship:boot;championship:championship_setup;course_season:boot;golfer_events:boot;sandbox_basic:boot;sandbox_basic:menu	
golf_clean.exe	004675d0	FUN_004675d0	34	3	0	0	18	course_season:build_hole;course_season:season;golfer_events:build_hole;golfer_events:golfer_panel;golfer_events:landmark_inject;golfer_events:season	
golf_clean.exe	00483030	FUN_00483030	34	3	0	0	18	championship:boot;championship:championship_setup;course_season:boot;course_season:sandbox;course_season:season;golfer_events:boot;golfer_events:sandbox;sandbox_basic:boot;sandbox_basic:menu;sandbox_basic:sandbox	
golf_clean.exe	004833f0	FUN_004833f0	34	3	0	0	18	championship:boot;course_season:boot;golfer_events:boot;sandbox_basic:boot	
golf_clean.exe	00487f80	FUN_00487f80	34	3	0	0	18	championship:boot;course_season:boot;golfer_events:boot;sandbox_basic:boot	
golf_clean.exe	004a93dd	FUN_004a93dd	34	3	0	0	18	championship:boot;championship:championship_setup;championship:tournament;course_season:boot;course_season:build_hole;course_season:sandbox;course_season:season;golfer_events:boot;golfer_events:build_hole;golfer_events:golfer_panel;golfer_events:landmark_inject;golfer_events:sandbox;golfer_events:season;sandbox_basic:boot;sandbox_basic:sandbox	
Terrain.dll	0000b600	FUN_1000b600	34	3	0	0	18	championship:boot;championship:championship_setup;course_season:boot;course_season:build_hole;golfer_events:boot;golfer_events:build_hole;sandbox_basic:boot	
Terrain.dll	0000bab0	FUN_1000bab0	34	3	0	0	18	championship:championship_setup;course_season:build_hole;golfer_events:build_hole	
Terrain.dll	0002a400	FUN_1002a400	34	3	0	0	18	championship:boot;course_season:boot;golfer_events:boot;sandbox_basic:boot	
golf_clean.exe	00478b50	FUN_00478b50	33	3	0	0	18	championship:boot;championship:championship_setup;course_season:boot;course_season:build_hole;course_season:sandbox;course_season:season;golfer_events:boot;golfer_events:build_hole;golfer_events:golfer_panel;golfer_events:landmark_inject;golfer_events:sandbox;golfer_events:season;sandbox_basic:boot;sandbox_basic:menu;sandbox_basic:sandbox	
Terrain.dll	000158b0	FUN_100158b0	33	3	0	0	18	championship:boot;championship:championship_setup;course_season:boot;course_season:sandbox;golfer_events:boot;golfer_events:sandbox;sandbox_basic:boot;sandbox_basic:sandbox	
Terrain.dll	00018340	FUN_10018340	33	3	0	0	18	championship:boot;course_season:boot;golfer_events:boot;sandbox_basic:boot	
golf_clean.exe	0045c1e0	FUN_0045c1e0	32	3	0	0	18	championship:boot;championship:championship_setup;championship:tournament;course_season:boot;course_season:build_hole;course_season:sandbox;course_season:season;golfer_events:boot;golfer_events:build_hole;golfer_events:golfer_panel;golfer_events:landmark_inject;golfer_events:sandbox;golfer_events:season;sandbox_basic:boot;sandbox_basic:menu;sandbox_basic:sandbox	
golf_clean.exe	00492830	FUN_00492830	32	3	0	0	18	championship:boot;championship:championship_setup;course_season:boot;course_season:sandbox;course_season:season;golfer_events:boot;golfer_events:sandbox;sandbox_basic:boot;sandbox_basic:menu;sandbox_basic:sandbox	
golf_clean.exe	004a0180	FUN_004a0180	32	3	0	0	18	championship:boot;course_season:boot;golfer_events:boot;sandbox_basic:boot	
golf_clean.exe	00403f20	FUN_00403f20	31	3	0	0	18	championship:boot;course_season:boot;golfer_events:boot;sandbox_basic:boot	
golf_clean.exe	00483d60	FUN_00483d60	31	3	0	0	18	championship:championship_setup;course_season:sandbox;course_season:season;golfer_events:sandbox;golfer_events:season;sandbox_basic:sandbox	
Terrain.dll	0000bb40	FUN_1000bb40	31	3	0	0	18	championship:championship_setup;course_season:build_hole;golfer_events:build_hole	
Terrain.dll	000352e0	FUN_100352e0	31	3	0	0	18	championship:championship_setup;course_season:sandbox;golfer_events:sandbox;sandbox_basic:sandbox	
Terrain.dll	00037510	FUN_10037510	31	3	0	0	18	championship:championship_setup;course_season:sandbox;golfer_events:sandbox;sandbox_basic:sandbox	
golf_clean.exe	00483320	FUN_00483320	30	3	0	0	18	championship:boot;course_season:boot;golfer_events:boot;sandbox_basic:boot	
golf_clean.exe	00484750	FUN_00484750	30	3	0	0	18	championship:championship_setup;course_season:sandbox;course_season:season;golfer_events:sandbox;sandbox_basic:sandbox	
golf_clean.exe	00486cc0	FUN_00486cc0	30	3	0	0	18	championship:boot;course_season:boot;golfer_events:boot;sandbox_basic:boot	
golf_clean.exe	00492da0	FUN_00492da0	30	3	0	0	18	championship:boot;championship:championship_setup;course_season:boot;course_season:sandbox;golfer_events:boot;golfer_events:sandbox;sandbox_basic:boot;sandbox_basic:menu;sandbox_basic:sandbox	
golf_clean.exe	00467130	FUN_00467130	29	3	0	0	18	championship:boot;championship:championship_setup;championship:tournament;course_season:boot;course_season:build_hole;course_season:sandbox;course_season:season;golfer_events:boot;golfer_events:build_hole;golfer_events:golfer_panel;golfer_events:landmark_inject;golfer_events:sandbox;golfer_events:season;sandbox_basic:boot;sandbox_basic:menu;sandbox_basic:sandbox	
golf_clean.exe	00483b10	FUN_00483b10	29	3	0	0	18	championship:boot;course_season:boot;golfer_events:boot;sandbox_basic:boot	
golf_clean.exe	00483bb0	FUN_00483bb0	29	3	0	0	18	championship:boot;championship:championship_setup;championship:menu;championship:tournament;course_season:boot;course_season:build_hole;course_season:menu;course_season:sandbox;course_season:season;golfer_events:boot;golfer_events:build_hole;golfer_events:golfer_panel;golfer_events:landmark_inject;golfer_events:menu;golfer_events:sandbox;golfer_events:season;sandbox_basic:boot;sandbox_basic:menu;sandbox_basic:sandbox	
golf_clean.exe	00483c10	FUN_00483c10	29	3	0	0	18	championship:boot;championship:championship_setup;championship:menu;championship:tournament;course_season:boot;course_season:build_hole;course_season:menu;course_season:sandbox;course_season:season;golfer_events:boot;golfer_events:build_hole;golfer_events:golfer_panel;golfer_events:landmark_inject;golfer_events:menu;golfer_events:sandbox;golfer_events:season;sandbox_basic:boot;sandbox_basic:menu;sandbox_basic:sandbox	
golf_clean.exe	00487000	FUN_00487000	29	3	0	0	18	championship:boot;course_season:boot;golfer_events:boot;sandbox_basic:boot	
golf_clean.exe	004884e0	FUN_004884e0	29	3	0	0	18	championship:boot;course_season:boot;golfer_events:boot;sandbox_basic:boot	
golf_clean.exe	0049d460	FUN_0049d460	29	3	0	0	18	championship:boot;course_season:boot;golfer_events:boot;sandbox_basic:boot	
Terrain.dll	00033ab0	FUN_10033ab0	29	3	0	0	18	championship:championship_setup;course_season:sandbox;golfer_events:sandbox;sandbox_basic:sandbox	
golf_clean.exe	00403f80	FUN_00403f80	28	3	0	0	18	championship:boot;course_season:boot;golfer_events:boot;sandbox_basic:boot	
golf_clean.exe	00403fe0	FUN_00403fe0	28	3	0	0	18	championship:boot;course_season:boot;golfer_events:boot;sandbox_basic:boot	
golf_clean.exe	00404040	FUN_00404040	28	3	0	0	18	championship:boot;course_season:boot;golfer_events:boot;sandbox_basic:boot	
golf_clean.exe	00404360	FUN_00404360	28	3	0	0	18	championship:boot;course_season:boot;golfer_events:boot;sandbox_basic:boot	
golf_clean.exe	0043cc10	FUN_0043cc10	28	3	0	0	18	championship:boot;course_season:boot;golfer_events:boot;sandbox_basic:boot	
golf_clean.exe	00448160	FUN_00448160	28	3	0	0	18	championship:boot;course_season:boot;golfer_events:boot;sandbox_basic:boot	
golf_clean.exe	00448200	FUN_00448200	28	3	0	0	18	championship:championship_setup;course_season:sandbox;course_season:season;golfer_events:sandbox;sandbox_basic:sandbox	
golf_clean.exe	004493b0	FUN_004493b0	28	3	0	0	18	championship:championship_setup;course_season:build_hole;course_season:sandbox;golfer_events:build_hole;golfer_events:sandbox;sandbox_basic:sandbox	
golf_clean.exe	00475b00	FUN_00475b00	28	3	0	0	18	championship:boot;championship:championship_setup;championship:menu;championship:tournament;course_season:boot;course_season:build_hole;course_season:menu;course_season:sandbox;course_season:season;golfer_events:boot;golfer_events:build_hole;golfer_events:golfer_panel;golfer_events:landmark_inject;golfer_events:menu;golfer_events:sandbox;golfer_events:season;sandbox_basic:boot;sandbox_basic:menu;sandbox_basic:sandbox	
golf_clean.exe	00478a70	FUN_00478a70	28	3	0	0	18	championship:boot;championship:championship_setup;course_season:boot;course_season:sandbox;course_season:season;golfer_events:boot;golfer_events:sandbox;sandbox_basic:boot;sandbox_basic:menu;sandbox_basic:sandbox	
golf_clean.exe	00487e10	FUN_00487e10	28	3	0	0	18	championship:boot;course_season:boot;golfer_events:boot;sandbox_basic:boot	
golf_clean.exe	004ac8bc	FUN_004ac8bc	28	3	0	0	18	championship:boot;course_season:boot;golfer_events:boot;sandbox_basic:boot	
Terrain.dll	000186e1	FUN_100186e1	28	3	0	0	18	championship:boot;course_season:boot;golfer_events:boot;sandbox_basic:boot	
Terrain.dll	00018c90	operator_new	28	3	0	0	18	championship:boot;championship:championship_setup;course_season:boot;course_season:build_hole;course_season:sandbox;golfer_events:boot;golfer_events:build_hole;golfer_events:sandbox;sandbox_basic:boot;sandbox_basic:sandbox	
Terrain.dll	00015940	__nh_malloc	27	3	0	0	18	championship:boot;championship:championship_setup;course_season:boot;course_season:build_hole;course_season:sandbox;golfer_events:boot;golfer_events:build_hole;golfer_events:sandbox;sandbox_basic:boot;sandbox_basic:sandbox	
golf_clean.exe	004492f0	FUN_004492f0	26	3	0	0	18	championship:championship_setup;course_season:build_hole;course_season:sandbox;golfer_events:build_hole;golfer_events:sandbox;sandbox_basic:sandbox	
golf_clean.exe	00449310	FUN_00449310	26	3	0	0	18	championship:championship_setup;course_season:build_hole;course_season:sandbox;golfer_events:build_hole;golfer_events:sandbox;sandbox_basic:sandbox	
golf_clean.exe	0047e120	FUN_0047e120	26	3	0	0	18	championship:boot;championship:championship_setup;course_season:boot;course_season:build_hole;course_season:sandbox;golfer_events:boot;golfer_events:build_hole;golfer_events:golfer_panel;golfer_events:sandbox;sandbox_basic:boot;sandbox_basic:sandbox	
golf_clean.exe	00495770	FUN_00495770	26	3	0	0	18	championship:boot;course_season:boot;course_season:season;golfer_events:boot;sandbox_basic:boot;sandbox_basic:sandbox	
golf_clean.exe	004a51e1	FUN_004a51e1	26	3	0	0	18	championship:boot;course_season:boot;golfer_events:boot;sandbox_basic:boot	
Terrain.dll	00026ce0	__controlfp	26	3	0	0	18	championship:boot;course_season:boot;golfer_events:boot;sandbox_basic:boot	
golf_clean.exe	0044ad20	FUN_0044ad20	25	3	0	0	18	championship:boot;course_season:boot;golfer_events:boot;sandbox_basic:boot	
golf_clean.exe	00467150	FUN_00467150	25	3	0	0	18	course_season:build_hole;course_season:season;golfer_events:golfer_panel;golfer_events:landmark_inject;golfer_events:season	
golf_clean.exe	004672b0	FUN_004672b0	25	3	0	0	18	course_season:build_hole;course_season:season;golfer_events:build_hole;golfer_events:golfer_panel;golfer_events:landmark_inject;golfer_events:season;sandbox_basic:sandbox	
golf_clean.exe	00491d80	FUN_00491d80	25	3	0	0	18	championship:boot;course_season:boot;golfer_events:boot;sandbox_basic:boot	
golf_clean.exe	00497b00	FUN_00497b00	25	3	0	0	18	championship:boot;championship:championship_setup;championship:menu;championship:tournament;course_season:boot;course_season:build_hole;course_season:menu;course_season:sandbox;course_season:season;golfer_events:boot;golfer_events:build_hole;golfer_events:golfer_panel;golfer_events:landmark_inject;golfer_events:menu;golfer_events:sandbox;golfer_events:season;sandbox_basic:boot;sandbox_basic:menu;sandbox_basic:sandbox	
golf_clean.exe	00497b20	FUN_00497b20	25	3	0	0	18	championship:boot;championship:championship_setup;championship:menu;championship:tournament;course_season:boot;course_season:build_hole;course_season:menu;course_season:sandbox;course_season:season;golfer_events:boot;golfer_events:build_hole;golfer_events:golfer_panel;golfer_events:landmark_inject;golfer_events:menu;golfer_events:sandbox;golfer_events:season;sandbox_basic:boot;sandbox_basic:menu;sandbox_basic:sandbox	
golf_clean.exe	0049d050	FUN_0049d050	25	3	0	0	18	championship:boot;course_season:boot;golfer_events:boot;sandbox_basic:boot	
Terrain.dll	000219a0	FUN_100219a0	25	3	0	0	18	championship:boot;course_season:boot;golfer_events:boot;sandbox_basic:boot	
golf_clean.exe	00449520	FUN_00449520	24	3	0	0	18	championship:championship_setup;course_season:sandbox;golfer_events:sandbox;sandbox_basic:sandbox	
golf_clean.exe	00467110	FUN_00467110	24	3	0	0	18	championship:boot;course_season:boot;golfer_events:boot;sandbox_basic:boot	
golf_clean.exe	00483c70	FUN_00483c70	24	3	0	0	18	championship:boot;championship:championship_setup;course_season:boot;course_season:sandbox;course_season:season;golfer_events:boot;golfer_events:sandbox;golfer_events:season;sandbox_basic:boot;sandbox_basic:menu;sandbox_basic:sandbox	
golf_clean.exe	00483cd0	FUN_00483cd0	24	3	0	0	18	championship:boot;championship:championship_setup;championship:menu;championship:tournament;course_season:boot;course_season:build_hole;course_season:menu;course_season:sandbox;course_season:season;golfer_events:boot;golfer_events:build_hole;golfer_events:golfer_panel;golfer_events:landmark_inject;golfer_events:menu;golfer_events:sandbox;golfer_events:season;sandbox_basic:boot;sandbox_basic:menu;sandbox_basic:sandbox	
golf_clean.exe	00492d80	FUN_00492d80	24	3	0	0	18	championship:boot;championship:championship_setup;course_season:boot;course_season:sandbox;course_season:season;golfer_events:boot;golfer_events:sandbox;sandbox_basic:boot;sandbox_basic:menu;sandbox_basic:sandbox	
golf_clean.exe	004a563c	FUN_004a563c	24	3	0	0	18	championship:boot;championship:championship_setup;course_season:boot;course_season:sandbox;course_season:season;golfer_events:boot;golfer_events:sandbox;sandbox_basic:boot;sandbox_basic:menu;sandbox_basic:sandbox	
golf_clean.exe	004a577b	FUN_004a577b	24	3	0	0	18	championship:boot;championship:championship_setup;course_season:boot;course_season:sandbox;course_season:season;golfer_events:boot;golfer_events:sandbox;sandbox_basic:boot;sandbox_basic:menu;sandbox_basic:sandbox	
golf_clean.exe	004492d0	FUN_004492d0	23	3	0	0	18	championship:championship_setup;course_season:build_hole;course_season:sandbox;golfer_events:build_hole;golfer_events:sandbox;sandbox_basic:sandbox	
golf_clean.exe	004846b0	FUN_004846b0	23	3	0	0	18	championship:boot;championship:championship_setup;championship:tournament;course_season:boot;course_season:build_hole;course_season:sandbox;course_season:season;golfer_events:boot;golfer_events:build_hole;golfer_events:golfer_panel;golfer_events:landmark_inject;golfer_events:sandbox;golfer_events:season;sandbox_basic:boot;sandbox_basic:sandbox	
golf_clean.exe	00488490	FUN_00488490	23	3	0	0	18	championship:boot;course_season:boot;golfer_events:boot;sandbox_basic:boot	
golf_clean.exe	004925d0	FUN_004925d0	23	3	0	0	18	championship:boot;course_season:boot;golfer_events:boot;sandbox_basic:boot	
golf_clean.exe	004a4fac	FUN_004a4fac	23	3	0	0	18	championship:boot;course_season:boot;golfer_events:boot;sandbox_basic:boot	
golf_clean.exe	004a5d48	FUN_004a5d48	23	3	0	0	18	championship:boot;championship:championship_setup;championship:tournament;course_season:boot;course_season:build_hole;course_season:sandbox;course_season:season;golfer_events:boot;golfer_events:build_hole;golfer_events:golfer_panel;golfer_events:landmark_inject;golfer_events:season;sandbox_basic:boot	
Terrain.dll	00018080	FUN_10018080	23	3	0	0	18	championship:boot;championship:championship_setup;course_season:boot;course_season:sandbox;golfer_events:boot;golfer_events:sandbox;sandbox_basic:boot;sandbox_basic:sandbox	
Terrain.dll	000202f0	__setdefaultprecision	23	3	0	0	18	championship:boot;course_season:boot;golfer_events:boot;sandbox_basic:boot	
golf_clean.exe	00478b30	FUN_00478b30	22	3	0	0	18	championship:boot;championship:championship_setup;course_season:boot;course_season:sandbox;golfer_events:boot;golfer_events:sandbox;sandbox_basic:boot;sandbox_basic:sandbox	
golf_clean.exe	004925b0	FUN_004925b0	22	3	0	0	18	championship:boot;course_season:boot;golfer_events:boot;sandbox_basic:boot	
golf_clean.exe	004ab5f6	FUN_004ab5f6	22	3	0	0	18	championship:boot;course_season:boot;golfer_events:boot;sandbox_basic:boot	
Terrain.dll	00019eb0	FUN_10019eb0	22	3	0	0	18	championship:boot;championship:championship_setup;course_season:boot;course_season:build_hole;course_season:sandbox;golfer_events:boot;golfer_events:build_hole;golfer_events:sandbox;sandbox_basic:boot;sandbox_basic:sandbox	
Terrain.dll	00033900	FUN_10033900	22	3	0	0	18	championship:championship_setup;course_season:sandbox;golfer_events:sandbox;sandbox_basic:sandbox	
golf_clean.exe	0045ae30	FUN_0045ae30	21	3	0	0	18	championship:championship_setup;championship:tournament;course_season:build_hole;course_season:sandbox;course_season:season;golfer_events:build_hole;golfer_events:golfer_panel;golfer_events:landmark_inject;golfer_events:sandbox;golfer_events:season;sandbox_basic:sandbox	
golf_clean.exe	0045ae50	FUN_0045ae50	21	3	0	0	18	championship:championship_setup;championship:tournament;course_season:build_hole;course_season:sandbox;course_season:season;golfer_events:build_hole;golfer_events:golfer_panel;golfer_events:landmark_inject;golfer_events:sandbox;golfer_events:season;sandbox_basic:sandbox	
golf_clean.exe	00461810	FUN_00461810	21	3	0	0	18	championship:boot;course_season:boot;golfer_events:boot;sandbox_basic:boot	
golf_clean.exe	00482e20	FUN_00482e20	21	3	0	0	18	championship:boot;championship:championship_setup;course_season:boot;course_season:sandbox;golfer_events:boot;golfer_events:sandbox;sandbox_basic:boot;sandbox_basic:menu;sandbox_basic:sandbox	
golf_clean.exe	00487e70	FUN_00487e70	21	3	0	0	18	championship:boot;course_season:boot;golfer_events:boot;sandbox_basic:boot	
golf_clean.exe	004a7a13	FUN_004a7a13	21	3	0	0	18	championship:boot;championship:championship_setup;championship:menu;championship:tournament;course_season:boot;course_season:build_hole;course_season:menu;course_season:sandbox;course_season:season;golfer_events:boot;golfer_events:build_hole;golfer_events:golfer_panel;golfer_events:landmark_inject;golfer_events:menu;golfer_events:sandbox;golfer_events:season;sandbox_basic:boot;sandbox_basic:menu;sandbox_basic:sandbox	
Terrain.dll	00027e10	FUN_10027e10	21	3	0	0	18	championship:boot;course_season:boot;golfer_events:boot;sandbox_basic:boot	
golf_clean.exe	0040bf00	FUN_0040bf00	20	3	0	0	18	course_season:season;golfer_events:golfer_panel;sandbox_basic:sandbox	
golf_clean.exe	00483d40	FUN_00483d40	19	3	0	0	18	championship:championship_setup;course_season:sandbox;course_season:season;golfer_events:sandbox;golfer_events:season;sandbox_basic:sandbox	
golf_clean.exe	004a614d	FUN_004a614d	19	3	0	0	18	championship:boot;championship:championship_setup;course_season:boot;course_season:build_hole;course_season:sandbox;golfer_events:boot;golfer_events:build_hole;golfer_events:sandbox;sandbox_basic:boot;sandbox_basic:sandbox	
golf_clean.exe	004a8e40	FUN_004a8e40	19	3	0	0	18	championship:boot;course_season:boot;golfer_events:boot;sandbox_basic:boot	
Terrain.dll	00016470	FUN_10016470	19	3	0	0	18	championship:boot;championship:championship_setup;course_season:boot;course_season:sandbox;golfer_events:boot;golfer_events:sandbox;sandbox_basic:boot;sandbox_basic:sandbox	
Terrain.dll	000186fd	FUN_100186fd	19	3	0	0	18	championship:boot;course_season:boot;golfer_events:boot;sandbox_basic:boot	
golf_clean.exe	00474780	FUN_00474780	18	3	0	0	18	championship:boot;course_season:boot;golfer_events:boot;sandbox_basic:boot	
golf_clean.exe	004747a0	FUN_004747a0	18	3	0	0	18	championship:boot;course_season:boot;golfer_events:boot;sandbox_basic:boot	
golf_clean.exe	004840c0	FUN_004840c0	18	3	0	0	18	championship:boot;course_season:boot;golfer_events:boot;sandbox_basic:boot	
golf_clean.exe	004845e0	FUN_004845e0	18	3	0	0	18	championship:championship_setup;course_season:sandbox;golfer_events:sandbox;sandbox_basic:sandbox	
golf_clean.exe	00487a20	FUN_00487a20	18	3	0	0	18	championship:boot;course_season:boot;golfer_events:boot;sandbox_basic:boot	
golf_clean.exe	00487b40	FUN_00487b40	18	3	0	0	18	championship:boot;course_season:boot;golfer_events:boot;sandbox_basic:boot	
golf_clean.exe	004a504f	_malloc	18	3	0	0	18	championship:boot;championship:championship_setup;championship:menu;championship:tournament;course_season:boot;course_season:build_hole;course_season:menu;course_season:sandbox;course_season:season;golfer_events:boot;golfer_events:build_hole;golfer_events:golfer_panel;golfer_events:landmark_inject;golfer_events:menu;golfer_events:sandbox;golfer_events:season;sandbox_basic:boot;sandbox_basic:menu;sandbox_basic:sandbox	
golf_clean.exe	004a56d2	FUN_004a56d2	18	3	0	0	18	championship:boot;course_season:boot;golfer_events:boot;sandbox_basic:boot	
golf_clean.exe	004a74ae	FUN_004a74ae	18	3	0	0	18	championship:boot;course_season:boot;golfer_events:boot;sandbox_basic:boot	
golf_clean.exe	004ac4a2	FUN_004ac4a2	17	3	0	0	18	championship:boot;course_season:boot;golfer_events:boot;sandbox_basic:boot	
Terrain.dll	0001650d	FUN_1001650d	17	3	0	0	18	championship:boot;championship:championship_setup;course_season:boot;course_season:build_hole;course_season:sandbox;golfer_events:boot;golfer_events:build_hole;golfer_events:sandbox;sandbox_basic:boot;sandbox_basic:sandbox	
Terrain.dll	00018e20	FUN_10018e20	17	3	0	0	18	championship:championship_setup;course_season:sandbox;golfer_events:sandbox;sandbox_basic:sandbox	
Terrain.dll	00033ad0	FUN_10033ad0	17	3	0	0	18	championship:championship_setup;course_season:sandbox;golfer_events:sandbox;sandbox_basic:sandbox	
Terrain.dll	000340c0	FUN_100340c0	17	3	0	0	18	championship:championship_setup;course_season:sandbox;golfer_events:sandbox;sandbox_basic:sandbox	
Terrain.dll	000342a0	FUN_100342a0	17	3	0	0	18	championship:championship_setup;course_season:sandbox;golfer_events:sandbox;sandbox_basic:sandbox	
Terrain.dll	000342c0	FUN_100342c0	17	3	0	0	18	championship:championship_setup;course_season:sandbox;golfer_events:sandbox;sandbox_basic:sandbox	
Terrain.dll	00034350	FUN_10034350	17	3	0	0	18	championship:championship_setup;course_season:sandbox;golfer_events:sandbox;sandbox_basic:sandbox	
Terrain.dll	000344e0	FUN_100344e0	17	3	0	0	18	championship:championship_setup;course_season:sandbox;golfer_events:sandbox;sandbox_basic:sandbox	
Terrain.dll	000347c0	FUN_100347c0	17	3	0	0	18	championship:championship_setup;course_season:sandbox;golfer_events:sandbox;sandbox_basic:sandbox	
Terrain.dll	00034e10	FUN_10034e10	17	3	0	0	18	championship:championship_setup;course_season:sandbox;golfer_events:sandbox;sandbox_basic:sandbox	
golf_clean.exe	004837f0	FUN_004837f0	16	3	0	0	18	championship:boot;course_season:boot;golfer_events:boot;sandbox_basic:boot	
golf_clean.exe	00487d80	FUN_00487d80	16	3	0	0	18	championship:boot;course_season:boot;golfer_events:boot;sandbox_basic:boot	
golf_clean.exe	004a0130	FUN_004a0130	16	3	0	0	18	championship:boot;course_season:boot;golfer_events:boot;sandbox_basic:boot	
Terrain.dll	00034a40	FUN_10034a40	16	3	0	0	18	championship:championship_setup;course_season:sandbox;golfer_events:sandbox;sandbox_basic:sandbox	
Terrain.dll	000355a0	FUN_100355a0	16	3	0	0	18	championship:championship_setup;course_season:sandbox;golfer_events:sandbox;sandbox_basic:sandbox	
golf_clean.exe	00483060	FUN_00483060	15	3	0	0	18	championship:boot;course_season:boot;golfer_events:boot;sandbox_basic:boot	
golf_clean.exe	00483d30	FUN_00483d30	15	3	0	0	18	championship:championship_setup;course_season:sandbox;course_season:season;golfer_events:sandbox;golfer_events:season;sandbox_basic:sandbox	
golf_clean.exe	00487630	FUN_00487630	15	3	0	0	18	championship:boot;course_season:boot;golfer_events:boot;sandbox_basic:boot	
Terrain.dll	00034a50	FUN_10034a50	15	3	0	0	18	championship:championship_setup;course_season:sandbox;golfer_events:sandbox;sandbox_basic:sandbox	
Terrain.dll	00034a60	FUN_10034a60	15	3	0	0	18	championship:championship_setup;course_season:sandbox;golfer_events:sandbox;sandbox_basic:sandbox	
Terrain.dll	00034a70	FUN_10034a70	15	3	0	0	18	championship:championship_setup;course_season:sandbox;golfer_events:sandbox;sandbox_basic:sandbox	
Terrain.dll	00034a80	FUN_10034a80	15	3	0	0	18	championship:championship_setup;course_season:sandbox;golfer_events:sandbox;sandbox_basic:sandbox	
golf_clean.exe	00482e10	FUN_00482e10	14	3	0	0	18	championship:boot;championship:championship_setup;course_season:boot;course_season:sandbox;golfer_events:boot;golfer_events:sandbox;sandbox_basic:boot;sandbox_basic:menu;sandbox_basic:sandbox	
golf_clean.exe	00486fe0	FUN_00486fe0	14	3	0	0	18	championship:boot;course_season:boot;golfer_events:boot;sandbox_basic:boot	
golf_clean.exe	004a57f1	operator_new	14	3	0	0	18	championship:boot;championship:championship_setup;course_season:boot;course_season:build_hole;course_season:sandbox;course_season:season;golfer_events:boot;golfer_events:build_hole;golfer_events:sandbox;sandbox_basic:boot;sandbox_basic:menu;sandbox_basic:sandbox	
golf_clean.exe	00482f00	FUN_00482f00	13	3	0	0	18	championship:boot;course_season:boot;golfer_events:boot;sandbox_basic:boot	
Terrain.dll	000243f0	FUN_100243f0	13	3	0	0	18	championship:boot;championship:championship_setup;course_season:boot;course_season:sandbox;golfer_events:boot;golfer_events:sandbox;sandbox_basic:boot;sandbox_basic:sandbox	
Terrain.dll	00024400	FUN_10024400	13	3	0	0	18	championship:boot;championship:championship_setup;course_season:boot;course_season:sandbox;golfer_events:boot;golfer_events:sandbox;sandbox_basic:boot;sandbox_basic:sandbox	
golf_clean.exe	00403f40	FUN_00403f40	12	3	0	0	18	championship:boot;course_season:boot;golfer_events:boot;sandbox_basic:boot	
golf_clean.exe	00403fa0	FUN_00403fa0	12	3	0	0	18	championship:boot;course_season:boot;golfer_events:boot;sandbox_basic:boot	
golf_clean.exe	00404000	FUN_00404000	12	3	0	0	18	championship:boot;course_season:boot;golfer_events:boot;sandbox_basic:boot	
golf_clean.exe	00404060	FUN_00404060	12	3	0	0	18	championship:boot;course_season:boot;golfer_events:boot;sandbox_basic:boot	
golf_clean.exe	00404330	FUN_00404330	12	3	0	0	18	championship:boot;course_season:boot;golfer_events:boot;sandbox_basic:boot	
golf_clean.exe	004043c0	FUN_004043c0	12	3	0	0	18	championship:boot;course_season:boot;golfer_events:boot;sandbox_basic:boot	
golf_clean.exe	00404400	FUN_00404400	12	3	0	0	18	championship:boot;course_season:boot;golfer_events:boot;sandbox_basic:boot	
golf_clean.exe	00404450	FUN_00404450	12	3	0	0	18	championship:boot;course_season:boot;golfer_events:boot;sandbox_basic:boot	
golf_clean.exe	004044a0	FUN_004044a0	12	3	0	0	18	championship:boot;course_season:boot;golfer_events:boot;sandbox_basic:boot	
golf_clean.exe	004044f0	FUN_004044f0	12	3	0	0	18	championship:boot;course_season:boot;golfer_events:boot;sandbox_basic:boot	
golf_clean.exe	00404540	FUN_00404540	12	3	0	0	18	championship:boot;course_season:boot;golfer_events:boot;sandbox_basic:boot	
golf_clean.exe	00404590	FUN_00404590	12	3	0	0	18	championship:boot;course_season:boot;golfer_events:boot;sandbox_basic:boot	
golf_clean.exe	004045e0	FUN_004045e0	12	3	0	0	18	championship:boot;course_season:boot;golfer_events:boot;sandbox_basic:boot	
golf_clean.exe	00404630	FUN_00404630	12	3	0	0	18	championship:boot;course_season:boot;golfer_events:boot;sandbox_basic:boot	
golf_clean.exe	00404680	FUN_00404680	12	3	0	0	18	championship:boot;course_season:boot;golfer_events:boot;sandbox_basic:boot	
golf_clean.exe	004046d0	FUN_004046d0	12	3	0	0	18	championship:boot;course_season:boot;golfer_events:boot;sandbox_basic:boot	
golf_clean.exe	00404710	FUN_00404710	12	3	0	0	18	championship:boot;course_season:boot;golfer_events:boot;sandbox_basic:boot	
golf_clean.exe	00404760	FUN_00404760	12	3	0	0	18	championship:boot;course_season:boot;golfer_events:boot;sandbox_basic:boot	
golf_clean.exe	004047b0	FUN_004047b0	12	3	0	0	18	championship:boot;course_season:boot;golfer_events:boot;sandbox_basic:boot	
golf_clean.exe	00404800	FUN_00404800	12	3	0	0	18	championship:boot;course_season:boot;golfer_events:boot;sandbox_basic:boot	
golf_clean.exe	00404850	FUN_00404850	12	3	0	0	18	championship:boot;course_season:boot;golfer_events:boot;sandbox_basic:boot	
golf_clean.exe	00404cf0	FUN_00404cf0	12	3	0	0	18	championship:boot;course_season:boot;golfer_events:boot;sandbox_basic:boot	
golf_clean.exe	00404e90	FUN_00404e90	12	3	0	0	18	championship:boot;course_season:boot;golfer_events:boot;sandbox_basic:boot	
golf_clean.exe	00405000	FUN_00405000	12	3	0	0	18	championship:boot;course_season:boot;golfer_events:boot;sandbox_basic:boot	
golf_clean.exe	00405150	FUN_00405150	12	3	0	0	18	championship:boot;course_season:boot;golfer_events:boot;sandbox_basic:boot	
golf_clean.exe	004052d0	FUN_004052d0	12	3	0	0	18	championship:boot;course_season:boot;golfer_events:boot;sandbox_basic:boot	
golf_clean.exe	00405440	FUN_00405440	12	3	0	0	18	championship:boot;course_season:boot;golfer_events:boot;sandbox_basic:boot	
golf_clean.exe	00405580	FUN_00405580	12	3	0	0	18	championship:boot;course_season:boot;golfer_events:boot;sandbox_basic:boot	
golf_clean.exe	004056c0	FUN_004056c0	12	3	0	0	18	championship:boot;course_season:boot;golfer_events:boot;sandbox_basic:boot	
golf_clean.exe	00405830	FUN_00405830	12	3	0	0	18	championship:boot;course_season:boot;golfer_events:boot;sandbox_basic:boot	
golf_clean.exe	00405900	FUN_00405900	12	3	0	0	18	championship:boot;course_season:boot;golfer_events:boot;sandbox_basic:boot	
golf_clean.exe	004061c0	FUN_004061c0	12	3	0	0	18	championship:boot;course_season:boot;golfer_events:boot;sandbox_basic:boot	
golf_clean.exe	00406200	FUN_00406200	12	3	0	0	18	championship:boot;course_season:boot;golfer_events:boot;sandbox_basic:boot	
golf_clean.exe	004378f0	FUN_004378f0	12	3	0	0	18	championship:boot;course_season:boot;golfer_events:boot;sandbox_basic:boot	
golf_clean.exe	004385b0	FUN_004385b0	12	3	0	0	18	championship:boot;course_season:boot;golfer_events:boot;sandbox_basic:boot	
golf_clean.exe	0043cc30	FUN_0043cc30	12	3	0	0	18	championship:boot;course_season:boot;golfer_events:boot;sandbox_basic:boot	
golf_clean.exe	0043cc80	FUN_0043cc80	12	3	0	0	18	championship:boot;course_season:boot;golfer_events:boot;sandbox_basic:boot	
golf_clean.exe	0043ccc0	FUN_0043ccc0	12	3	0	0	18	championship:boot;course_season:boot;golfer_events:boot;sandbox_basic:boot	
golf_clean.exe	0043d490	FUN_0043d490	12	3	0	0	18	championship:boot;course_season:boot;golfer_events:boot;sandbox_basic:boot	
golf_clean.exe	0043d4f0	FUN_0043d4f0	12	3	0	0	18	championship:boot;course_season:boot;golfer_events:boot;sandbox_basic:boot	
golf_clean.exe	0043d650	FUN_0043d650	12	3	0	0	18	championship:boot;course_season:boot;golfer_events:boot;sandbox_basic:boot	
golf_clean.exe	00448180	FUN_00448180	12	3	0	0	18	championship:boot;course_season:boot;golfer_events:boot;sandbox_basic:boot	
golf_clean.exe	004491d0	FUN_004491d0	12	3	0	0	18	championship:boot;course_season:boot;golfer_events:boot;sandbox_basic:boot	
golf_clean.exe	00449240	FUN_00449240	12	3	0	0	18	championship:boot;course_season:boot;golfer_events:boot;sandbox_basic:boot	
golf_clean.exe	0044aca0	FUN_0044aca0	12	3	0	0	18	championship:boot;course_season:boot;golfer_events:boot;sandbox_basic:boot	
golf_clean.exe	0044ad40	FUN_0044ad40	12	3	0	0	18	championship:boot;course_season:boot;golfer_events:boot;sandbox_basic:boot	
golf_clean.exe	0044ad90	FUN_0044ad90	12	3	0	0	18	championship:boot;course_season:boot;golfer_events:boot;sandbox_basic:boot	
golf_clean.exe	0044ade0	FUN_0044ade0	12	3	0	0	18	championship:boot;course_season:boot;golfer_events:boot;sandbox_basic:boot	
golf_clean.exe	0044aed0	FUN_0044aed0	12	3	0	0	18	championship:boot;course_season:boot;golfer_events:boot;sandbox_basic:boot	
golf_clean.exe	0044af10	FUN_0044af10	12	3	0	0	18	championship:boot;course_season:boot;golfer_events:boot;sandbox_basic:boot	
golf_clean.exe	0044af50	FUN_0044af50	12	3	0	0	18	championship:boot;course_season:boot;golfer_events:boot;sandbox_basic:boot	
golf_clean.exe	0044af90	FUN_0044af90	12	3	0	0	18	championship:boot;course_season:boot;golfer_events:boot;sandbox_basic:boot	
golf_clean.exe	0044b110	FUN_0044b110	12	3	0	0	18	championship:boot;course_season:boot;golfer_events:boot;sandbox_basic:boot	
golf_clean.exe	0044b150	FUN_0044b150	12	3	0	0	18	championship:boot;course_season:boot;golfer_events:boot;sandbox_basic:boot	
golf_clean.exe	0044b190	FUN_0044b190	12	3	0	0	18	championship:boot;course_season:boot;golfer_events:boot;sandbox_basic:boot	
golf_clean.exe	0044b3c0	FUN_0044b3c0	12	3	0	0	18	championship:boot;course_season:boot;golfer_events:boot;sandbox_basic:boot	
golf_clean.exe	0044b4d0	FUN_0044b4d0	12	3	0	0	18	championship:boot;course_season:boot;golfer_events:boot;sandbox_basic:boot	
golf_clean.exe	0044b670	FUN_0044b670	12	3	0	0	18	championship:boot;course_season:boot;golfer_events:boot;sandbox_basic:boot	
golf_clean.exe	0044b770	FUN_0044b770	12	3	0	0	18	championship:boot;course_season:boot;golfer_events:boot;sandbox_basic:boot	
golf_clean.exe	0045ba70	FUN_0045ba70	12	3	0	0	18	championship:boot;course_season:boot;golfer_events:boot;sandbox_basic:boot	
golf_clean.exe	0045bac0	FUN_0045bac0	12	3	0	0	18	championship:boot;course_season:boot;golfer_events:boot;sandbox_basic:boot	
golf_clean.exe	0046de50	FUN_0046de50	12	3	0	0	18	championship:boot;course_season:boot;golfer_events:boot;sandbox_basic:boot	
golf_clean.exe	00473a80	FUN_00473a80	12	3	0	0	18	championship:boot;course_season:boot;golfer_events:boot;sandbox_basic:boot	
golf_clean.exe	00474aa0	FUN_00474aa0	12	3	0	0	18	championship:boot;course_season:boot;golfer_events:boot;sandbox_basic:boot	
golf_clean.exe	00479a00	FUN_00479a00	12	3	0	0	18	championship:boot;course_season:boot;golfer_events:boot;sandbox_basic:boot	
golf_clean.exe	00479a50	FUN_00479a50	12	3	0	0	18	championship:boot;course_season:boot;golfer_events:boot;sandbox_basic:boot	
golf_clean.exe	00482e90	FUN_00482e90	12	3	0	0	18	championship:boot;course_season:boot;golfer_events:boot;sandbox_basic:boot	
golf_clean.exe	00482ed0	FUN_00482ed0	12	3	0	0	18	championship:boot;course_season:boot;golfer_events:boot;sandbox_basic:boot	
golf_clean.exe	00482f10	FUN_00482f10	12	3	0	0	18	championship:boot;course_season:boot;golfer_events:boot;sandbox_basic:boot	
golf_clean.exe	004837c0	FUN_004837c0	12	3	0	0	18	championship:boot;course_season:boot;golfer_events:boot;sandbox_basic:boot	
golf_clean.exe	00483df0	FUN_00483df0	12	3	0	0	18	championship:boot;course_season:boot;golfer_events:boot;sandbox_basic:boot	
golf_clean.exe	00483e30	FUN_00483e30	12	3	0	0	18	championship:boot;course_season:boot;golfer_events:boot;sandbox_basic:boot	
golf_clean.exe	00483e70	FUN_00483e70	12	3	0	0	18	championship:boot;course_season:boot;golfer_events:boot;sandbox_basic:boot	
golf_clean.exe	00487d90	FUN_00487d90	12	3	0	0	18	championship:boot;course_season:boot;golfer_events:boot;sandbox_basic:boot	
golf_clean.exe	00487e30	FUN_00487e30	12	3	0	0	18	championship:boot;course_season:boot;golfer_events:boot;sandbox_basic:boot	
golf_clean.exe	0049c000	FUN_0049c000	12	3	0	0	18	championship:boot;course_season:boot;golfer_events:boot;sandbox_basic:boot	
golf_clean.exe	0049d020	FUN_0049d020	12	3	0	0	18	championship:boot;course_season:boot;golfer_events:boot;sandbox_basic:boot	
golf_clean.exe	0049d170	FUN_0049d170	12	3	0	0	18	championship:boot;course_season:boot;golfer_events:boot;sandbox_basic:boot	
golf_clean.exe	0049d2b0	FUN_0049d2b0	12	3	0	0	18	championship:boot;course_season:boot;golfer_events:boot;sandbox_basic:boot	
golf_clean.exe	0049d310	FUN_0049d310	12	3	0	0	18	championship:boot;course_season:boot;golfer_events:boot;sandbox_basic:boot	
golf_clean.exe	0049d370	FUN_0049d370	12	3	0	0	18	championship:boot;course_season:boot;golfer_events:boot;sandbox_basic:boot	
golf_clean.exe	0049d4a0	FUN_0049d4a0	12	3	0	0	18	championship:boot;course_season:boot;golfer_events:boot;sandbox_basic:boot	
golf_clean.exe	0049d500	FUN_0049d500	12	3	0	0	18	championship:boot;course_season:boot;golfer_events:boot;sandbox_basic:boot	
golf_clean.exe	0049d560	FUN_0049d560	12	3	0	0	18	championship:boot;course_season:boot;golfer_events:boot;sandbox_basic:boot	
golf_clean.exe	0049eb10	FUN_0049eb10	12	3	0	0	18	championship:boot;course_season:boot;golfer_events:boot;sandbox_basic:boot	
golf_clean.exe	0049eb70	FUN_0049eb70	12	3	0	0	18	championship:boot;course_season:boot;golfer_events:boot;sandbox_basic:boot	
golf_clean.exe	004a0140	FUN_004a0140	12	3	0	0	18	championship:boot;course_season:boot;golfer_events:boot;sandbox_basic:boot	
Terrain.dll	00023eb0	FUN_10023eb0	12	3	0	0	18	championship:boot;championship:championship_setup;championship:tournament;course_season:boot;course_season:sandbox;course_season:season;golfer_events:boot;golfer_events:sandbox;golfer_events:season;sandbox_basic:boot;sandbox_basic:sandbox	
golf_clean.exe	004041f0	FUN_004041f0	11	3	0	0	18	championship:championship_setup;course_season:sandbox;golfer_events:sandbox;sandbox_basic:sandbox	
golf_clean.exe	00483010	FUN_00483010	11	3	0	0	18	championship:championship_setup;championship:tournament;course_season:build_hole;course_season:sandbox;course_season:season;golfer_events:build_hole;golfer_events:golfer_panel;golfer_events:landmark_inject;golfer_events:sandbox;golfer_events:season;sandbox_basic:sandbox	
golf_clean.exe	00486ce0	FUN_00486ce0	11	3	0	0	18	championship:boot;championship:championship_setup;course_season:boot;course_season:sandbox;course_season:season;golfer_events:boot;golfer_events:sandbox;sandbox_basic:boot;sandbox_basic:menu;sandbox_basic:sandbox	
golf_clean.exe	00492dc0	FUN_00492dc0	11	3	0	0	18	championship:boot;championship:championship_setup;course_season:boot;course_season:sandbox;course_season:season;golfer_events:boot;golfer_events:sandbox;sandbox_basic:boot;sandbox_basic:menu;sandbox_basic:sandbox	
golf_clean.exe	004a4ffc	FUN_004a4ffc	11	3	0	0	18	championship:boot;championship:championship_setup;course_season:boot;course_season:build_hole;course_season:sandbox;course_season:season;golfer_events:boot;golfer_events:build_hole;golfer_events:sandbox;sandbox_basic:boot;sandbox_basic:menu;sandbox_basic:sandbox	
Terrain.dll	000159bd	FUN_100159bd	11	3	0	0	18	championship:boot;championship:championship_setup;course_season:boot;course_season:build_hole;course_season:sandbox;golfer_events:boot;golfer_events:build_hole;golfer_events:sandbox;sandbox_basic:boot;sandbox_basic:sandbox	
Terrain.dll	00016502	FUN_10016502	11	3	0	0	18	championship:boot;championship:championship_setup;course_season:boot;course_season:build_hole;course_season:sandbox;golfer_events:boot;golfer_events:build_hole;golfer_events:sandbox;sandbox_basic:boot;sandbox_basic:sandbox	
golf_clean.exe	00404320	FUN_00404320	10	3	0	0	18	championship:boot;course_season:boot;golfer_events:boot;sandbox_basic:boot	
golf_clean.exe	004043b0	FUN_004043b0	10	3	0	0	18	championship:boot;course_season:boot;golfer_events:boot;sandbox_basic:boot	
golf_clean.exe	004043f0	FUN_004043f0	10	3	0	0	18	championship:boot;course_season:boot;golfer_events:boot;sandbox_basic:boot	
golf_clean.exe	00404440	FUN_00404440	10	3	0	0	18	championship:boot;course_season:boot;golfer_events:boot;sandbox_basic:boot	
golf_clean.exe	00404490	FUN_00404490	10	3	0	0	18	championship:boot;course_season:boot;golfer_events:boot;sandbox_basic:boot	
golf_clean.exe	004044e0	FUN_004044e0	10	3	0	0	18	championship:boot;course_season:boot;golfer_events:boot;sandbox_basic:boot	
golf_clean.exe	00404530	FUN_00404530	10	3	0	0	18	championship:boot;course_season:boot;golfer_events:boot;sandbox_basic:boot	
golf_clean.exe	00404580	FUN_00404580	10	3	0	0	18	championship:boot;course_season:boot;golfer_events:boot;sandbox_basic:boot	
golf_clean.exe	004045d0	FUN_004045d0	10	3	0	0	18	championship:boot;course_season:boot;golfer_events:boot;sandbox_basic:boot	
golf_clean.exe	00404620	FUN_00404620	10	3	0	0	18	championship:boot;course_season:boot;golfer_events:boot;sandbox_basic:boot	
golf_clean.exe	00404670	FUN_00404670	10	3	0	0	18	championship:boot;course_season:boot;golfer_events:boot;sandbox_basic:boot	
golf_clean.exe	004046c0	FUN_004046c0	10	3	0	0	18	championship:boot;course_season:boot;golfer_events:boot;sandbox_basic:boot	
golf_clean.exe	00404700	FUN_00404700	10	3	0	0	18	championship:boot;course_season:boot;golfer_events:boot;sandbox_basic:boot	
golf_clean.exe	00404750	FUN_00404750	10	3	0	0	18	championship:boot;course_season:boot;golfer_events:boot;sandbox_basic:boot	
golf_clean.exe	004047a0	FUN_004047a0	10	3	0	0	18	championship:boot;course_season:boot;golfer_events:boot;sandbox_basic:boot	
golf_clean.exe	004047f0	FUN_004047f0	10	3	0	0	18	championship:boot;course_season:boot;golfer_events:boot;sandbox_basic:boot	
golf_clean.exe	00404840	FUN_00404840	10	3	0	0	18	championship:boot;course_season:boot;golfer_events:boot;sandbox_basic:boot	
golf_clean.exe	004058f0	FUN_004058f0	10	3	0	0	18	championship:boot;course_season:boot;golfer_events:boot;sandbox_basic:boot	
golf_clean.exe	004061b0	FUN_004061b0	10	3	0	0	18	championship:boot;course_season:boot;golfer_events:boot;sandbox_basic:boot	
golf_clean.exe	004061f0	FUN_004061f0	10	3	0	0	18	championship:boot;course_season:boot;golfer_events:boot;sandbox_basic:boot	
golf_clean.exe	004378e0	FUN_004378e0	10	3	0	0	18	championship:boot;course_season:boot;golfer_events:boot;sandbox_basic:boot	
golf_clean.exe	004385a0	FUN_004385a0	10	3	0	0	18	championship:boot;course_season:boot;golfer_events:boot;sandbox_basic:boot	
golf_clean.exe	0043cc70	FUN_0043cc70	10	3	0	0	18	championship:boot;course_season:boot;golfer_events:boot;sandbox_basic:boot	
golf_clean.exe	0043ccb0	FUN_0043ccb0	10	3	0	0	18	championship:boot;course_season:boot;golfer_events:boot;sandbox_basic:boot	
golf_clean.exe	0043d4e0	FUN_0043d4e0	10	3	0	0	18	championship:boot;course_season:boot;golfer_events:boot;sandbox_basic:boot	
golf_clean.exe	0043d640	FUN_0043d640	10	3	0	0	18	championship:boot;course_season:boot;golfer_events:boot;sandbox_basic:boot	
golf_clean.exe	004491c0	FUN_004491c0	10	3	0	0	18	championship:boot;course_season:boot;golfer_events:boot;sandbox_basic:boot	
golf_clean.exe	0044ad80	FUN_0044ad80	10	3	0	0	18	championship:boot;course_season:boot;golfer_events:boot;sandbox_basic:boot	
golf_clean.exe	0044add0	FUN_0044add0	10	3	0	0	18	championship:boot;course_season:boot;golfer_events:boot;sandbox_basic:boot	
golf_clean.exe	0044aec0	FUN_0044aec0	10	3	0	0	18	championship:boot;course_season:boot;golfer_events:boot;sandbox_basic:boot	
golf_clean.exe	0044af00	FUN_0044af00	10	3	0	0	18	championship:boot;course_season:boot;golfer_events:boot;sandbox_basic:boot	
golf_clean.exe	0044af40	FUN_0044af40	10	3	0	0	18	championship:boot;course_season:boot;golfer_events:boot;sandbox_basic:boot	
golf_clean.exe	0044af80	FUN_0044af80	10	3	0	0	18	championship:boot;course_season:boot;golfer_events:boot;sandbox_basic:boot	
golf_clean.exe	0044b100	FUN_0044b100	10	3	0	0	18	championship:boot;course_season:boot;golfer_events:boot;sandbox_basic:boot	
golf_clean.exe	0044b140	FUN_0044b140	10	3	0	0	18	championship:boot;course_season:boot;golfer_events:boot;sandbox_basic:boot	
golf_clean.exe	0044b180	FUN_0044b180	10	3	0	0	18	championship:boot;course_season:boot;golfer_events:boot;sandbox_basic:boot	
golf_clean.exe	0044b3b0	FUN_0044b3b0	10	3	0	0	18	championship:boot;course_season:boot;golfer_events:boot;sandbox_basic:boot	
golf_clean.exe	0044b4c0	FUN_0044b4c0	10	3	0	0	18	championship:boot;course_season:boot;golfer_events:boot;sandbox_basic:boot	
golf_clean.exe	0044b660	FUN_0044b660	10	3	0	0	18	championship:boot;course_season:boot;golfer_events:boot;sandbox_basic:boot	
golf_clean.exe	0044b760	FUN_0044b760	10	3	0	0	18	championship:boot;course_season:boot;golfer_events:boot;sandbox_basic:boot	
golf_clean.exe	0045ba60	FUN_0045ba60	10	3	0	0	18	championship:boot;course_season:boot;golfer_events:boot;sandbox_basic:boot	
golf_clean.exe	0045bab0	FUN_0045bab0	10	3	0	0	18	championship:boot;course_season:boot;golfer_events:boot;sandbox_basic:boot	
golf_clean.exe	0046de40	FUN_0046de40	10	3	0	0	18	championship:boot;course_season:boot;golfer_events:boot;sandbox_basic:boot	
golf_clean.exe	00473a70	FUN_00473a70	10	3	0	0	18	championship:boot;course_season:boot;golfer_events:boot;sandbox_basic:boot	
golf_clean.exe	00474a90	FUN_00474a90	10	3	0	0	18	championship:boot;course_season:boot;golfer_events:boot;sandbox_basic:boot	
golf_clean.exe	004799f0	FUN_004799f0	10	3	0	0	18	championship:boot;course_season:boot;golfer_events:boot;sandbox_basic:boot	
golf_clean.exe	00479a40	FUN_00479a40	10	3	0	0	18	championship:boot;course_season:boot;golfer_events:boot;sandbox_basic:boot	
golf_clean.exe	0047d840	FUN_0047d840	10	3	0	0	18	championship:boot;course_season:boot;golfer_events:boot;sandbox_basic:boot	
golf_clean.exe	00482e80	FUN_00482e80	10	3	0	0	18	championship:boot;course_season:boot;golfer_events:boot;sandbox_basic:boot	
golf_clean.exe	00482ec0	FUN_00482ec0	10	3	0	0	18	championship:boot;course_season:boot;golfer_events:boot;sandbox_basic:boot	
golf_clean.exe	004837b0	FUN_004837b0	10	3	0	0	18	championship:boot;course_season:boot;golfer_events:boot;sandbox_basic:boot	
golf_clean.exe	00483de0	FUN_00483de0	10	3	0	0	18	championship:boot;course_season:boot;golfer_events:boot;sandbox_basic:boot	
golf_clean.exe	00483e20	FUN_00483e20	10	3	0	0	18	championship:boot;course_season:boot;golfer_events:boot;sandbox_basic:boot	
golf_clean.exe	00483e60	FUN_00483e60	10	3	0	0	18	championship:boot;course_season:boot;golfer_events:boot;sandbox_basic:boot	
golf_clean.exe	00487050	FUN_00487050	10	3	0	0	18	championship:boot;course_season:boot;golfer_events:boot;sandbox_basic:boot	
golf_clean.exe	00487e90	FUN_00487e90	10	3	0	0	18	championship:boot;course_season:boot;golfer_events:boot;sandbox_basic:boot	
golf_clean.exe	0049bff0	FUN_0049bff0	10	3	0	0	18	championship:boot;course_season:boot;golfer_events:boot;sandbox_basic:boot	
golf_clean.exe	0049d010	FUN_0049d010	10	3	0	0	18	championship:boot;course_season:boot;golfer_events:boot;sandbox_basic:boot	
golf_clean.exe	0049d160	FUN_0049d160	10	3	0	0	18	championship:boot;course_season:boot;golfer_events:boot;sandbox_basic:boot	
golf_clean.exe	0049d2a0	FUN_0049d2a0	10	3	0	0	18	championship:boot;course_season:boot;golfer_events:boot;sandbox_basic:boot	
golf_clean.exe	0049d300	FUN_0049d300	10	3	0	0	18	championship:boot;course_season:boot;golfer_events:boot;sandbox_basic:boot	
golf_clean.exe	0049d360	FUN_0049d360	10	3	0	0	18	championship:boot;course_season:boot;golfer_events:boot;sandbox_basic:boot	
golf_clean.exe	0049d490	FUN_0049d490	10	3	0	0	18	championship:boot;course_season:boot;golfer_events:boot;sandbox_basic:boot	
golf_clean.exe	0049d4f0	FUN_0049d4f0	10	3	0	0	18	championship:boot;course_season:boot;golfer_events:boot;sandbox_basic:boot	
golf_clean.exe	0049d550	FUN_0049d550	10	3	0	0	18	championship:boot;course_season:boot;golfer_events:boot;sandbox_basic:boot	
golf_clean.exe	0049eb00	FUN_0049eb00	10	3	0	0	18	championship:boot;course_season:boot;golfer_events:boot;sandbox_basic:boot	
golf_clean.exe	0049eb60	FUN_0049eb60	10	3	0	0	18	championship:boot;course_season:boot;golfer_events:boot;sandbox_basic:boot	
Terrain.dll	0001a200	FUN_1001a200	10	3	0	0	18	championship:boot;championship:championship_setup;course_season:boot;course_season:build_hole;course_season:sandbox;golfer_events:boot;golfer_events:build_hole;golfer_events:sandbox;sandbox_basic:boot;sandbox_basic:sandbox	
golf_clean.exe	004a51cf	FUN_004a51cf	9	3	0	0	18	championship:boot;course_season:boot;golfer_events:boot;sandbox_basic:boot	
golf_clean.exe	004a51d8	FUN_004a51d8	9	3	0	0	18	championship:boot;course_season:boot;golfer_events:boot;sandbox_basic:boot	
golf_clean.exe	004a910c	FUN_004a910c	9	3	0	0	18	championship:championship_setup;championship:tournament;course_season:build_hole;course_season:sandbox;course_season:season;golfer_events:build_hole;golfer_events:golfer_panel;golfer_events:landmark_inject;golfer_events:season	
golf_clean.exe	004a9115	FUN_004a9115	9	3	0	0	18	championship:championship_setup;championship:tournament;course_season:build_hole;course_season:sandbox;course_season:season;golfer_events:build_hole;golfer_events:golfer_panel;golfer_events:landmark_inject;golfer_events:season	
Terrain.dll	00019164	FUN_10019164	9	3	0	0	18	championship:championship_setup;course_season:sandbox;golfer_events:sandbox;sandbox_basic:sandbox	
Terrain.dll	00019214	FUN_10019214	9	3	0	0	18	championship:championship_setup;course_season:sandbox;golfer_events:sandbox;sandbox_basic:sandbox	
Terrain.dll	000192c4	FUN_100192c4	9	3	0	0	18	championship:championship_setup;course_season:build_hole;course_season:sandbox;golfer_events:build_hole;golfer_events:sandbox;sandbox_basic:sandbox	
golf_clean.exe	004abca0	FUN_004abca0	7	3	0	0	18	championship:boot;course_season:boot;golfer_events:boot;sandbox_basic:boot	
Terrain.dll	00018580	FUN_10018580	7	3	0	0	18	championship:boot;championship:championship_setup;course_season:boot;course_season:sandbox;golfer_events:boot;golfer_events:sandbox;sandbox_basic:boot;sandbox_basic:sandbox	
golf_clean.exe	00492450	FUN_00492450	6	3	0	0	18	championship:boot;course_season:boot;golfer_events:boot;sandbox_basic:boot	
golf_clean.exe	004a4f10	getInstance	6	3	0	0	18	championship:boot;course_season:boot;golfer_events:boot;sandbox_basic:boot	
golf_clean.exe	004a4f16	drawLine	6	3	0	0	18	course_season:build_hole;course_season:season;golfer_events:build_hole;golfer_events:golfer_panel;golfer_events:landmark_inject;golfer_events:season;sandbox_basic:sandbox	
golf_clean.exe	004a4f1c	loadNewCourseType	6	3	0	0	18	championship:championship_setup;course_season:sandbox;golfer_events:sandbox;sandbox_basic:sandbox	
golf_clean.exe	004a4f22	passCollarInfo	6	3	0	0	18	championship:championship_setup;course_season:sandbox;golfer_events:sandbox;sandbox_basic:sandbox	
golf_clean.exe	004a4f28	setType	6	3	0	0	18	championship:championship_setup;course_season:build_hole;course_season:sandbox;golfer_events:build_hole;golfer_events:sandbox;sandbox_basic:sandbox	
golf_clean.exe	004a4f2e	getVariation	6	3	0	0	18	championship:championship_setup;course_season:build_hole;course_season:sandbox;golfer_events:build_hole;golfer_events:sandbox;sandbox_basic:sandbox	
golf_clean.exe	004a4f34	resetTerrain	6	3	0	0	18	championship:championship_setup;course_season:sandbox;golfer_events:sandbox;sandbox_basic:sandbox	
golf_clean.exe	004a4f3a	layPath	6	3	0	0	18	championship:championship_setup;course_season:sandbox;golfer_events:sandbox;sandbox_basic:sandbox	
golf_clean.exe	004a4f40	setWall	6	3	0	0	18	championship:championship_setup;course_season:build_hole;course_season:sandbox;golfer_events:build_hole;golfer_events:sandbox;sandbox_basic:sandbox	
golf_clean.exe	004a4f46	calcNormals	6	3	0	0	18	championship:championship_setup;course_season:sandbox;golfer_events:sandbox;sandbox_basic:sandbox	
golf_clean.exe	004a4f4c	elevateCorner	6	3	0	0	18	championship:championship_setup;course_season:sandbox;golfer_events:build_hole;golfer_events:sandbox;sandbox_basic:sandbox	
golf_clean.exe	004a4f52	initTerrain	6	3	0	0	18	championship:championship_setup;course_season:sandbox;golfer_events:sandbox;sandbox_basic:sandbox	
golf_clean.exe	004a4f58	initSystem	6	3	0	0	18	championship:championship_setup;course_season:sandbox;golfer_events:sandbox;sandbox_basic:sandbox	
golf_clean.exe	004a4f70	localRender	6	3	0	0	18	championship:championship_setup;course_season:build_hole;golfer_events:build_hole	
golf_clean.exe	004a4f82	render	6	3	0	0	18	championship:championship_setup;course_season:sandbox;golfer_events:sandbox;sandbox_basic:sandbox	
golf_clean.exe	004a4fa0	hasPath	6	3	0	0	18	championship:championship_setup;course_season:build_hole;course_season:sandbox;golfer_events:build_hole;golfer_events:sandbox;sandbox_basic:sandbox	
golf_clean.exe	00470a00	thunk_FUN_0046f550	5	3	0	0	18	course_season:sandbox;golfer_events:sandbox;sandbox_basic:sandbox	
golf_clean.exe	00487b00	FUN_00487b00	5	3	0	0	18	championship:boot;course_season:boot;golfer_events:boot;sandbox_basic:boot	
Terrain.dll	00001005	thunk_FUN_1000b430	5	3	0	0	18	championship:championship_setup;course_season:build_hole;golfer_events:build_hole	
Terrain.dll	0000100f	thunk_FUN_1000b690	5	3	0	0	18	championship:championship_setup;course_season:build_hole;golfer_events:build_hole	
Terrain.dll	00001014	setWall	5	3	0	0	18	championship:championship_setup;course_season:build_hole;course_season:sandbox;golfer_events:build_hole;golfer_events:sandbox;sandbox_basic:sandbox	
Terrain.dll	00001019	thunk_FUN_100046a0	5	3	0	0	18	championship:championship_setup;course_season:sandbox;golfer_events:sandbox;sandbox_basic:sandbox	
Terrain.dll	0000101e	thunk_FUN_1000ea30	5	3	0	0	18	championship:championship_setup;course_season:build_hole;course_season:sandbox;golfer_events:build_hole;golfer_events:sandbox;sandbox_basic:sandbox	
Terrain.dll	00001028	thunk_FUN_10013f00	5	3	0	0	18	championship:championship_setup;course_season:build_hole;course_season:sandbox;golfer_events:build_hole;golfer_events:sandbox;sandbox_basic:sandbox	
Terrain.dll	00001032	loadNewCourseType	5	3	0	0	18	championship:championship_setup;course_season:sandbox;golfer_events:sandbox;sandbox_basic:sandbox	
Terrain.dll	00001037	thunk_FUN_10015460	5	3	0	0	18	championship:championship_setup;course_season:build_hole;course_season:sandbox;golfer_events:build_hole;golfer_events:sandbox;sandbox_basic:sandbox	
Terrain.dll	0000103c	thunk_FUN_10013500	5	3	0	0	18	championship:championship_setup;course_season:build_hole;course_season:sandbox;golfer_events:build_hole;golfer_events:sandbox;sandbox_basic:sandbox	
Terrain.dll	00001041	thunk_FUN_1000e6c0	5	3	0	0	18	championship:championship_setup;course_season:build_hole;course_season:sandbox;golfer_events:build_hole;golfer_events:sandbox;sandbox_basic:sandbox	
Terrain.dll	00001046	thunk_FUN_1000b750	5	3	0	0	18	championship:championship_setup;course_season:build_hole;golfer_events:build_hole	
Terrain.dll	0000104b	render	5	3	0	0	18	championship:championship_setup;course_season:sandbox;golfer_events:sandbox;sandbox_basic:sandbox	
Terrain.dll	00001050	thunk_FUN_10015380	5	3	0	0	18	championship:championship_setup;course_season:build_hole;course_season:sandbox;golfer_events:build_hole;golfer_events:sandbox;sandbox_basic:sandbox	
Terrain.dll	00001055	thunk_FUN_1000afe0	5	3	0	0	18	championship:championship_setup;course_season:build_hole;golfer_events:build_hole	
Terrain.dll	0000105a	getVariation	5	3	0	0	18	championship:championship_setup;course_season:build_hole;course_season:sandbox;golfer_events:build_hole;golfer_events:sandbox;sandbox_basic:sandbox	
Terrain.dll	0000105f	thunk_FUN_1000f6e0	5	3	0	0	18	championship:boot;championship:championship_setup;course_season:boot;course_season:sandbox;golfer_events:boot;golfer_events:sandbox;sandbox_basic:boot;sandbox_basic:sandbox	
Terrain.dll	00001069	thunk_FUN_1000bab0	5	3	0	0	18	championship:championship_setup;course_season:build_hole;golfer_events:build_hole	
Terrain.dll	00001078	thunk_FUN_1000b9b0	5	3	0	0	18	championship:championship_setup;course_season:build_hole;golfer_events:build_hole	
Terrain.dll	0000107d	hasPath	5	3	0	0	18	championship:championship_setup;course_season:build_hole;course_season:sandbox;golfer_events:build_hole;golfer_events:sandbox;sandbox_basic:sandbox	
Terrain.dll	00001082	thunk_FUN_100381a0	5	3	0	0	18	championship:championship_setup;course_season:build_hole;golfer_events:build_hole	
Terrain.dll	0000108c	tileAt	5	3	0	0	18	championship:championship_setup;course_season:build_hole;course_season:sandbox;golfer_events:build_hole;golfer_events:sandbox;sandbox_basic:sandbox	
Terrain.dll	00001091	thunk_FUN_1000af70	5	3	0	0	18	championship:championship_setup;course_season:build_hole;golfer_events:build_hole	
Terrain.dll	00001096	thunk_FUN_10013670	5	3	0	0	18	championship:championship_setup;course_season:build_hole;course_season:sandbox;golfer_events:build_hole;golfer_events:sandbox;sandbox_basic:sandbox	
Terrain.dll	000010a0	resetTerrain	5	3	0	0	18	championship:championship_setup;course_season:sandbox;golfer_events:sandbox;sandbox_basic:sandbox	
Terrain.dll	000010aa	thunk_FUN_100153c0	5	3	0	0	18	championship:championship_setup;course_season:build_hole;course_season:sandbox;golfer_events:build_hole;golfer_events:sandbox;sandbox_basic:sandbox	
Terrain.dll	000010af	thunk_FUN_1000b320	5	3	0	0	18	championship:championship_setup;course_season:build_hole;golfer_events:build_hole	
Terrain.dll	000010b4	passCollarInfo	5	3	0	0	18	championship:championship_setup;course_season:sandbox;golfer_events:sandbox;sandbox_basic:sandbox	
Terrain.dll	000010b9	thunk_FUN_10002f80	5	3	0	0	18	championship:championship_setup;course_season:build_hole;course_season:sandbox;golfer_events:build_hole;golfer_events:sandbox;sandbox_basic:sandbox	
Terrain.dll	000010be	thunk_FUN_1000ae60	5	3	0	0	18	championship:boot;course_season:boot;golfer_events:boot;sandbox_basic:boot	
Terrain.dll	000010c3	thunk_FUN_10002060	5	3	0	0	18	championship:championship_setup;course_season:sandbox;golfer_events:sandbox;sandbox_basic:sandbox	
Terrain.dll	000010c8	thunk_FUN_10013fc0	5	3	0	0	18	championship:championship_setup;course_season:sandbox;golfer_events:sandbox;sandbox_basic:sandbox	
Terrain.dll	000010d7	thunk_FUN_1000c560	5	3	0	0	18	championship:championship_setup;course_season:sandbox;golfer_events:sandbox;sandbox_basic:sandbox	
Terrain.dll	000010e1	thunk_FUN_1000b600	5	3	0	0	18	championship:boot;championship:championship_setup;course_season:boot;course_season:build_hole;golfer_events:boot;golfer_events:build_hole;sandbox_basic:boot	
Terrain.dll	000010e6	thunk_FUN_10015340	5	3	0	0	18	championship:championship_setup;course_season:build_hole;course_season:sandbox;golfer_events:build_hole;golfer_events:sandbox;sandbox_basic:sandbox	
Terrain.dll	000010eb	thunk_FUN_10013320	5	3	0	0	18	championship:championship_setup;course_season:build_hole;course_season:sandbox;golfer_events:build_hole;golfer_events:sandbox;sandbox_basic:sandbox	
Terrain.dll	000010f0	thunk_FUN_10003a50	5	3	0	0	18	championship:championship_setup;course_season:sandbox;golfer_events:sandbox;sandbox_basic:sandbox	
Terrain.dll	000010f5	thunk_FUN_10012cf0	5	3	0	0	18	championship:championship_setup;course_season:build_hole;course_season:sandbox;golfer_events:build_hole;golfer_events:sandbox;sandbox_basic:sandbox	
Terrain.dll	000010fa	thunk_FUN_1000c7b0	5	3	0	0	18	championship:championship_setup;course_season:sandbox;golfer_events:build_hole;golfer_events:sandbox;sandbox_basic:sandbox	
Terrain.dll	00001104	thunk_FUN_10015500	5	3	0	0	18	championship:championship_setup;course_season:build_hole;course_season:sandbox;golfer_events:build_hole;golfer_events:sandbox;sandbox_basic:sandbox	
Terrain.dll	00001109	thunk_FUN_10001b60	5	3	0	0	18	championship:boot;championship:championship_setup;course_season:boot;course_season:sandbox;golfer_events:boot;golfer_events:sandbox;sandbox_basic:boot;sandbox_basic:sandbox	
Terrain.dll	0000110e	thunk_FUN_10003f80	5	3	0	0	18	championship:championship_setup;course_season:sandbox;golfer_events:sandbox;sandbox_basic:sandbox	
Terrain.dll	00001113	thunk_FUN_1000c520	5	3	0	0	18	championship:championship_setup;course_season:sandbox;golfer_events:sandbox;sandbox_basic:sandbox	
Terrain.dll	0000111d	thunk_FUN_10015650	5	3	0	0	18	championship:championship_setup;course_season:build_hole;course_season:sandbox;golfer_events:build_hole;golfer_events:sandbox;sandbox_basic:sandbox	
Terrain.dll	0000112c	thunk_FUN_10002510	5	3	0	0	18	championship:championship_setup;course_season:sandbox;golfer_events:sandbox;sandbox_basic:sandbox	
Terrain.dll	00001136	getInstance	5	3	0	0	18	championship:boot;course_season:boot;golfer_events:boot;sandbox_basic:boot	
Terrain.dll	0000113b	thunk_FUN_1000f690	5	3	0	0	18	championship:boot;course_season:boot;golfer_events:boot;sandbox_basic:boot	
Terrain.dll	00001140	thunk_FUN_1000b3d0	5	3	0	0	18	championship:championship_setup;course_season:build_hole;golfer_events:build_hole	
Terrain.dll	00001145	thunk_FUN_10006810	5	3	0	0	18	championship:championship_setup;course_season:build_hole;course_season:sandbox;golfer_events:build_hole;golfer_events:sandbox;sandbox_basic:sandbox	
Terrain.dll	00001159	thunk_FUN_1000b630	5	3	0	0	18	championship:boot;championship:championship_setup;course_season:boot;course_season:build_hole;golfer_events:boot;golfer_events:build_hole;sandbox_basic:boot	
Terrain.dll	0000115e	thunk_FUN_1000b710	5	3	0	0	18	championship:championship_setup;course_season:build_hole;golfer_events:build_hole	
Terrain.dll	00001163	thunk_FUN_10003270	5	3	0	0	18	championship:championship_setup;course_season:sandbox;golfer_events:sandbox;sandbox_basic:sandbox	
Terrain.dll	0000116d	thunk_FUN_10012ec0	5	3	0	0	18	championship:championship_setup;course_season:build_hole;course_season:sandbox;golfer_events:build_hole;golfer_events:sandbox;sandbox_basic:sandbox	
Terrain.dll	00001172	thunk_FUN_10037930	5	3	0	0	18	championship:championship_setup;course_season:sandbox;golfer_events:sandbox;sandbox_basic:sandbox	
Terrain.dll	00001177	thunk_FUN_1000bbd0	5	3	0	0	18	championship:boot;championship:championship_setup;course_season:boot;course_season:sandbox;golfer_events:boot;golfer_events:sandbox;sandbox_basic:boot;sandbox_basic:sandbox	
Terrain.dll	0000117c	localRender	5	3	0	0	18	championship:championship_setup;course_season:build_hole;golfer_events:build_hole	
Terrain.dll	00001181	thunk_FUN_1000a130	5	3	0	0	18	championship:championship_setup;course_season:sandbox;golfer_events:sandbox;sandbox_basic:sandbox	
Terrain.dll	0000118b	thunk_FUN_1000bb40	5	3	0	0	18	championship:championship_setup;course_season:build_hole;golfer_events:build_hole	
Terrain.dll	00001190	thunk_FUN_10001880	5	3	0	0	18	championship:championship_setup;course_season:sandbox;golfer_events:sandbox;sandbox_basic:sandbox	
Terrain.dll	00001195	thunk_FUN_1000be30	5	3	0	0	18	championship:boot;championship:championship_setup;course_season:boot;course_season:sandbox;golfer_events:boot;golfer_events:sandbox;sandbox_basic:boot;sandbox_basic:sandbox	
Terrain.dll	0000119a	thunk_FUN_10001f60	5	3	0	0	18	championship:championship_setup;course_season:build_hole;course_season:sandbox;golfer_events:build_hole;golfer_events:sandbox;sandbox_basic:sandbox	
Terrain.dll	0000119f	thunk_FUN_1000c2c0	5	3	0	0	18	championship:boot;championship:championship_setup;course_season:boot;course_season:sandbox;golfer_events:boot;golfer_events:sandbox;sandbox_basic:boot;sandbox_basic:sandbox	
Terrain.dll	000011a4	thunk_FUN_10001fa0	5	3	0	0	18	championship:boot;course_season:boot;golfer_events:boot;sandbox_basic:boot	
Terrain.dll	000011a9	thunk_FUN_10037c80	5	3	0	0	18	championship:championship_setup;course_season:build_hole;course_season:sandbox;golfer_events:build_hole;golfer_events:sandbox;sandbox_basic:sandbox	
Terrain.dll	000011ae	thunk_FUN_1000f750	5	3	0	0	18	championship:boot;course_season:boot;golfer_events:boot;sandbox_basic:boot	
Terrain.dll	000011b3	drawLine	5	3	0	0	18	course_season:build_hole;course_season:season;golfer_events:build_hole;golfer_events:golfer_panel;golfer_events:landmark_inject;golfer_events:season;sandbox_basic:sandbox	
Terrain.dll	000011b8	thunk_FUN_10010590	5	3	0	0	18	championship:championship_setup;course_season:sandbox;golfer_events:sandbox;sandbox_basic:sandbox	
Terrain.dll	000011c7	thunk_FUN_1000f7a0	5	3	0	0	18	championship:boot;championship:championship_setup;course_season:boot;course_season:sandbox;golfer_events:boot;golfer_events:sandbox;sandbox_basic:boot;sandbox_basic:sandbox	
Terrain.dll	000011cc	thunk_FUN_1000b5b0	5	3	0	0	18	championship:championship_setup;course_season:build_hole;golfer_events:build_hole	
Terrain.dll	000011d1	thunk_FUN_10015400	5	3	0	0	18	championship:championship_setup;course_season:build_hole;course_season:sandbox;golfer_events:build_hole;golfer_events:sandbox;sandbox_basic:sandbox	
Terrain.dll	000011d6	thunk_FUN_100032b0	5	3	0	0	18	championship:championship_setup;course_season:sandbox;golfer_events:sandbox;sandbox_basic:sandbox	
Terrain.dll	000011db	thunk_FUN_1000b280	5	3	0	0	18	championship:championship_setup;course_season:build_hole;golfer_events:build_hole	
Terrain.dll	000011e5	thunk_FUN_1000b210	5	3	0	0	18	championship:championship_setup;course_season:build_hole;golfer_events:build_hole	
Terrain.dll	000011ef	thunk_FUN_1000b470	5	3	0	0	18	championship:championship_setup;course_season:build_hole;golfer_events:build_hole	
Terrain.dll	000011f4	thunk_FUN_10013ff0	5	3	0	0	18	championship:championship_setup;course_season:sandbox;golfer_events:sandbox;sandbox_basic:sandbox	
Terrain.dll	000011f9	thunk_FUN_1000b090	5	3	0	0	18	championship:championship_setup;course_season:build_hole;golfer_events:build_hole	
Terrain.dll	000011fe	thunk_FUN_1000b6e0	5	3	0	0	18	championship:championship_setup;course_season:build_hole;golfer_events:build_hole	
Terrain.dll	00001212	thunk_FUN_10007380	5	3	0	0	18	championship:championship_setup;course_season:build_hole;golfer_events:build_hole	
Terrain.dll	0000121c	setType	5	3	0	0	18	championship:championship_setup;course_season:build_hole;course_season:sandbox;golfer_events:build_hole;golfer_events:sandbox;sandbox_basic:sandbox	
Terrain.dll	00001221	thunk_FUN_1000b7a0	5	3	0	0	18	championship:championship_setup;course_season:build_hole;golfer_events:build_hole	
Terrain.dll	00001226	thunk_FUN_1000b800	5	3	0	0	18	championship:championship_setup;course_season:build_hole;golfer_events:build_hole	
Terrain.dll	0000122b	thunk_FUN_100076e0	5	3	0	0	18	championship:boot;championship:championship_setup;course_season:boot;course_season:sandbox;golfer_events:boot;golfer_events:sandbox;sandbox_basic:boot;sandbox_basic:sandbox	
Terrain.dll	00001235	thunk_FUN_10014020	5	3	0	0	18	championship:championship_setup;course_season:build_hole;course_season:sandbox;golfer_events:build_hole;golfer_events:sandbox;sandbox_basic:sandbox	
Terrain.dll	0000123a	thunk_FUN_1000b9f0	5	3	0	0	18	championship:championship_setup;course_season:build_hole;golfer_events:build_hole	
Terrain.dll	0000123f	thunk_FUN_1000b040	5	3	0	0	18	championship:championship_setup;course_season:build_hole;golfer_events:build_hole	
Terrain.dll	00001249	thunk_FUN_100037e0	5	3	0	0	18	championship:championship_setup;course_season:sandbox;golfer_events:sandbox;sandbox_basic:sandbox	
Terrain.dll	00001253	thunk_FUN_1000adc0	5	3	0	0	18	championship:championship_setup;course_season:build_hole;course_season:sandbox;golfer_events:build_hole;golfer_events:sandbox;sandbox_basic:sandbox	
Terrain.dll	00001258	thunk_FUN_1000d480	5	3	0	0	18	championship:championship_setup;course_season:build_hole;course_season:sandbox;golfer_events:build_hole;golfer_events:sandbox;sandbox_basic:sandbox	
Terrain.dll	00001262	thunk_FUN_10013dd0	5	3	0	0	18	championship:championship_setup;course_season:build_hole;course_season:sandbox;golfer_events:build_hole;golfer_events:sandbox;sandbox_basic:sandbox	
Terrain.dll	00001267	thunk_FUN_1000bae0	5	3	0	0	18	championship:boot;championship:championship_setup;course_season:boot;course_season:build_hole;golfer_events:boot;golfer_events:build_hole;sandbox_basic:boot	
Terrain.dll	0000126c	thunk_FUN_1000b2d0	5	3	0	0	18	championship:championship_setup;course_season:build_hole;golfer_events:build_hole	
Terrain.dll	00001271	thunk_FUN_1000b660	5	3	0	0	18	championship:championship_setup;course_season:build_hole;golfer_events:build_hole	
Terrain.dll	00001276	thunk_FUN_1000b910	5	3	0	0	18	championship:boot;championship:championship_setup;course_season:boot;course_season:build_hole;golfer_events:boot;golfer_events:build_hole;sandbox_basic:boot	
Terrain.dll	0000127b	thunk_FUN_100018b0	5	3	0	0	18	championship:championship_setup;course_season:sandbox;golfer_events:sandbox;sandbox_basic:sandbox	
Terrain.dll	00001285	thunk_FUN_100154a0	5	3	0	0	18	championship:championship_setup;course_season:build_hole;course_season:sandbox;golfer_events:build_hole;golfer_events:sandbox;sandbox_basic:sandbox	
Terrain.dll	0000128a	thunk_FUN_10013400	5	3	0	0	18	championship:championship_setup;course_season:sandbox;golfer_events:sandbox;sandbox_basic:sandbox	
Terrain.dll	0000128f	thunk_FUN_1000b380	5	3	0	0	18	championship:championship_setup;course_season:build_hole;golfer_events:build_hole	
Terrain.dll	0000129e	thunk_FUN_1000b500	5	3	0	0	18	championship:boot;championship:championship_setup;course_season:boot;course_season:build_hole;golfer_events:boot;golfer_events:build_hole;sandbox_basic:boot	
Terrain.dll	000012a8	thunk_FUN_1000b100	5	3	0	0	18	championship:championship_setup;course_season:build_hole;golfer_events:build_hole	
Terrain.dll	000012ad	thunk_FUN_10005960	5	3	0	0	18	championship:championship_setup;course_season:build_hole;course_season:sandbox;golfer_events:build_hole;golfer_events:sandbox;sandbox_basic:sandbox	
Terrain.dll	000012b2	thunk_FUN_1000f7f0	5	3	0	0	18	championship:championship_setup;course_season:build_hole;course_season:sandbox;golfer_events:build_hole;golfer_events:sandbox;sandbox_basic:sandbox	
Terrain.dll	000012b7	thunk_FUN_10002010	5	3	0	0	18	championship:championship_setup;course_season:sandbox;golfer_events:sandbox;sandbox_basic:sandbox	
Terrain.dll	000012bc	getWall	5	3	0	0	18	championship:championship_setup;course_season:build_hole;golfer_events:build_hole	
Terrain.dll	000012c1	layPath	5	3	0	0	18	championship:championship_setup;course_season:sandbox;golfer_events:sandbox;sandbox_basic:sandbox	
Terrain.dll	000012c6	thunk_FUN_10011d60	5	3	0	0	18	championship:championship_setup;course_season:build_hole;course_season:sandbox;golfer_events:build_hole;golfer_events:sandbox;sandbox_basic:sandbox	
Terrain.dll	000012cb	initTerrain	5	3	0	0	18	championship:championship_setup;course_season:sandbox;golfer_events:sandbox;sandbox_basic:sandbox	
Terrain.dll	000012d5	thunk_FUN_10002ae0	5	3	0	0	18	championship:boot;course_season:boot;golfer_events:boot;sandbox_basic:boot	
Terrain.dll	000012da	thunk_FUN_10001ed0	5	3	0	0	18	championship:championship_setup;course_season:build_hole;golfer_events:build_hole	
Terrain.dll	000012df	thunk_FUN_100016a0	5	3	0	0	18	championship:boot;championship:championship_setup;course_season:boot;course_season:sandbox;golfer_events:boot;golfer_events:sandbox;sandbox_basic:boot;sandbox_basic:sandbox	
Terrain.dll	000012e4	initSystem	5	3	0	0	18	championship:championship_setup;course_season:sandbox;golfer_events:sandbox;sandbox_basic:sandbox	
Terrain.dll	000012e9	thunk_FUN_10015230	5	3	0	0	18	championship:championship_setup;course_season:build_hole;golfer_events:build_hole	
Terrain.dll	000012ee	thunk_FUN_100380a0	5	3	0	0	18	championship:championship_setup;course_season:sandbox;golfer_events:sandbox;sandbox_basic:sandbox	
Terrain.dll	000012f3	thunk_FUN_100033e0	5	3	0	0	18	championship:championship_setup;course_season:sandbox;golfer_events:sandbox;sandbox_basic:sandbox	
Terrain.dll	000012f8	resize	5	3	0	0	18	championship:championship_setup;course_season:sandbox;golfer_events:sandbox;sandbox_basic:sandbox	
Terrain.dll	000012fd	thunk_FUN_10006dd0	5	3	0	0	18	championship:championship_setup;course_season:sandbox;golfer_events:sandbox;sandbox_basic:sandbox	
Terrain.dll	00001307	calcNormals	5	3	0	0	18	championship:championship_setup;course_season:sandbox;golfer_events:sandbox;sandbox_basic:sandbox	
Terrain.dll	0000130c	thunk_FUN_10003980	5	3	0	0	18	championship:championship_setup;course_season:sandbox;golfer_events:sandbox;sandbox_basic:sandbox	
Terrain.dll	00001316	thunk_FUN_10006850	5	3	0	0	18	championship:championship_setup;course_season:build_hole;course_season:sandbox;golfer_events:build_hole;golfer_events:sandbox;sandbox_basic:sandbox	
Terrain.dll	0000131b	thunk_FUN_10011ef0	5	3	0	0	18	championship:championship_setup;course_season:build_hole;course_season:sandbox;golfer_events:build_hole;golfer_events:sandbox;sandbox_basic:sandbox	
Terrain.dll	00001320	thunk_FUN_1000ba40	5	3	0	0	18	championship:championship_setup;course_season:build_hole;golfer_events:build_hole	
Terrain.dll	0000132f	thunk_FUN_10012e70	5	3	0	0	18	championship:boot;championship:championship_setup;course_season:boot;course_season:sandbox;golfer_events:boot;golfer_events:sandbox;sandbox_basic:boot;sandbox_basic:sandbox	
Terrain.dll	00001334	thunk_FUN_1000b960	5	3	0	0	18	championship:championship_setup;course_season:build_hole;golfer_events:build_hole	
Terrain.dll	0000133e	elevateCorner	5	3	0	0	18	championship:championship_setup;course_season:sandbox;golfer_events:build_hole;golfer_events:sandbox;sandbox_basic:sandbox	
golf_clean.exe	00402190	FUN_00402190	3	3	0	0	18	championship:tournament;course_season:season;golfer_events:golfer_panel;golfer_events:season;sandbox_basic:sandbox	
golf_clean.exe	004b04b0	FUN_004b04b0	3	3	0	0	18	championship:boot;course_season:boot;golfer_events:boot;sandbox_basic:boot	
golf_clean.exe	004a0890	FUN_004a0890	1	3	0	0	18	championship:boot;championship:championship_setup;championship:tournament;course_season:boot;course_season:build_hole;course_season:sandbox;course_season:season;golfer_events:boot;golfer_events:build_hole;golfer_events:golfer_panel;golfer_events:landmark_inject;golfer_events:sandbox;golfer_events:season;sandbox_basic:boot;sandbox_basic:sandbox	
golf_clean.exe	00432720	OptionsMenuBuild	1026	3	1	0	15	course_season:build_hole;golfer_events:build_hole;sandbox_basic:sandbox	
golf_clean.exe	0045a090	FUN_0045a090	3467	2	0	0	12	championship:championship_setup;championship:tournament	
golf_clean.exe	0040e720	FUN_0040e720	2614	2	0	0	12	course_season:build_hole;golfer_events:build_hole	
golf_clean.exe	004362f0	FUN_004362f0	2014	2	0	0	12	championship:championship_setup;championship:tournament	
Terrain.dll	00038900	FUN_10038900	1638	2	0	0	12	course_season:build_hole;golfer_events:build_hole	
Terrain.dll	0000ccc0	FUN_1000ccc0	1555	2	0	0	12	course_season:build_hole;golfer_events:build_hole	
golf_clean.exe	00405e30	FUN_00405e30	616	2	0	0	12	course_season:build_hole;golfer_events:build_hole	
golf_clean.exe	00435f00	FUN_00435f00	348	2	0	0	12	championship:championship_setup;championship:tournament	
golf_clean.exe	00433040	FUN_00433040	332	2	0	0	12	course_season:build_hole;golfer_events:build_hole	
golf_clean.exe	00406c30	FUN_00406c30	275	2	0	0	12	course_season:build_hole;golfer_events:build_hole	
golf_clean.exe	00407c60	FUN_00407c60	194	2	0	0	12	golfer_events:golfer_panel;sandbox_basic:sandbox	
golf_clean.exe	0045c0c0	FUN_0045c0c0	142	2	0	0	12	course_season:season;golfer_events:season	
golf_clean.exe	0040c6f0	FUN_0040c6f0	46	2	0	0	12	course_season:build_hole;golfer_events:build_hole	
golf_clean.exe	0040a130	FUN_0040a130	38	2	0	0	12	course_season:build_hole;golfer_events:build_hole	
golf_clean.exe	004a4f76	calcAllNormals	6	2	0	0	12	course_season:build_hole;golfer_events:build_hole	
golf_clean.exe	004a4f88	lowerEdgeCorner	6	2	0	0	12	course_season:build_hole;golfer_events:build_hole	
golf_clean.exe	004a4f8e	lowerCorner	6	2	0	0	12	course_season:build_hole;golfer_events:build_hole	
Terrain.dll	000010d2	calcAllNormals	5	2	0	0	12	course_season:build_hole;golfer_events:build_hole	
Terrain.dll	000010dc	thunk_FUN_1000ccc0	5	2	0	0	12	course_season:build_hole;golfer_events:build_hole	
Terrain.dll	00001118	thunk_FUN_10038900	5	2	0	0	12	course_season:build_hole;golfer_events:build_hole	
Terrain.dll	00001127	lowerCorner	5	2	0	0	12	course_season:build_hole;golfer_events:build_hole	
Terrain.dll	00001154	lowerEdgeCorner	5	2	0	0	12	course_season:build_hole;golfer_events:build_hole	
Terrain.dll	00005990	?render@Terrain@@QAE_NPAVTile@@M@Z	1279	3	0	3	9	championship:championship_setup;course_season:sandbox;golfer_events:sandbox;sandbox_basic:sandbox	log/diff/00005990_Terrain_Terrain_render.match.csv
Terrain.dll	000089e0	?localRender@Terrain@@QAEXPAVTile@@0M@Z	1200	3	0	3	9	championship:championship_setup;course_season:build_hole;golfer_events:build_hole	log/diff/000089e0_Terrain_Terrain_localRender.match.csv
Terrain.dll	000048a0	?drawLine@Terrain@@QAEXHHHHHHH@Z	734	3	0	3	9	course_season:build_hole;course_season:season;golfer_events:build_hole;golfer_events:golfer_panel;golfer_events:landmark_inject;golfer_events:season;sandbox_basic:sandbox	log/diff/000048a0_Terrain_Terrain_drawLine.match.csv
Terrain.dll	00009ed0	?resize@Terrain@@QAEXHH@Z	487	3	0	3	9	championship:championship_setup;course_season:sandbox;golfer_events:sandbox;sandbox_basic:sandbox	log/diff/00009ed0_Terrain_Terrain_resize.match.csv
Terrain.dll	00009c80	?initSystem@Terrain@@QAEXHHPAUHDC__@@_N@Z	486	3	0	3	9	championship:championship_setup;course_season:sandbox;golfer_events:sandbox;sandbox_basic:sandbox	log/diff/00009c80_Terrain_Terrain_initSystem.match.csv
Terrain.dll	0000aa10	?resetTerrain@Terrain@@QAEXXZ	224	3	0	3	9	championship:championship_setup;course_season:sandbox;golfer_events:sandbox;sandbox_basic:sandbox	log/diff/0000aa10_Terrain_Terrain_resetTerrain.match.csv
Terrain.dll	0000a880	?passCollarInfo@Terrain@@QAEXQAHH@Z	182	3	0	3	9	championship:championship_setup;course_season:sandbox;golfer_events:sandbox;sandbox_basic:sandbox	log/diff/0000a880_Terrain_Terrain_passCollarInfo.match.csv
Terrain.dll	000031a0	?getInstance@Terrain@@SAPAV1@XZ	161	3	0	3	9	championship:boot;course_season:boot;golfer_events:boot;sandbox_basic:boot	log/diff/000031a0_Terrain_Terrain_getInstance.match.csv
Terrain.dll	000032f0	?setType@Terrain@@QAEXPAVTile@@HH@Z	128	3	0	3	9	championship:championship_setup;course_season:build_hole;course_season:sandbox;golfer_events:build_hole;golfer_events:sandbox;sandbox_basic:sandbox	log/diff/000032f0_Terrain_Terrain_setType.match.csv
Terrain.dll	0000a970	?initTerrain@Terrain@@QAEXXZ	118	3	0	3	9	championship:championship_setup;course_season:sandbox;golfer_events:sandbox;sandbox_basic:sandbox	log/diff/0000a970_Terrain_Terrain_initTerrain.match.csv
Terrain.dll	00001af0	?loadNewCourseType@Terrain@@QAEXH@Z	91	3	0	3	9	championship:championship_setup;course_season:sandbox;golfer_events:sandbox;sandbox_basic:sandbox	log/diff/00001af0_Terrain_Terrain_loadNewCourseType.match.csv
Terrain.dll	0000a3e0	?layPath@Terrain@@QAEXPAVTile@@HH@Z	84	3	0	3	9	championship:championship_setup;course_season:sandbox;golfer_events:sandbox;sandbox_basic:sandbox	log/diff/0000a3e0_Terrain_Terrain_layPath.match.csv
Terrain.dll	0000a560	?setWall@Terrain@@QAEXPAVTile@@HH_N@Z	68	3	0	3	9	championship:championship_setup;course_season:build_hole;course_season:sandbox;golfer_events:build_hole;golfer_events:sandbox;sandbox_basic:sandbox	log/diff/0000a560_Terrain_Terrain_setWall.match.csv
Terrain.dll	0000a5c0	?elevateCorner@Terrain@@QAEXPAVTile@@H@Z	66	3	0	3	9	championship:championship_setup;course_season:sandbox;golfer_events:build_hole;golfer_events:sandbox;sandbox_basic:sandbox	log/diff/0000a5c0_Terrain_Terrain_elevateCorner.match.csv
Terrain.dll	0000a6f0	?calcNormals@Terrain@@QAEXPAVTile@@@Z	62	3	0	3	9	championship:championship_setup;course_season:sandbox;golfer_events:sandbox;sandbox_basic:sandbox	log/diff/0000a6f0_Terrain_Terrain_calcNormals.match.csv
Terrain.dll	00001e80	?getWall@Terrain@@QAE_NPAVTile@@H@Z	60	3	0	3	9	championship:championship_setup;course_season:build_hole;golfer_events:build_hole	log/diff/00001e80_Terrain_Terrain_getWall.match.csv
Terrain.dll	00003390	?getVariation@Terrain@@QAEHPAVTile@@@Z	59	3	0	3	9	championship:championship_setup;course_season:build_hole;course_season:sandbox;golfer_events:build_hole;golfer_events:sandbox;sandbox_basic:sandbox	log/diff/00003390_Terrain_Terrain_getVariation.match.csv
Terrain.dll	0000a510	?hasPath@Terrain@@QAE_NPAVTile@@@Z	56	3	0	3	9	championship:championship_setup;course_season:build_hole;course_season:sandbox;golfer_events:build_hole;golfer_events:sandbox;sandbox_basic:sandbox	log/diff/0000a510_Terrain_Terrain_hasPath.match.csv
golf_clean.exe	00407e00	FUN_00407e00	6107	1	0	0	6	course_season:season	
golf_clean.exe	0043b610	FUN_0043b610	5408	1	0	0	6	championship:championship_setup	
golf_clean.exe	0043a8c0	FUN_0043a8c0	3374	1	0	0	6	championship:championship_setup	
golf_clean.exe	0046c970	FUN_0046c970	1729	1	0	0	6	championship:championship_setup	
golf_clean.exe	00434350	FUN_00434350	1537	1	0	0	6	sandbox_basic:sandbox	
golf_clean.exe	00473470	FUN_00473470	1509	1	0	0	6	course_season:season	
golf_clean.exe	00406670	FUN_00406670	1467	1	0	0	6	course_season:season	
golf_clean.exe	0046d200	FUN_0046d200	1246	1	0	0	6	championship:championship_setup	
golf_clean.exe	0043a400	FUN_0043a400	1215	1	0	0	6	championship:championship_setup	
golf_clean.exe	00407700	FUN_00407700	996	1	0	0	6	course_season:season	
golf_clean.exe	0040bbf0	FUN_0040bbf0	778	1	0	0	6	championship:championship_setup	
golf_clean.exe	00460df0	FUN_00460df0	759	1	0	0	6	course_season:season	
golf_clean.exe	004074a0	FUN_004074a0	521	1	0	0	6	golfer_events:landmark_inject	
golf_clean.exe	004732d0	FUN_004732d0	409	1	0	0	6	course_season:season	
golf_clean.exe	0040b840	FUN_0040b840	358	1	0	0	6	championship:championship_setup	
golf_clean.exe	0040de70	FUN_0040de70	266	1	0	0	6	golfer_events:golfer_panel	
Terrain.dll	00003830	FUN_10003830	257	1	0	0	6	course_season:build_hole	
Terrain.dll	0000a740	?calcAllNormals@Terrain@@QAEXPAVTile@@@Z	201	2	0	3	6	course_season:build_hole;golfer_events:build_hole	log/diff/0000a740_Terrain_Terrain_calcAllNormals.match.csv
golf_clean.exe	00407280	FUN_00407280	192	1	0	0	6	course_season:season	
golf_clean.exe	00477fc0	FUN_00477fc0	177	1	0	0	6	course_season:season	
golf_clean.exe	0043d520	FUN_0043d520	171	1	0	0	6	championship:championship_setup	
golf_clean.exe	00478140	FUN_00478140	169	1	0	0	6	course_season:season	
golf_clean.exe	0040a9a0	FUN_0040a9a0	161	1	0	0	6	course_season:season	
golf_clean.exe	004340a0	FUN_004340a0	151	1	0	0	6	sandbox_basic:sandbox	
golf_clean.exe	0043d670	FUN_0043d670	118	1	0	0	6	championship:championship_setup	
golf_clean.exe	004a9620	FUN_004a9620	115	1	0	0	6	championship:championship_setup	
golf_clean.exe	004a95bb	FUN_004a95bb	101	1	0	0	6	championship:championship_setup	
golf_clean.exe	0046ddd0	FUN_0046ddd0	96	1	0	0	6	championship:championship_setup	
golf_clean.exe	0043d5d0	FUN_0043d5d0	95	1	0	0	6	championship:championship_setup	
Terrain.dll	0000a680	?lowerEdgeCorner@Terrain@@QAEXPAVTile@@H0M@Z	86	2	0	3	6	course_season:build_hole;golfer_events:build_hole	log/diff/0000a680_Terrain_Terrain_lowerEdgeCorner.match.csv
golf_clean.exe	00476700	FUN_00476700	80	1	0	0	6	course_season:season	
golf_clean.exe	00476750	FUN_00476750	80	1	0	0	6	course_season:season	
Terrain.dll	0000a620	?lowerCorner@Terrain@@QAEXPAVTile@@H@Z	66	2	0	3	6	course_season:build_hole;golfer_events:build_hole	log/diff/0000a620_Terrain_Terrain_lowerCorner.match.csv
golf_clean.exe	00402930	FUN_00402930	57	1	0	0	6	golfer_events:season	
golf_clean.exe	0045c420	FUN_0045c420	53	1	0	0	6	golfer_events:golfer_panel	
golf_clean.exe	004a6057	FUN_004a6057	17	1	0	0	6	championship:championship_setup	
Terrain.dll	000012a3	thunk_FUN_10003830	5	1	0	0	6	course_season:build_hole	
golf_clean.exe	0045c560	GolferPanelEject	6292	1	1	0	5	golfer_events:golfer_panel	
golf_clean.exe	0044cff0	CareerRetirementFlow	5695	1	1	0	5	course_season:season	
golf_clean.exe	004722c0	LandmarkAvailableNotice	442	1	1	0	5	golfer_events:landmark_inject	
golf_clean.exe	0044fb30	FUN_0044fb30	14054	0	0	0	0		
golf_clean.exe	004385d0	FUN_004385d0	7528	0	0	0	0		
golf_clean.exe	00456be0	FUN_00456be0	6713	0	0	0	0		
golf_clean.exe	00499140	FUN_00499140	6382	0	0	0	0		
golf_clean.exe	0048e900	FUN_0048e900	5472	0	0	0	0		
golf_clean.exe	00453330	FUN_00453330	4961	0	0	0	0		
golf_clean.exe	00497fc0	FUN_00497fc0	4479	0	0	0	0		
golf_clean.exe	0044e770	FUN_0044e770	3898	0	0	0	0		
golf_clean.exe	00454c50	FUN_00454c50	3520	0	0	0	0		
golf_clean.exe	004725b0	FUN_004725b0	3355	0	0	0	0		
golf_clean.exe	004587a0	FUN_004587a0	3158	0	0	0	0		
Terrain.dll	00024c60	FUN_10024c60	3108	0	0	0	0		
golf_clean.exe	00455ed0	FUN_00455ed0	2911	0	0	0	0		
Terrain.dll	000108f0	FUN_100108f0	2836	0	0	0	0		
golf_clean.exe	0048fe60	FUN_0048fe60	2768	0	0	0	0		
golf_clean.exe	004b665c	FUN_004b665c	2597	0	0	0	0		
Terrain.dll	0002ba90	FUN_1002ba90	2586	0	0	0	0		
golf_clean.exe	00436e50	FUN_00436e50	2551	0	0	0	0		
golf_clean.exe	0049acf0	FUN_0049acf0	2428	0	0	0	0		
golf_clean.exe	004942f0	FUN_004942f0	2418	0	0	0	0		
golf_clean.exe	0047d850	FUN_0047d850	2237	0	0	0	0		
golf_clean.exe	004604f0	FUN_004604f0	2173	0	0	0	0		
golf_clean.exe	00459850	FUN_00459850	2112	0	0	0	0		
golf_clean.exe	00434cf0	FUN_00434cf0	2108	0	0	0	0		
golf_clean.exe	00435760	FUN_00435760	1951	0	0	0	0		
golf_clean.exe	0045f0f0	FUN_0045f0f0	1908	0	0	0	0		
golf_clean.exe	0049dab0	FUN_0049dab0	1907	0	0	0	0		
Terrain.dll	0000d540	FUN_1000d540	1858	0	0	0	0		
Terrain.dll	00009270	?stripRender@Terrain@@QAEXPAVTile@@HM@Z	1840	0	0	0	0		
golf_clean.exe	004a9d98	FUN_004a9d98	1825	0	0	0	0		
golf_clean.exe	0047fab0	FUN_0047fab0	1789	0	0	0	0		
golf_clean.exe	0048d480	FUN_0048d480	1760	0	0	0	0		
golf_clean.exe	0048e1c0	FUN_0048e1c0	1757	0	0	0	0		
golf_clean.exe	0046d6e0	FUN_0046d6e0	1714	0	0	0	0		
Terrain.dll	0000de60	FUN_1000de60	1707	0	0	0	0		
Terrain.dll	00014190	FUN_10014190	1699	0	0	0	0		
Terrain.dll	000149e0	FUN_100149e0	1699	0	0	0	0		
golf_clean.exe	00437910	FUN_00437910	1679	0	0	0	0		
golf_clean.exe	004810d0	FUN_004810d0	1668	0	0	0	0		
golf_clean.exe	0048ce00	FUN_0048ce00	1658	0	0	0	0		
golf_clean.exe	0049f370	FUN_0049f370	1577	0	0	0	0		
Terrain.dll	0001ca80	FUN_1001ca80	1565	0	0	0	0		
Terrain.dll	0001c360	FUN_1001c360	1515	0	0	0	0		
Terrain.dll	0001b540	FUN_1001b540	1500	0	0	0	0		
golf_clean.exe	004546b0	FUN_004546b0	1433	0	0	0	0		
golf_clean.exe	00466b70	FUN_00466b70	1426	0	0	0	0		
Terrain.dll	0002dd80	FUN_1002dd80	1423	0	0	0	0		
Terrain.dll	00030c10	FUN_10030c10	1389	0	0	0	0		
golf_clean.exe	0049b970	FUN_0049b970	1346	0	0	0	0		
Terrain.dll	0001bb20	FUN_1001bb20	1334	0	0	0	0		
Terrain.dll	0002c610	FUN_1002c610	1302	0	0	0	0		
Terrain.dll	00015e90	FUN_10015e90	1297	0	0	0	0		
golf_clean.exe	0048aea0	FUN_0048aea0	1271	0	0	0	0		
Terrain.dll	000116d0	FUN_100116d0	1270	0	0	0	0		
golf_clean.exe	0045f870	FUN_0045f870	1246	0	0	0	0		
golf_clean.exe	00461110	FUN_00461110	1242	0	0	0	0		
golf_clean.exe	004974d0	FUN_004974d0	1218	0	0	0	0		
golf_clean.exe	0040a4e0	FUN_0040a4e0	1213	0	0	0	0		
golf_clean.exe	0044a6e0	FUN_0044a6e0	1212	0	0	0	0		
Terrain.dll	0002cd90	FUN_1002cd90	1201	0	0	0	0		
golf_clean.exe	0046e260	FUN_0046e260	1200	0	0	0	0		
golf_clean.exe	0048a120	FUN_0048a120	1199	0	0	0	0		
golf_clean.exe	004accc1	FUN_004accc1	1185	0	0	0	0		
golf_clean.exe	00455a30	FUN_00455a30	1182	0	0	0	0		
golf_clean.exe	004a2400	FUN_004a2400	1179	0	0	0	0		
golf_clean.exe	0048aa00	FUN_0048aa00	1169	0	0	0	0		
Terrain.dll	000313e0	FUN_100313e0	1152	0	0	0	0		
golf_clean.exe	004012d0	FUN_004012d0	1110	0	0	0	0		
golf_clean.exe	00409cf0	FUN_00409cf0	1087	0	0	0	0		
golf_clean.exe	00459400	FUN_00459400	1087	0	0	0	0		
Terrain.dll	0002ff80	FUN_1002ff80	1085	0	0	0	0		
golf_clean.exe	0044f6b0	FUN_0044f6b0	1075	0	0	0	0		
golf_clean.exe	0040f190	FUN_0040f190	1068	0	0	0	0		
golf_clean.exe	004a3f10	FUN_004a3f10	1065	0	0	0	0		
golf_clean.exe	004017d0	FUN_004017d0	1061	0	0	0	0		
golf_clean.exe	004b15c0	FUN_004b15c0	1051	0	0	0	0		
golf_clean.exe	00401d10	FUN_00401d10	1050	0	0	0	0		
golf_clean.exe	0044b9c0	FUN_0044b9c0	1044	0	0	0	0		
Terrain.dll	00005230	?drawBezierSpline@Terrain@@QAEXHHHHHHHHH@Z	1042	0	0	0	0		
Terrain.dll	0002a9e0	FUN_1002a9e0	1007	0	0	0	0		
golf_clean.exe	0048a5d0	FUN_0048a5d0	998	0	0	0	0		
Terrain.dll	00032e80	FUN_10032e80	970	0	0	0	0		
Terrain.dll	0001abd0	FUN_1001abd0	960	0	0	0	0		
Terrain.dll	0001d5a0	FUN_1001d5a0	952	0	0	0	0		
Terrain.dll	00032050	FUN_10032050	939	0	0	0	0		
golf_clean.exe	004791b0	FUN_004791b0	937	0	0	0	0		
Terrain.dll	0002edb0	FUN_1002edb0	928	0	0	0	0		
golf_clean.exe	004b5470	FUN_004b5470	927	0	0	0	0		
golf_clean.exe	0045b2c0	FUN_0045b2c0	925	0	0	0	0		
Terrain.dll	0001a320	FUN_1001a320	912	0	0	0	0		
golf_clean.exe	0046dea0	FUN_0046dea0	909	0	0	0	0		
golf_clean.exe	004936a0	FUN_004936a0	897	0	0	0	0		
Terrain.dll	00019610	FUN_10019610	892	0	0	0	0		
Terrain.dll	00016c70	FUN_10016c70	885	0	0	0	0		
Terrain.dll	0002d260	FUN_1002d260	882	0	0	0	0		
Terrain.dll	000306f0	FUN_100306f0	878	0	0	0	0		
golf_clean.exe	00432200	FUN_00432200	864	0	0	0	0		
golf_clean.exe	00496330	FUN_00496330	859	0	0	0	0		
golf_clean.exe	004a3880	FUN_004a3880	852	0	0	0	0		
Terrain.dll	00004c70	?drawCardinalSpline@Terrain@@QAEXHHHHHHHHHHH@Z	834	0	0	0	0		
golf_clean.exe	0049d770	FUN_0049d770	826	0	0	0	0		
Terrain.dll	00029490	FUN_10029490	826	0	0	0	0		
golf_clean.exe	00493b90	FUN_00493b90	819	0	0	0	0		
Terrain.dll	00024770	FUN_10024770	817	0	0	0	0		
golf_clean.exe	00495420	FUN_00495420	816	0	0	0	0		
golf_clean.exe	004a3be0	FUN_004a3be0	808	0	0	0	0		
Terrain.dll	0002f530	FUN_1002f530	804	0	0	0	0		
golf_clean.exe	0049f050	FUN_0049f050	798	0	0	0	0		
golf_clean.exe	00405b10	FUN_00405b10	786	0	0	0	0		
golf_clean.exe	0044cce0	FUN_0044cce0	783	0	0	0	0		
Terrain.dll	0001a6b0	FUN_1001a6b0	780	0	0	0	0		
Terrain.dll	0002e310	___free_lc_time	779	0	0	0	0		
Terrain.dll	00032430	FUN_10032430	762	0	0	0	0		
Terrain.dll	000080e0	?renderTile@Terrain@@QAEXHHHHH@Z	760	0	0	0	0		
Terrain.dll	00006410	?pathUpdateRender@Terrain@@QAEXPAVTile@@M@Z	757	0	0	0	0		
golf_clean.exe	004a2a60	FUN_004a2a60	748	0	0	0	0		
Terrain.dll	000332d0	FUN_100332d0	736	0	0	0	0		
golf_clean.exe	00476ef0	FUN_00476ef0	729	0	0	0	0		
golf_clean.exe	004ae990	FUN_004ae990	716	0	0	0	0		
Terrain.dll	0002d890	FUN_1002d890	700	0	0	0	0		
golf_clean.exe	00475580	FUN_00475580	693	0	0	0	0		
Terrain.dll	000176b0	FUN_100176b0	689	0	0	0	0		
Terrain.dll	0001d960	FUN_1001d960	681	0	0	0	0		
Terrain.dll	0002e620	FUN_1002e620	678	0	0	0	0		
Terrain.dll	00020d20	FUN_10020d20	672	0	0	0	0		
golf_clean.exe	0048db60	FUN_0048db60	668	0	0	0	0		
golf_clean.exe	00485aa0	FUN_00485aa0	664	0	0	0	0		
golf_clean.exe	004a6d80	FUN_004a6d80	664	0	0	0	0		
Terrain.dll	00024410	FUN_10024410	664	0	0	0	0		
golf_clean.exe	004ad192	FUN_004ad192	659	0	0	0	0		
Terrain.dll	00031900	FUN_10031900	650	0	0	0	0		
golf_clean.exe	0049ccc0	FUN_0049ccc0	645	0	0	0	0		
golf_clean.exe	004763d0	FUN_004763d0	628	0	0	0	0		
Terrain.dll	0001fd60	FUN_1001fd60	628	0	0	0	0		
Terrain.dll	00020070	FUN_10020070	627	0	0	0	0		
Terrain.dll	00021530	FUN_10021530	621	0	0	0	0		
golf_clean.exe	0040d0b0	FUN_0040d0b0	618	0	0	0	0		
Terrain.dll	000221a0	FUN_100221a0	612	0	0	0	0		
golf_clean.exe	00478f50	FUN_00478f50	608	0	0	0	0		
golf_clean.exe	00436060	FUN_00436060	598	0	0	0	0		
Terrain.dll	00036f60	FUN_10036f60	598	0	0	0	0		
golf_clean.exe	004ada68	FUN_004ada68	597	0	0	0	0		
golf_clean.exe	004a3110	FUN_004a3110	593	0	0	0	0		
golf_clean.exe	004a2d50	FUN_004a2d50	589	0	0	0	0		
golf_clean.exe	0040aa80	FUN_0040aa80	586	0	0	0	0		
golf_clean.exe	00497d10	FUN_00497d10	586	0	0	0	0		
golf_clean.exe	004932d0	FUN_004932d0	578	0	0	0	0		
Terrain.dll	000276a0	FUN_100276a0	578	0	0	0	0		
golf_clean.exe	0040b9b0	FUN_0040b9b0	576	0	0	0	0		
Terrain.dll	00031ba0	FUN_10031ba0	575	0	0	0	0		
Terrain.dll	0001dd80	FUN_1001dd80	567	0	0	0	0		
Terrain.dll	0002a7b0	FUN_1002a7b0	560	0	0	0	0		
golf_clean.exe	004b1080	FUN_004b1080	558	0	0	0	0		
golf_clean.exe	00436c00	FUN_00436c00	554	0	0	0	0		
golf_clean.exe	00433e50	FUN_00433e50	549	0	0	0	0		
golf_clean.exe	004ad681	FUN_004ad681	544	0	0	0	0		
Terrain.dll	00008fc0	?setZoomLevel@Terrain@@QAEXH@Z	543	0	0	0	0		
golf_clean.exe	0049e230	FUN_0049e230	541	0	0	0	0		
golf_clean.exe	0048c8a0	FUN_0048c8a0	537	0	0	0	0		
Terrain.dll	00018120	FUN_10018120	537	0	0	0	0		
golf_clean.exe	004b4a60	FUN_004b4a60	528	0	0	0	0		
golf_clean.exe	00434140	FUN_00434140	526	0	0	0	0		
Terrain.dll	00003540	?changeLighting@Terrain@@QAEXH@Z	526	0	0	0	0		
Terrain.dll	0002ea80	FUN_1002ea80	525	0	0	0	0		
Terrain.dll	0000ab30	?tileHit@Terrain@@QAEPAVTile@@HH@Z	524	0	0	3	0		log/diff/0000ab30_Terrain_Terrain_tileHit.match.csv
Terrain.dll	00022780	FUN_10022780	522	0	0	0	0		
Terrain.dll	0002f1e0	FUN_1002f1e0	512	0	0	0	0		
golf_clean.exe	00434ac0	FUN_00434ac0	508	0	0	0	0		
golf_clean.exe	00475210	FUN_00475210	508	0	0	0	0		
golf_clean.exe	00489150	FUN_00489150	508	0	0	0	0		
Terrain.dll	000224b0	FUN_100224b0	507	0	0	0	0		
Terrain.dll	00032730	FUN_10032730	504	0	0	0	0		
golf_clean.exe	00438390	FUN_00438390	502	0	0	0	0		
golf_clean.exe	004894b0	FUN_004894b0	502	0	0	0	0		
golf_clean.exe	004b25d0	FUN_004b25d0	498	0	0	0	0		
golf_clean.exe	00494f00	FUN_00494f00	497	0	0	0	0		
Terrain.dll	0001c170	FUN_1001c170	494	0	0	0	0		
golf_clean.exe	004b0d70	FUN_004b0d70	486	0	0	0	0		
golf_clean.exe	004a0350	FUN_004a0350	483	0	0	0	0		
Terrain.dll	00002900	FUN_10002900	480	0	0	0	0		
Terrain.dll	0001d0e0	FUN_1001d0e0	478	0	0	0	0		
Terrain.dll	00001900	FUN_10001900	470	0	0	0	0		
Terrain.dll	00019392	FUN_10019392	467	0	0	0	0		
golf_clean.exe	0042ef40	FUN_0042ef40	465	0	0	0	0		
golf_clean.exe	004787a0	FUN_004787a0	463	0	0	0	0		
golf_clean.exe	00493100	FUN_00493100	463	0	0	0	0		
golf_clean.exe	00483420	FUN_00483420	462	0	0	0	0		
golf_clean.exe	004b52a0	FUN_004b52a0	461	0	0	0	0		
golf_clean.exe	00494d30	FUN_00494d30	460	0	0	0	0		
golf_clean.exe	00489f50	FUN_00489f50	458	0	0	0	0		
golf_clean.exe	004b5ad0	FUN_004b5ad0	458	0	0	0	0		
golf_clean.exe	0040cc00	FUN_0040cc00	455	0	0	0	0		
golf_clean.exe	00431fa0	FUN_00431fa0	450	0	0	0	0		
golf_clean.exe	0049b7b0	FUN_0049b7b0	448	0	0	0	0		
Terrain.dll	00023f10	FUN_10023f10	447	0	0	0	0		
Terrain.dll	00027ee0	__XcptFilter	446	0	0	0	0		
golf_clean.exe	00491710	FUN_00491710	444	0	0	0	0		
golf_clean.exe	00431d20	FUN_00431d20	440	0	0	0	0		
golf_clean.exe	0047abe0	FUN_0047abe0	440	0	0	0	0		
golf_clean.exe	0049e7d0	FUN_0049e7d0	440	0	0	0	0		
golf_clean.exe	004a8b4b	FUN_004a8b4b	440	0	0	0	0		
golf_clean.exe	0048c6e0	FUN_0048c6e0	437	0	0	0	0		
golf_clean.exe	004a861d	FUN_004a861d	435	0	0	0	0		
golf_clean.exe	00475050	FUN_00475050	433	0	0	0	0		
golf_clean.exe	004b5810	FUN_004b5810	433	0	0	0	0		
golf_clean.exe	0049ab40	FUN_0049ab40	432	0	0	0	0		
golf_clean.exe	00496fc0	FUN_00496fc0	427	0	0	0	0		
golf_clean.exe	0040e400	FUN_0040e400	424	0	0	0	0		
golf_clean.exe	004a35e0	FUN_004a35e0	422	0	0	0	0		
golf_clean.exe	00475e10	FUN_00475e10	411	0	0	0	0		
golf_clean.exe	00488cf0	FUN_00488cf0	408	0	0	0	0		
golf_clean.exe	0049c940	FUN_0049c940	408	0	0	0	0		
golf_clean.exe	00496030	FUN_00496030	407	0	0	0	0		
Terrain.dll	0002add0	FUN_1002add0	403	0	0	0	0		
golf_clean.exe	00475fb0	FUN_00475fb0	400	0	0	0	0		
golf_clean.exe	00496e30	FUN_00496e30	400	0	0	0	0		
golf_clean.exe	00476140	FUN_00476140	399	0	0	0	0		
golf_clean.exe	004a4680	FUN_004a4680	399	0	0	0	0		
Terrain.dll	00032ad0	FUN_10032ad0	398	0	0	0	0		
golf_clean.exe	0049e450	FUN_0049e450	396	0	0	0	0		
golf_clean.exe	004a5bbd	FUN_004a5bbd	395	0	0	0	0		
Terrain.dll	00030a80	FUN_10030a80	394	0	0	0	0		
golf_clean.exe	0047b4e0	FUN_0047b4e0	393	0	0	0	0		
Terrain.dll	000173d0	FUN_100173d0	392	0	0	0	0		
golf_clean.exe	004add10	FUN_004add10	391	0	0	0	0		
Terrain.dll	0002b070	FUN_1002b070	388	0	0	0	0		
Terrain.dll	0002fd00	crtGetLocaleInfoA	388	0	0	0	0		
golf_clean.exe	004b4040	FUN_004b4040	387	0	0	0	0		
golf_clean.exe	004ac961	FUN_004ac961	386	0	0	0	0		
golf_clean.exe	004af3b0	FUN_004af3b0	385	0	0	0	0		
Terrain.dll	00032930	FUN_10032930	382	0	0	0	0		
golf_clean.exe	004669f0	FUN_004669f0	381	0	0	0	0		
golf_clean.exe	00491500	FUN_00491500	380	0	0	0	0		
Terrain.dll	00016930	FUN_10016930	369	0	0	0	0		
Terrain.dll	000230f0	FUN_100230f0	365	0	0	0	0		
golf_clean.exe	004ab921	FUN_004ab921	364	0	0	0	0		
Terrain.dll	000355b0	FUN_100355b0	364	0	0	0	0		
golf_clean.exe	0049ed20	FUN_0049ed20	363	0	0	0	0		
golf_clean.exe	00474ee0	FUN_00474ee0	361	0	0	0	0		
Terrain.dll	00020650	FUN_10020650	358	0	0	0	0		
golf_clean.exe	00475410	FUN_00475410	356	0	0	0	0		
Terrain.dll	0001dc10	FUN_1001dc10	356	0	0	0	0		
golf_clean.exe	004887c0	FUN_004887c0	355	0	0	0	0		
golf_clean.exe	00485e80	FUN_00485e80	354	0	0	0	0		
Terrain.dll	00027c30	FUN_10027c30	354	0	0	0	0		
golf_clean.exe	004a730c	FUN_004a730c	353	0	0	0	0		
golf_clean.exe	004961d0	FUN_004961d0	350	0	0	0	0		
Terrain.dll	0002b260	FUN_1002b260	349	0	0	0	0		
Terrain.dll	00028100	FUN_10028100	348	0	0	0	0		
golf_clean.exe	00409a90	FUN_00409a90	345	0	0	0	0		
golf_clean.exe	004782d0	FUN_004782d0	344	0	0	0	0		
golf_clean.exe	004a3480	FUN_004a3480	343	0	0	0	0		
Terrain.dll	0001d340	FUN_1001d340	343	0	0	0	0		
Terrain.dll	00029a20	FUN_10029a20	343	0	0	0	0		
golf_clean.exe	004ab3ab	FUN_004ab3ab	339	0	0	0	0		
golf_clean.exe	004835f0	FUN_004835f0	338	0	0	0	0		
golf_clean.exe	00489b30	FUN_00489b30	338	0	0	0	0		
Terrain.dll	00002750	FUN_10002750	335	0	0	0	0		
Terrain.dll	00005090	FUN_10005090	322	0	0	0	0		
golf_clean.exe	004a0740	FUN_004a0740	321	0	0	0	0		
golf_clean.exe	004896b0	FUN_004896b0	320	0	0	0	0		
Terrain.dll	0001ed00	FUN_1001ed00	319	0	0	0	0		
golf_clean.exe	00483980	FUN_00483980	318	0	0	0	0		
golf_clean.exe	00485d40	FUN_00485d40	318	0	0	0	0		
golf_clean.exe	004aad6a	FUN_004aad6a	318	0	0	0	0		
golf_clean.exe	004a0600	FUN_004a0600	317	0	0	0	0		
Terrain.dll	00020830	FUN_10020830	317	0	0	0	0		
golf_clean.exe	00434980	FUN_00434980	315	0	0	0	0		
Terrain.dll	0002b950	FUN_1002b950	315	0	0	0	0		
Terrain.dll	00029180	FUN_10029180	313	0	0	0	0		
Terrain.dll	00035300	FUN_10035300	313	0	0	0	0		
Terrain.dll	00036200	FUN_10036200	313	0	0	0	0		
golf_clean.exe	0047ed30	FUN_0047ed30	311	0	0	0	0		
golf_clean.exe	0046d0c0	FUN_0046d0c0	310	0	0	0	0		
golf_clean.exe	0049fa90	FUN_0049fa90	308	0	0	0	0		
golf_clean.exe	004aee30	FUN_004aee30	308	0	0	0	0		
golf_clean.exe	0044b790	FUN_0044b790	305	0	0	0	0		
golf_clean.exe	00480220	FUN_00480220	305	0	0	0	0		
golf_clean.exe	00489370	FUN_00489370	305	0	0	0	0		
Terrain.dll	0001c950	FUN_1001c950	304	0	0	0	0		
Terrain.dll	0002e950	FUN_1002e950	304	0	0	0	0		
golf_clean.exe	004aef70	FUN_004aef70	303	0	0	0	0		
golf_clean.exe	0049cb90	FUN_0049cb90	301	0	0	0	0		
Terrain.dll	00029360	FUN_10029360	300	0	0	0	0		
Terrain.dll	000271a0	FUN_100271a0	299	0	0	0	0		
Terrain.dll	0002a4e0	FUN_1002a4e0	299	0	0	0	0		
Terrain.dll	00018e40	FUN_10018e40	297	0	0	0	0		
golf_clean.exe	0040e5f0	FUN_0040e5f0	293	0	0	0	0		
golf_clean.exe	00489cb0	FUN_00489cb0	293	0	0	0	0		
golf_clean.exe	004a9693	FUN_004a9693	293	0	0	0	0		
golf_clean.exe	004ae020	FUN_004ae020	293	0	0	0	0		
golf_clean.exe	004b3f10	FUN_004b3f10	292	0	0	0	0		
Terrain.dll	00017580	FUN_10017580	291	0	0	0	0		
Terrain.dll	00022df0	_strncat	291	0	0	0	0		
Terrain.dll	000305c0	FUN_100305c0	291	0	0	0	0		
golf_clean.exe	00493a60	FUN_00493a60	290	0	0	0	0		
golf_clean.exe	00488500	FUN_00488500	289	0	0	0	0		
Terrain.dll	00030490	FUN_10030490	289	0	0	0	0		
Terrain.dll	0002f8e0	FUN_1002f8e0	287	0	0	0	0		
golf_clean.exe	0049b690	FUN_0049b690	282	0	0	0	0		
golf_clean.exe	004b0f60	FUN_004b0f60	282	0	0	0	0		
golf_clean.exe	00474260	FUN_00474260	280	0	0	0	0		
golf_clean.exe	004aa5a2	FUN_004aa5a2	280	0	0	0	0		
Terrain.dll	00036840	FUN_10036840	279	0	0	0	0		
golf_clean.exe	00433d30	FUN_00433d30	277	0	0	0	0		
golf_clean.exe	0047af60	FUN_0047af60	277	0	0	0	0		
Terrain.dll	00020fc0	FUN_10020fc0	277	0	0	0	0		
Terrain.dll	000179b0	FUN_100179b0	276	0	0	0	0		
Terrain.dll	0001c060	FUN_1001c060	271	0	0	0	0		
golf_clean.exe	004973c0	FUN_004973c0	270	0	0	0	0		
Terrain.dll	00036c90	FUN_10036c90	270	0	0	0	0		
golf_clean.exe	0044b1b0	FUN_0044b1b0	269	0	0	0	0		
golf_clean.exe	00477eb0	FUN_00477eb0	269	0	0	0	0		
Terrain.dll	0000c3d0	FUN_1000c3d0	267	0	0	0	0		
golf_clean.exe	004a6297	FUN_004a6297	266	0	0	0	0		
Terrain.dll	0001b300	FUN_1001b300	266	0	0	0	0		
golf_clean.exe	00492690	FUN_00492690	265	0	0	0	0		
golf_clean.exe	00435570	FUN_00435570	264	0	0	0	0		
golf_clean.exe	00488fd0	FUN_00488fd0	264	0	0	0	0		
Terrain.dll	00017280	__CrtIsMemoryBlock	262	0	0	0	0		
golf_clean.exe	004a4b60	FUN_004a4b60	261	0	0	0	0		
golf_clean.exe	00488310	FUN_00488310	260	0	0	0	0		
Terrain.dll	000261a0	FUN_100261a0	260	0	0	0	0		
golf_clean.exe	004863e0	FUN_004863e0	259	0	0	0	0		
golf_clean.exe	004ae270	FUN_004ae270	258	0	0	0	0		
Terrain.dll	00001c00	FUN_10001c00	258	0	0	0	0		
Terrain.dll	00031ee0	FUN_10031ee0	257	0	0	0	0		
golf_clean.exe	00478430	FUN_00478430	256	0	0	0	0		
Terrain.dll	0002af70	FUN_1002af70	256	0	0	0	0		
golf_clean.exe	00407b60	FUN_00407b60	255	0	0	0	0		
golf_clean.exe	004b59d0	FUN_004b59d0	255	0	0	0	0		
golf_clean.exe	004668f0	FUN_004668f0	254	0	0	0	0		
golf_clean.exe	0047a3c0	FUN_0047a3c0	254	0	0	0	0		
golf_clean.exe	004a6c80	_strncpy	254	0	0	0	0		
Terrain.dll	00022f20	_strncpy	254	0	0	0	0		
golf_clean.exe	004615f0	FUN_004615f0	252	0	0	0	0		
golf_clean.exe	00436b00	FUN_00436b00	250	0	0	0	0		
golf_clean.exe	004940e0	FUN_004940e0	250	0	0	0	0		
Terrain.dll	0001e5d0	FUN_1001e5d0	250	0	0	0	0		
Terrain.dll	00027ab0	FUN_10027ab0	250	0	0	0	0		
Terrain.dll	00024120	FUN_10024120	249	0	0	0	0		
golf_clean.exe	0045c460	FUN_0045c460	248	0	0	0	0		
golf_clean.exe	004afdc0	FUN_004afdc0	246	0	0	0	0		
golf_clean.exe	0047ca10	FUN_0047ca10	244	0	0	0	0		
Terrain.dll	00024220	FUN_10024220	243	0	0	0	0		
Terrain.dll	00022cd0	x64toa	242	0	0	0	0		
golf_clean.exe	004af920	FUN_004af920	241	0	0	0	0		
golf_clean.exe	00486110	FUN_00486110	239	0	0	0	0		
golf_clean.exe	004ae760	FUN_004ae760	239	0	0	0	0		
Terrain.dll	00020c30	FUN_10020c30	239	0	0	0	0		
Terrain.dll	00033be0	FUN_10033be0	239	0	0	0	0		
golf_clean.exe	00480a10	FUN_00480a10	238	0	0	0	0		
golf_clean.exe	004886d0	FUN_004886d0	238	0	0	0	0		
golf_clean.exe	00496c30	FUN_00496c30	238	0	0	0	0		
Terrain.dll	00033630	copy_environ	238	0	0	0	0		
golf_clean.exe	004011e0	FUN_004011e0	237	0	0	0	0		
golf_clean.exe	004616f0	FUN_004616f0	237	0	0	0	0		
Terrain.dll	00033720	FUN_10033720	237	0	0	0	0		
golf_clean.exe	004842f0	FUN_004842f0	236	0	0	0	0		
golf_clean.exe	0049f9a0	FUN_0049f9a0	236	0	0	0	0		
Terrain.dll	000275b0	__ShrMan	236	0	0	0	0		
golf_clean.exe	004724c0	FUN_004724c0	235	0	0	0	0		
Terrain.dll	00033af0	FUN_10033af0	233	0	0	0	0		
Terrain.dll	0001e2e0	FUN_1001e2e0	232	0	0	0	0		
golf_clean.exe	0049d5a0	FUN_0049d5a0	231	0	0	0	0		
golf_clean.exe	00492bd0	FUN_00492bd0	229	0	0	0	0		
Terrain.dll	00020970	FUN_10020970	229	0	0	0	0		
golf_clean.exe	004b27d0	FUN_004b27d0	228	0	0	0	0		
golf_clean.exe	00478610	FUN_00478610	227	0	0	0	0		
Terrain.dll	0001e490	FUN_1001e490	227	0	0	0	0		
Terrain.dll	00033810	FUN_10033810	227	0	0	0	0		
Terrain.dll	00003090	??1Terrain@@QAE@XZ	226	0	0	0	0		
golf_clean.exe	004a4db0	FUN_004a4db0	225	0	0	0	0		
golf_clean.exe	00497b40	FUN_00497b40	224	0	0	0	0		
golf_clean.exe	004abcb0	FUN_004abcb0	224	0	0	0	0		
Terrain.dll	000211a0	FUN_100211a0	224	0	0	0	0		
golf_clean.exe	004929b0	FUN_004929b0	223	0	0	0	0		
golf_clean.exe	004781f0	FUN_004781f0	221	0	0	0	0		
golf_clean.exe	004b0220	FUN_004b0220	221	0	0	0	0		
golf_clean.exe	004a28a0	FUN_004a28a0	220	0	0	0	0		
golf_clean.exe	0047ae80	FUN_0047ae80	219	0	0	0	0		
Terrain.dll	00027410	FUN_10027410	219	0	0	0	0		
Terrain.dll	0002dca0	___init_time	219	0	0	0	0		
Terrain.dll	00025cc0	FUN_10025cc0	218	0	0	0	0		
golf_clean.exe	004a08a0	FUN_004a08a0	216	0	0	0	0		
golf_clean.exe	00490960	FUN_00490960	215	0	0	0	0		
Terrain.dll	00020470	__cropzeros	215	0	0	0	0		
golf_clean.exe	004afec0	FUN_004afec0	214	0	0	0	0		
golf_clean.exe	0047ada0	FUN_0047ada0	213	0	0	0	0		
golf_clean.exe	004a2250	FUN_004a2250	213	0	0	0	0		
Terrain.dll	00035200	FUN_10035200	213	0	0	0	0		
golf_clean.exe	00467600	FUN_00467600	212	0	0	0	0		
Terrain.dll	00002640	FUN_10002640	212	0	0	0	0		
Terrain.dll	00029850	FUN_10029850	211	0	0	0	0		
golf_clean.exe	00435680	FUN_00435680	210	0	0	0	0		
golf_clean.exe	00484c80	FUN_00484c80	210	0	0	0	0		
Terrain.dll	00026370	FUN_10026370	210	0	0	0	0		
golf_clean.exe	00492ed0	FUN_00492ed0	208	0	0	0	0		
Terrain.dll	00031e10	FUN_10031e10	208	0	0	0	0		
golf_clean.exe	0047cce0	FUN_0047cce0	207	0	0	0	0		
Terrain.dll	0002dbd0	FUN_1002dbd0	207	0	0	0	0		
golf_clean.exe	00477cd0	FUN_00477cd0	206	0	0	0	0		
golf_clean.exe	0047bf40	FUN_0047bf40	206	0	0	0	0		
golf_clean.exe	0047c010	FUN_0047c010	206	0	0	0	0		
golf_clean.exe	00484d60	FUN_00484d60	206	0	0	0	0		
Terrain.dll	0002ccc0	FUN_1002ccc0	206	0	0	0	0		
golf_clean.exe	0047cc10	FUN_0047cc10	205	0	0	0	0		
Terrain.dll	00035fe0	FUN_10035fe0	205	0	0	0	0		
golf_clean.exe	004a66bf	FUN_004a66bf	204	0	0	0	0		
Terrain.dll	00018900	FUN_10018900	204	0	0	0	0		
golf_clean.exe	004a7241	FUN_004a7241	203	0	0	0	0		
golf_clean.exe	00493f50	FUN_00493f50	201	0	0	0	0		
golf_clean.exe	004b716a	FUN_004b716a	201	0	0	0	0		
golf_clean.exe	00476e20	FUN_00476e20	200	0	0	0	0		
golf_clean.exe	004a13f0	FUN_004a13f0	200	0	0	0	0		
golf_clean.exe	0049aa70	FUN_0049aa70	199	0	0	0	0		
golf_clean.exe	004acbfa	FUN_004acbfa	199	0	0	0	0		
golf_clean.exe	0048c420	FUN_0048c420	198	0	0	0	0		
golf_clean.exe	004b1a10	FUN_004b1a10	198	0	0	0	0		
Terrain.dll	00032cb0	FID_conflict:__getenv_lk	198	0	0	0	0		
golf_clean.exe	0049ebb0	FUN_0049ebb0	197	0	0	0	0		
golf_clean.exe	004a3790	FUN_004a3790	197	0	0	0	0		
Terrain.dll	00017b50	FUN_10017b50	197	0	0	0	0		
Terrain.dll	00034b80	FUN_10034b80	197	0	0	0	0		
golf_clean.exe	004ae400	FUN_004ae400	196	0	0	0	0		
Terrain.dll	000303c0	FUN_100303c0	195	0	0	0	0		
golf_clean.exe	0047d060	FUN_0047d060	194	0	0	0	0		
golf_clean.exe	004a7686	FUN_004a7686	194	0	0	0	0		
Terrain.dll	00022b50	xtoa	194	0	0	0	0		
golf_clean.exe	00433c60	FUN_00433c60	193	0	0	0	0		
golf_clean.exe	00497a20	FUN_00497a20	193	0	0	0	0		
Terrain.dll	00023020	FUN_10023020	193	0	0	0	0		
Terrain.dll	00024ae0	_strchr	193	0	0	0	0		
golf_clean.exe	004a4c70	FUN_004a4c70	192	0	0	0	0		
golf_clean.exe	004b0120	FUN_004b0120	191	0	0	0	0		
golf_clean.exe	004b51e0	FUN_004b51e0	191	0	0	0	0		
Terrain.dll	00027930	FUN_10027930	191	0	0	0	0		
golf_clean.exe	004b2510	FUN_004b2510	190	0	0	0	0		
golf_clean.exe	00407340	FUN_00407340	189	0	0	0	0		
Terrain.dll	00016ae0	FUN_10016ae0	189	0	0	0	0		
golf_clean.exe	00474380	FUN_00474380	187	0	0	0	0		
golf_clean.exe	004b06f0	FUN_004b06f0	187	0	0	0	0		
Terrain.dll	00022a40	FUN_10022a40	187	0	0	0	0		
golf_clean.exe	004ae600	FUN_004ae600	186	0	0	0	0		
Terrain.dll	0002f470	FUN_1002f470	186	0	0	0	0		
golf_clean.exe	004866f0	FUN_004866f0	185	0	0	0	0		
Terrain.dll	00034180	FUN_10034180	185	0	0	0	0		
golf_clean.exe	00431ee0	FUN_00431ee0	184	0	0	0	0		
golf_clean.exe	004ae150	FUN_004ae150	184	0	0	0	0		
golf_clean.exe	004affa0	FUN_004affa0	184	0	0	0	0		
golf_clean.exe	0042ee80	FUN_0042ee80	183	0	0	0	0		
golf_clean.exe	004941e0	FUN_004941e0	183	0	0	0	0		
golf_clean.exe	004a14c0	FUN_004a14c0	183	0	0	0	0		
golf_clean.exe	004b03a0	FUN_004b03a0	183	0	0	0	0		
Terrain.dll	0001e6d0	FUN_1001e6d0	183	0	0	0	0		
Terrain.dll	000212d0	CatchIt	183	0	0	0	0		
golf_clean.exe	00405a00	FUN_00405a00	182	0	0	0	0		
golf_clean.exe	004a533b	FUN_004a533b	182	0	0	0	0		
golf_clean.exe	004abbe6	FUN_004abbe6	182	0	0	0	0		
Terrain.dll	000210e0	FUN_100210e0	182	0	0	0	0		
golf_clean.exe	00494020	FUN_00494020	180	0	0	0	0		
Terrain.dll	00005750	FUN_10005750	180	0	0	0	0		
golf_clean.exe	00478080	FUN_00478080	179	0	0	0	0		
Terrain.dll	00009ba0	?closeSystem@Terrain@@QAEXXZ	179	0	0	0	0		
Terrain.dll	0002cc00	FUN_1002cc00	178	0	0	0	0		
golf_clean.exe	00432560	FUN_00432560	177	0	0	0	0		
golf_clean.exe	004065c0	FUN_004065c0	176	0	0	0	0		
golf_clean.exe	004af220	FUN_004af220	176	0	0	0	0		
golf_clean.exe	004b0640	FUN_004b0640	176	0	0	0	0		
golf_clean.exe	00404a20	FUN_00404a20	175	0	0	0	0		
golf_clean.exe	004b4eb0	FUN_004b4eb0	174	0	0	0	0		
Terrain.dll	00032dd0	FUN_10032dd0	174	0	0	0	0		
golf_clean.exe	0044afb0	FUN_0044afb0	173	0	0	0	0		
golf_clean.exe	0049cf50	FUN_0049cf50	173	0	0	0	0		
Terrain.dll	0002b7d0	___add_12	173	0	0	0	0		
Terrain.dll	00031280	FUN_10031280	173	0	0	0	0		
golf_clean.exe	0042f630	FUN_0042f630	172	0	0	0	0		
golf_clean.exe	00449470	FUN_00449470	172	0	0	0	0		
golf_clean.exe	004b3a80	FUN_004b3a80	172	0	0	0	0		
Terrain.dll	00021390	FUN_10021390	172	0	0	0	0		
Terrain.dll	0002fa50	FUN_1002fa50	172	0	0	0	0		
Terrain.dll	00031330	FID_conflict:_store_number	172	0	0	0	0		
Terrain.dll	000364b0	FUN_100364b0	171	0	0	0	0		
golf_clean.exe	0048c560	FUN_0048c560	170	0	0	0	0		
golf_clean.exe	004a87d0	FUN_004a87d0	170	0	0	0	0		
Terrain.dll	00036580	FUN_10036580	170	0	0	0	0		
Terrain.dll	00036bc0	FUN_10036bc0	170	0	0	0	0		
Terrain.dll	00036790	FUN_10036790	169	0	0	0	0		
golf_clean.exe	00478530	FUN_00478530	168	0	0	0	0		
golf_clean.exe	00478df0	FUN_00478df0	168	0	0	0	0		
golf_clean.exe	004af170	FUN_004af170	168	0	0	0	0		
Terrain.dll	000203c0	FUN_100203c0	168	0	0	0	0		
Terrain.dll	00027360	__IncMan	168	0	0	0	0		
golf_clean.exe	004a779d	FUN_004a779d	167	0	0	0	0		
Terrain.dll	00027040	FUN_10027040	167	0	0	0	0		
Terrain.dll	000369a0	FUN_100369a0	167	0	0	0	0		
golf_clean.exe	0044b4f0	FUN_0044b4f0	166	0	0	0	0		
golf_clean.exe	0049bec0	FUN_0049bec0	166	0	0	0	0		
Terrain.dll	00035910	FUN_10035910	166	0	0	0	0		
golf_clean.exe	004a6ba0	_memchr	165	0	0	0	0		
golf_clean.exe	004a8a06	FUN_004a8a06	165	0	0	0	0		
golf_clean.exe	004b1b70	FUN_004b1b70	165	0	0	0	0		
golf_clean.exe	004b2460	FUN_004b2460	165	0	0	0	0		
golf_clean.exe	004a9a05	FUN_004a9a05	164	0	0	0	0		
golf_clean.exe	00483f10	FUN_00483f10	163	0	0	0	0		
golf_clean.exe	004a512a	FUN_004a512a	163	0	0	0	0		
Terrain.dll	00021e89	FUN_10021e89	163	0	0	0	0		
golf_clean.exe	004876c0	FUN_004876c0	162	0	0	0	0		
Terrain.dll	00035b80	FUN_10035b80	162	0	0	0	0		
golf_clean.exe	00474650	FUN_00474650	161	0	0	0	0		
golf_clean.exe	004af0c0	FUN_004af0c0	161	0	0	0	0		
Terrain.dll	0001a9c0	FUN_1001a9c0	161	0	0	0	0		
golf_clean.exe	004b1d80	FUN_004b1d80	160	0	0	0	0		
Terrain.dll	0002a690	FUN_1002a690	160	0	0	0	0		
golf_clean.exe	004897f0	FUN_004897f0	159	0	0	0	0		
golf_clean.exe	004af880	FUN_004af880	159	0	0	0	0		
Terrain.dll	00019d70	FUN_10019d70	159	0	0	0	0		
golf_clean.exe	004852e0	FUN_004852e0	158	0	0	0	0		
golf_clean.exe	0048df20	FUN_0048df20	158	0	0	0	0		
golf_clean.exe	0048c640	FUN_0048c640	157	0	0	0	0		
golf_clean.exe	0049d6d0	FUN_0049d6d0	157	0	0	0	0		
golf_clean.exe	00479a80	FUN_00479a80	156	0	0	0	0		
golf_clean.exe	004a0280	FUN_004a0280	156	0	0	0	0		
golf_clean.exe	004a8582	FUN_004a8582	155	0	0	0	0		
Terrain.dll	00023590	__ioterm	155	0	0	0	0		
Terrain.dll	0002d5e0	__umatherr	155	0	0	0	0		
Terrain.dll	0002fb30	FUN_1002fb30	155	0	0	0	0		
golf_clean.exe	004af690	FUN_004af690	154	0	0	0	0		
Terrain.dll	00036b20	FUN_10036b20	153	0	0	0	0		
golf_clean.exe	00407400	FUN_00407400	152	0	0	0	0		
golf_clean.exe	004a29c0	FUN_004a29c0	152	0	0	0	0		
golf_clean.exe	004a4350	FUN_004a4350	151	0	0	0	0		
golf_clean.exe	004adf56	FUN_004adf56	151	0	0	0	0		
golf_clean.exe	004afc80	FUN_004afc80	151	0	0	0	0		
golf_clean.exe	0046e710	FUN_0046e710	150	0	0	0	0		
golf_clean.exe	004382f0	FUN_004382f0	148	0	0	0	0		
Terrain.dll	00029b80	FUN_10029b80	148	0	0	0	0		
golf_clean.exe	00401c70	FUN_00401c70	147	0	0	0	0		
golf_clean.exe	004021e0	FUN_004021e0	147	0	0	0	0		
golf_clean.exe	004a33e0	FUN_004a33e0	147	0	0	0	0		
golf_clean.exe	004a7844	FUN_004a7844	147	0	0	0	0		
golf_clean.exe	004ac0ad	FUN_004ac0ad	147	0	0	0	0		
Terrain.dll	00027100	FUN_10027100	147	0	0	0	0		
Terrain.dll	0002a440	FUN_1002a440	147	0	0	0	0		
Terrain.dll	0002ed10	FUN_1002ed10	147	0	0	0	0		
golf_clean.exe	00473b50	FUN_00473b50	146	0	0	0	0		
golf_clean.exe	0048caf0	FUN_0048caf0	146	0	0	0	0		
golf_clean.exe	0048e010	FUN_0048e010	146	0	0	0	0		
golf_clean.exe	004afd20	FUN_004afd20	146	0	0	0	0		
Terrain.dll	000226e0	FUN_100226e0	146	0	0	0	0		
golf_clean.exe	004b34b0	FUN_004b34b0	145	0	0	0	0		
golf_clean.exe	00479830	FUN_00479830	144	0	0	0	0		
golf_clean.exe	004798c0	FUN_004798c0	144	0	0	0	0		
golf_clean.exe	004a0540	FUN_004a0540	144	0	0	0	0		
Terrain.dll	0001d4a0	FUN_1001d4a0	144	0	0	0	0		
golf_clean.exe	00484e70	FUN_00484e70	143	0	0	0	0		
golf_clean.exe	00438260	FUN_00438260	142	0	0	0	0		
golf_clean.exe	00479bb0	FUN_00479bb0	142	0	0	0	0		
Terrain.dll	00036170	FUN_10036170	142	0	0	0	0		
golf_clean.exe	00489e40	FUN_00489e40	141	0	0	0	0		
golf_clean.exe	004a7145	FUN_004a7145	141	0	0	0	0		
golf_clean.exe	004a9ce1	FUN_004a9ce1	141	0	0	0	0		
golf_clean.exe	004ab894	FUN_004ab894	141	0	0	0	0		
Terrain.dll	00017050	FUN_10017050	141	0	0	0	0		
Terrain.dll	00035770	FUN_10035770	141	0	0	0	0		
Terrain.dll	00036630	FUN_10036630	141	0	0	0	0		
golf_clean.exe	004744c0	FUN_004744c0	140	0	0	0	0		
golf_clean.exe	00480ce0	FUN_00480ce0	140	0	0	0	0		
golf_clean.exe	004ab7c6	FUN_004ab7c6	140	0	0	0	0		
golf_clean.exe	004b1ae0	FUN_004b1ae0	140	0	0	0	0		
golf_clean.exe	0049eef0	FUN_0049eef0	139	0	0	0	0		
golf_clean.exe	004a6b08	FUN_004a6b08	139	0	0	0	0		
golf_clean.exe	004a1250	FUN_004a1250	138	0	0	0	0		
golf_clean.exe	004a12e0	FUN_004a12e0	138	0	0	0	0		
golf_clean.exe	0047e5f0	FUN_0047e5f0	137	0	0	0	0		
golf_clean.exe	00487ce0	FUN_00487ce0	137	0	0	0	0		
golf_clean.exe	00488a20	FUN_00488a20	137	0	0	0	0		
golf_clean.exe	004ac8d8	FUN_004ac8d8	137	0	0	0	0		
Terrain.dll	00035880	FUN_10035880	137	0	0	0	0		
Terrain.dll	00035ac0	FUN_10035ac0	137	0	0	0	0		
Terrain.dll	00036ea0	FUN_10036ea0	137	0	0	0	0		
golf_clean.exe	004b0560	FUN_004b0560	135	0	0	0	0		
Terrain.dll	0002fc20	FUN_1002fc20	135	0	0	0	0		
golf_clean.exe	00405970	FUN_00405970	134	0	0	0	0		
golf_clean.exe	00480410	FUN_00480410	134	0	0	0	0		
golf_clean.exe	004745c0	FUN_004745c0	133	0	0	0	0		
golf_clean.exe	00487180	FUN_00487180	133	0	0	0	0		
Terrain.dll	000359c0	FUN_100359c0	133	0	0	0	0		
Terrain.dll	00036da0	FUN_10036da0	133	0	0	0	0		
golf_clean.exe	004a88d7	FUN_004a88d7	132	0	0	0	0		
Terrain.dll	000272d0	FUN_100272d0	132	0	0	0	0		
Terrain.dll	00034540	FUN_10034540	131	0	0	0	0		
Terrain.dll	00035030	FUN_10035030	131	0	0	0	0		
Terrain.dll	00018a60	FUN_10018a60	130	0	0	0	0		
Terrain.dll	0001ffe0	FUN_1001ffe0	130	0	0	0	0		
Terrain.dll	0002f3e0	FUN_1002f3e0	130	0	0	0	0		
Terrain.dll	00034e30	FUN_10034e30	130	0	0	0	0		
golf_clean.exe	004abf30	_strcmp	129	0	0	0	0		
golf_clean.exe	0046d040	FUN_0046d040	128	0	0	0	0		
golf_clean.exe	00489a30	FUN_00489a30	128	0	0	0	0		
golf_clean.exe	004a48f0	FUN_004a48f0	128	0	0	0	0		
golf_clean.exe	004b0320	FUN_004b0320	128	0	0	0	0		
Terrain.dll	00022410	FUN_10022410	128	0	0	0	0		
Terrain.dll	00024ba0	_strstr	128	0	0	0	0		
golf_clean.exe	004841e0	FUN_004841e0	127	0	0	0	0		
golf_clean.exe	00489950	FUN_00489950	127	0	0	0	0		
golf_clean.exe	00490a40	FUN_00490a40	126	0	0	0	0		
Terrain.dll	0001a280	__CrtSetReportFile	126	0	0	0	0		
golf_clean.exe	00478970	FUN_00478970	125	0	0	0	0		
golf_clean.exe	004ad93e	FUN_004ad93e	125	0	0	0	0		
Terrain.dll	0002e8d0	fix_grouping	125	0	0	0	0		
Terrain.dll	0002ec90	fix_grouping	125	0	0	0	0		
golf_clean.exe	004862b0	FUN_004862b0	124	0	0	0	0		
golf_clean.exe	004ad8a1	FUN_004ad8a1	124	0	0	0	0		
Terrain.dll	000189d0	FUN_100189d0	124	0	0	0	0		
Terrain.dll	00029100	FUN_10029100	124	0	0	0	0		
Terrain.dll	000335b0	findenv	124	0	0	0	0		
golf_clean.exe	004848a0	FUN_004848a0	123	0	0	0	0		
golf_clean.exe	0049fda0	FUN_0049fda0	123	0	0	0	0		
golf_clean.exe	004a5466	FUN_004a5466	123	0	0	0	0		
golf_clean.exe	004a898b	FUN_004a898b	123	0	0	0	0		
Terrain.dll	0000aed0	FUN_1000aed0	123	0	0	0	0		
golf_clean.exe	00486360	FUN_00486360	122	0	0	0	0		
golf_clean.exe	0048cd80	FUN_0048cd80	122	0	0	0	0		
golf_clean.exe	00494cb0	FUN_00494cb0	122	0	0	0	0		
golf_clean.exe	0049c780	FUN_0049c780	122	0	0	0	0		
golf_clean.exe	0047e680	FUN_0047e680	121	0	0	0	0		
golf_clean.exe	00488650	FUN_00488650	121	0	0	0	0		
golf_clean.exe	00493000	FUN_00493000	121	0	0	0	0		
Terrain.dll	00034c50	FUN_10034c50	120	0	0	0	0		
golf_clean.exe	00480390	FUN_00480390	119	0	0	0	0		
golf_clean.exe	004abb13	FUN_004abb13	119	0	0	0	0		
Terrain.dll	00025990	FUN_10025990	119	0	0	0	0		
Terrain.dll	00027bb0	FUN_10027bb0	119	0	0	0	0		
Terrain.dll	0002a610	FUN_1002a610	119	0	0	0	0		
golf_clean.exe	00487310	FUN_00487310	118	0	0	0	0		
Terrain.dll	000155b0	FUN_100155b0	118	0	0	0	0		
Terrain.dll	000205d0	FUN_100205d0	118	0	0	0	0		
Terrain.dll	0002fe90	FUN_1002fe90	118	0	0	0	0		
golf_clean.exe	004853d0	FUN_004853d0	117	0	0	0	0		
golf_clean.exe	00489ed0	FUN_00489ed0	117	0	0	0	0		
golf_clean.exe	004aaad1	FUN_004aaad1	117	0	0	0	0		
golf_clean.exe	004ac2a0	__aullrem	117	0	0	0	0		
golf_clean.exe	004ae380	FUN_004ae380	117	0	0	0	0		
Terrain.dll	00018420	FUN_10018420	117	0	0	0	0		
Terrain.dll	000299a0	__aullrem	117	0	0	0	0		
Terrain.dll	0002d810	FUN_1002d810	117	0	0	0	0		
Terrain.dll	00035e90	FUN_10035e90	117	0	0	0	0		
golf_clean.exe	00486e40	FUN_00486e40	116	0	0	0	0		
golf_clean.exe	00492cc0	FUN_00492cc0	116	0	0	0	0		
Terrain.dll	00017ad0	FUN_10017ad0	116	0	0	0	0		
Terrain.dll	0002a050	setSBCS	116	0	0	0	0		
Terrain.dll	0002f860	FUN_1002f860	116	0	0	0	0		
golf_clean.exe	004026a0	FUN_004026a0	115	0	0	0	0		
golf_clean.exe	004532a0	FUN_004532a0	115	0	0	0	0		
golf_clean.exe	004898d0	FUN_004898d0	115	0	0	0	0		
golf_clean.exe	00493080	FUN_00493080	115	0	0	0	0		
Terrain.dll	0001d2c0	FUN_1001d2c0	115	0	0	0	0		
Terrain.dll	0002a730	FUN_1002a730	115	0	0	0	0		
Terrain.dll	0002db50	FUN_1002db50	115	0	0	0	0		
golf_clean.exe	004a53f1	FUN_004a53f1	114	0	0	0	0		
Terrain.dll	0002d700	FUN_1002d700	113	0	0	0	0		
Terrain.dll	00033fa0	FUN_10033fa0	113	0	0	0	0		
golf_clean.exe	0044b3e0	FUN_0044b3e0	111	0	0	0	0		
golf_clean.exe	00473fc0	FUN_00473fc0	111	0	0	0	0		
golf_clean.exe	004a71d2	FUN_004a71d2	111	0	0	0	0		
Terrain.dll	000217b0	___DestructExceptionObject	111	0	0	0	0		
golf_clean.exe	00479950	FUN_00479950	110	0	0	0	0		
golf_clean.exe	004ad9fa	FUN_004ad9fa	110	0	0	0	0		
golf_clean.exe	004af2d0	FUN_004af2d0	110	0	0	0	0		
golf_clean.exe	004af340	FUN_004af340	110	0	0	0	0		
golf_clean.exe	004b725f	FUN_004b725f	110	0	0	0	0		
Terrain.dll	00033d00	FUN_10033d00	110	0	0	0	0		
golf_clean.exe	00473df0	FUN_00473df0	109	0	0	0	0		
Terrain.dll	0001d530	FUN_1001d530	108	0	0	0	0		
golf_clean.exe	00404280	FUN_00404280	107	0	0	0	0		
Terrain.dll	00001d50	Terrain::tileAt (Terrain.dll)	107	3	3	3	0	championship:championship_setup;course_season:build_hole;course_season:sandbox;golfer_events:build_hole;golfer_events:sandbox;sandbox_basic:sandbox	log/diff/00001d50_Terrain_Terrain_tileAt.match.csv
Terrain.dll	0001ad91	FUN_1001ad91	106	0	0	0	0		
Terrain.dll	000207c0	FUN_100207c0	106	0	0	0	0		
golf_clean.exe	0043cb50	FUN_0043cb50	105	0	0	0	0		
golf_clean.exe	00479560	FUN_00479560	105	0	0	0	0		
golf_clean.exe	0048e0b0	FUN_0048e0b0	105	0	0	0	0		
golf_clean.exe	0048e120	FUN_0048e120	105	0	0	0	0		
golf_clean.exe	0049ef80	FUN_0049ef80	105	0	0	0	0		
golf_clean.exe	004ac1c2	FUN_004ac1c2	105	0	0	0	0		
Terrain.dll	000184d0	FUN_100184d0	105	0	0	0	0		
Terrain.dll	00034810	FUN_10034810	105	0	0	0	0		
golf_clean.exe	004a2330	FUN_004a2330	104	0	0	0	0		
golf_clean.exe	004a5526	__local_unwind2	104	0	0	0	0		
golf_clean.exe	004ac230	__aulldiv	104	0	0	0	0		
Terrain.dll	00018850	FUN_10018850	104	0	0	0	0		
Terrain.dll	00018b32	__local_unwind2	104	0	0	0	0		
Terrain.dll	00029930	__aulldiv	104	0	0	0	0		
golf_clean.exe	004805a0	FUN_004805a0	103	0	0	0	0		
golf_clean.exe	004adeef	FUN_004adeef	103	0	0	0	0		
golf_clean.exe	004b50d0	FUN_004b50d0	103	0	0	0	0		
Terrain.dll	0002cb90	FUN_1002cb90	103	0	0	0	0		
golf_clean.exe	004967f0	FUN_004967f0	102	0	0	0	0		
golf_clean.exe	004ae590	FUN_004ae590	102	0	0	0	0		
golf_clean.exe	00495cb0	FUN_00495cb0	101	0	0	0	0		
Terrain.dll	0002b3c0	___lc_lctostr	101	0	0	0	0		
Terrain.dll	0002ff10	_GetPrimaryLen	101	0	0	0	0		
golf_clean.exe	004a70b5	FUN_004a70b5	100	0	0	0	0		
Terrain.dll	00015e00	FID_conflict:__realloc_dbg	99	0	0	0	0		
Terrain.dll	000163e0	FID_conflict:__realloc_dbg	99	0	0	0	0		
Terrain.dll	0002b8e0	___shr_12	99	0	0	0	0		
golf_clean.exe	00479b40	FUN_00479b40	98	0	0	0	0		
golf_clean.exe	0047e700	FUN_0047e700	98	0	0	0	0		
Terrain.dll	0001b1b0	__heapchk	98	0	0	0	0		
Terrain.dll	0001b410	___sbh_heap_init	98	0	0	0	0		
golf_clean.exe	004a7625	FUN_004a7625	97	0	0	0	0		
golf_clean.exe	004abfcb	FUN_004abfcb	97	0	0	0	0		
golf_clean.exe	004afaf0	FUN_004afaf0	97	0	0	0	0		
golf_clean.exe	00478c10	FUN_00478c10	96	0	0	0	0		
golf_clean.exe	00478c70	FUN_00478c70	96	0	0	0	0		
golf_clean.exe	00479610	FUN_00479610	96	0	0	0	0		
golf_clean.exe	004843e0	FUN_004843e0	96	0	0	0	0		
golf_clean.exe	00486250	FUN_00486250	96	0	0	0	0		
golf_clean.exe	00493ef0	FUN_00493ef0	96	0	0	0	0		
golf_clean.exe	004a23a0	FUN_004a23a0	96	0	0	0	0		
golf_clean.exe	004a4b00	FUN_004a4b00	96	0	0	0	0		
Terrain.dll	0002b880	___shl_12	96	0	0	0	0		
golf_clean.exe	00493520	FUN_00493520	95	0	0	0	0		
golf_clean.exe	004ae910	FUN_004ae910	95	0	0	0	0		
Terrain.dll	0001b4e0	FUN_1001b4e0	95	0	0	0	0		
Terrain.dll	00020a60	__cfltcvt	95	0	0	0	0		
Terrain.dll	00037860	FUN_10037860	95	0	0	0	0		
Terrain.dll	000378c0	FUN_100378c0	95	0	0	0	0		
golf_clean.exe	004acb41	___add_12	94	0	0	0	0		
Terrain.dll	00020310	FUN_10020310	94	0	0	0	0		
Terrain.dll	0002146d	FUN_1002146d	94	0	0	0	0		
Terrain.dll	00033e30	FUN_10033e30	94	0	0	0	0		
golf_clean.exe	00489de0	FUN_00489de0	93	0	0	0	0		
golf_clean.exe	00496770	FUN_00496770	93	0	0	0	0		
golf_clean.exe	004a11c0	FUN_004a11c0	93	0	0	0	0		
golf_clean.exe	004a887a	FUN_004a887a	93	0	0	0	0		
golf_clean.exe	004ae8b0	FUN_004ae8b0	93	0	0	0	0		
golf_clean.exe	004b710d	FUN_004b710d	93	0	0	0	0		
Terrain.dll	000058a0	FUN_100058a0	93	0	0	0	0		
golf_clean.exe	0044b690	FUN_0044b690	92	0	0	0	0		
golf_clean.exe	0046e7b0	FUN_0046e7b0	92	0	0	0	0		
golf_clean.exe	004844e0	FUN_004844e0	92	0	0	0	0		
golf_clean.exe	00487390	FUN_00487390	92	0	0	0	0		
golf_clean.exe	004abb8a	FUN_004abb8a	92	0	0	0	0		
golf_clean.exe	004b4390	FUN_004b4390	92	0	0	0	0		
Terrain.dll	0001dfc0	FUN_1001dfc0	92	0	0	0	0		
Terrain.dll	00020af0	FUN_10020af0	92	0	0	0	0		
golf_clean.exe	004823c0	FUN_004823c0	91	0	0	0	0		
golf_clean.exe	004899d0	FUN_004899d0	91	0	0	0	0		
golf_clean.exe	004a4890	FUN_004a4890	91	0	0	0	0		
Terrain.dll	000229c0	FUN_100229c0	91	0	0	0	0		
Terrain.dll	00027db0	FUN_10027db0	91	0	0	0	0		
golf_clean.exe	00467560	FUN_00467560	90	0	0	0	0		
golf_clean.exe	00491310	FUN_00491310	90	0	0	0	0		
golf_clean.exe	004a7527	FUN_004a7527	90	0	0	0	0		
golf_clean.exe	004ae850	FUN_004ae850	90	0	0	0	0		
Terrain.dll	00020ba0	FUN_10020ba0	90	0	0	0	0		
golf_clean.exe	00491410	FUN_00491410	89	0	0	0	0		
golf_clean.exe	004ac169	FUN_004ac169	89	0	0	0	0		
Terrain.dll	000280a0	FUN_100280a0	89	0	0	0	0		
Terrain.dll	00034240	FUN_10034240	89	0	0	0	0		
golf_clean.exe	0044ae00	FUN_0044ae00	88	0	0	0	0		
golf_clean.exe	004979a0	FUN_004979a0	88	0	0	0	0		
golf_clean.exe	004ade97	FUN_004ade97	88	0	0	0	0		
Terrain.dll	00026d00	FUN_10026d00	88	0	0	0	0		
Terrain.dll	00035800	FUN_10035800	88	0	0	0	0		
Terrain.dll	00036a50	FUN_10036a50	88	0	0	0	0		
golf_clean.exe	00478a90	FUN_00478a90	87	0	0	0	0		
golf_clean.exe	00492fa0	FUN_00492fa0	87	0	0	0	0		
Terrain.dll	0001a050	__nh_malloc_base	87	0	0	0	0		
Terrain.dll	0001a220	FUN_1001a220	87	0	0	0	0		
Terrain.dll	000363b0	FUN_100363b0	87	0	0	0	0		
golf_clean.exe	00404200	FUN_00404200	86	0	0	0	0		
golf_clean.exe	0049cb20	FUN_0049cb20	86	0	0	0	0		
golf_clean.exe	004a8d0f	FUN_004a8d0f	86	0	0	0	0		
golf_clean.exe	004a8eba	FUN_004a8eba	86	0	0	0	0		
golf_clean.exe	004ab770	FUN_004ab770	86	0	0	0	0		
Terrain.dll	00018780	FUN_10018780	86	0	0	0	0		
golf_clean.exe	004766a0	FUN_004766a0	85	0	0	0	0		
golf_clean.exe	004a7748	FUN_004a7748	85	0	0	0	0		
Terrain.dll	0001b480	FUN_1001b480	85	0	0	0	0		
Terrain.dll	0002cb30	FUN_1002cb30	85	0	0	0	0		
golf_clean.exe	004a4d50	FUN_004a4d50	84	0	0	0	0		
golf_clean.exe	004a52c2	FUN_004a52c2	84	0	0	0	0		
Terrain.dll	00036110	FUN_10036110	84	0	0	0	0		
golf_clean.exe	00491680	FUN_00491680	83	0	0	0	0		
golf_clean.exe	0049ec80	FUN_0049ec80	83	0	0	0	0		
golf_clean.exe	00482a80	FUN_00482a80	82	0	0	0	0		
golf_clean.exe	004b65d6	FUN_004b65d6	82	0	0	0	0		
Terrain.dll	0001b262	FUN_1001b262	82	0	0	0	0		
golf_clean.exe	004a5793	FUN_004a5793	81	0	0	0	0		
golf_clean.exe	004a78d7	__cfltcvt	81	0	0	0	0		
golf_clean.exe	00476650	FUN_00476650	80	0	0	0	0		
golf_clean.exe	00485740	FUN_00485740	80	0	0	0	0		
golf_clean.exe	00486200	FUN_00486200	80	0	0	0	0		
golf_clean.exe	004a09a0	FUN_004a09a0	80	0	0	0	0		
golf_clean.exe	004aecd0	FUN_004aecd0	80	0	0	0	0		
Terrain.dll	000240d0	__GET_RTERRMSG	80	0	0	0	0		
Terrain.dll	00029fd0	FUN_10029fd0	80	0	0	0	0		
Terrain.dll	00033280	FUN_10033280	80	0	0	0	0		
golf_clean.exe	00486f90	FUN_00486f90	79	0	0	0	0		
golf_clean.exe	004a523d	FUN_004a523d	79	0	0	0	0		
golf_clean.exe	004a8f1b	FUN_004a8f1b	79	0	0	0	0		
golf_clean.exe	004afb60	FUN_004afb60	79	0	0	0	0		
Terrain.dll	0002b210	__strcats	79	0	0	0	0		
Terrain.dll	0002c5c0	FUN_1002c5c0	79	0	0	0	0		
Terrain.dll	0002fbd0	FUN_1002fbd0	79	0	0	0	0		
Terrain.dll	00032d80	__mbsnbicoll	79	0	0	0	0		
golf_clean.exe	00497c20	FUN_00497c20	78	0	0	0	0		
golf_clean.exe	00497c70	FUN_00497c70	78	0	0	0	0		
golf_clean.exe	004a8ad3	FUN_004a8ad3	78	0	0	0	0		
golf_clean.exe	004ae220	FUN_004ae220	78	0	0	0	0		
golf_clean.exe	004b0860	FUN_004b0860	78	0	0	0	0		
golf_clean.exe	00482940	FUN_00482940	77	0	0	0	0		
Terrain.dll	0002fcb0	FUN_1002fcb0	77	0	0	0	0		
golf_clean.exe	004a8da0	__CallSettingFrame@12	76	0	0	0	0		
golf_clean.exe	004aec80	FUN_004aec80	76	0	0	0	0		
Terrain.dll	00021890	__CallSettingFrame@12	76	0	0	0	0		
Terrain.dll	000274f0	__CopyMan	76	0	0	0	0		
golf_clean.exe	0048dfc0	FUN_0048dfc0	75	0	0	0	0		
Terrain.dll	0000a4b0	?updatePath@Terrain@@QAEXHHH@Z	75	0	0	0	0		
Terrain.dll	00025a50	FUN_10025a50	74	0	0	0	0		
golf_clean.exe	004942a0	FUN_004942a0	73	0	0	0	0		
golf_clean.exe	004ab727	FUN_004ab727	73	0	0	0	0		
Terrain.dll	00023ec0	__FF_MSGBANNER	73	0	0	0	0		
Terrain.dll	00029800	FUN_10029800	73	0	0	0	0		
Terrain.dll	00033de0	FUN_10033de0	73	0	0	0	0		
golf_clean.exe	00480870	FUN_00480870	72	0	0	0	0		
Terrain.dll	00020580	__fassign	72	0	0	0	0		
Terrain.dll	00022c80	__i64toa	72	0	0	0	0		
Terrain.dll	00031230	FID_conflict:_store_str	72	0	0	0	0		
Terrain.dll	0000a450	?hasConnectedPath@Terrain@@QAE_NHH@Z	71	0	0	0	0		
golf_clean.exe	0045de30	FUN_0045de30	70	0	0	0	0		
golf_clean.exe	00475da0	FUN_00475da0	70	0	0	0	0		
golf_clean.exe	00476dd0	FUN_00476dd0	70	0	0	0	0		
golf_clean.exe	004a2fa0	FUN_004a2fa0	70	0	0	0	0		
golf_clean.exe	004abe74	FUN_004abe74	70	0	0	0	0		
golf_clean.exe	004b04f0	FUN_004b04f0	70	0	0	0	0		
golf_clean.exe	004b43f0	FUN_004b43f0	70	0	0	0	0		
Terrain.dll	00001de0	?getElevation@Terrain@@QAEHPAVTile@@H@Z	70	0	0	3	0		log/diff/00001de0_Terrain_Terrain_getElevation.match.csv
Terrain.dll	00005840	FUN_10005840	70	0	0	0	0		
Terrain.dll	00021840	FID_conflict:___AdjustPointer	70	0	0	0	0		
Terrain.dll	00035720	FUN_10035720	70	0	0	0	0		
golf_clean.exe	00405ac0	FUN_00405ac0	69	0	0	0	0		
golf_clean.exe	00480d70	FUN_00480d70	69	0	0	0	0		
golf_clean.exe	00497cc0	FUN_00497cc0	69	0	0	0	0		
Terrain.dll	0002fa00	FUN_1002fa00	69	0	0	0	0		
Terrain.dll	0001eb90	FUN_1001eb90	68	0	0	0	0		
golf_clean.exe	00477e60	FUN_00477e60	67	0	0	0	0		
golf_clean.exe	00478700	FUN_00478700	67	0	0	0	0		
golf_clean.exe	00478750	FUN_00478750	67	0	0	0	0		
golf_clean.exe	0047ab00	FUN_0047ab00	66	0	0	0	0		
Terrain.dll	000133a0	FUN_100133a0	66	0	0	0	0		
Terrain.dll	000214e0	FUN_100214e0	66	0	0	0	0		
Terrain.dll	00022b00	__itoa	66	0	0	0	0		
golf_clean.exe	00476d80	FUN_00476d80	65	0	0	0	0		
golf_clean.exe	00484b30	FUN_00484b30	65	0	0	0	0		
golf_clean.exe	00490c30	FUN_00490c30	65	0	0	0	0		
golf_clean.exe	0049bf70	FUN_0049bf70	65	0	0	0	0		
Terrain.dll	0001ebe0	FUN_1001ebe0	65	0	0	0	0		
Terrain.dll	00037530	FUN_10037530	65	0	0	0	0		
Terrain.dll	00037640	FUN_10037640	65	0	0	0	0		
Terrain.dll	00037710	FUN_10037710	65	0	0	0	0		
Terrain.dll	00037760	FUN_10037760	65	0	0	0	0		
Terrain.dll	000377b0	FUN_100377b0	65	0	0	0	0		
golf_clean.exe	0049cae0	FUN_0049cae0	64	0	0	0	0		
Terrain.dll	000373c0	FUN_100373c0	64	0	0	0	0		
golf_clean.exe	00475ba0	FUN_00475ba0	63	0	0	0	0		
golf_clean.exe	00475be0	FUN_00475be0	63	0	0	0	0		
golf_clean.exe	00475c20	FUN_00475c20	63	0	0	0	0		
golf_clean.exe	0047d020	FUN_0047d020	63	0	0	0	0		
golf_clean.exe	0047d7d0	FUN_0047d7d0	63	0	0	0	0		
golf_clean.exe	0049d690	FUN_0049d690	63	0	0	0	0		
golf_clean.exe	004ad9bb	__mbsnbicoll	63	0	0	0	0		
Terrain.dll	00022c20	__ltoa	63	0	0	0	0		
Terrain.dll	00026670	FID_conflict:__open	63	0	0	0	0		
Terrain.dll	0002d6c0	__get_fname	63	0	0	0	0		
golf_clean.exe	00493630	FUN_00493630	62	0	0	0	0		
golf_clean.exe	004a4ed0	FUN_004a4ed0	62	0	0	0	0		
golf_clean.exe	004a7470	FUN_004a7470	62	0	0	0	0		
golf_clean.exe	004a74c0	FUN_004a74c0	62	0	0	0	0		
golf_clean.exe	004a75e7	__fassign	62	0	0	0	0		
Terrain.dll	000180e0	FUN_100180e0	62	0	0	0	0		
Terrain.dll	00029010	FUN_10029010	62	0	0	0	0		
Terrain.dll	0002b790	___addl	62	0	0	0	0		
Terrain.dll	0002f160	FUN_1002f160	62	0	0	0	0		
golf_clean.exe	004490d0	Terrain::tileAt	61	0	2	3	0		log/diff/004490d0_Terrain_tileAt.match.csv
golf_clean.exe	00482ae0	FUN_00482ae0	61	0	0	0	0		
golf_clean.exe	00482b20	FUN_00482b20	61	0	0	0	0		
golf_clean.exe	00488930	FUN_00488930	61	0	0	0	0		
golf_clean.exe	00488970	FUN_00488970	61	0	0	0	0		
golf_clean.exe	004889b0	FUN_004889b0	61	0	0	0	0		
golf_clean.exe	004890e0	FUN_004890e0	61	0	0	0	0		
golf_clean.exe	004acae3	FUN_004acae3	61	0	0	0	0		
golf_clean.exe	004ae4d0	FUN_004ae4d0	61	0	0	0	0		
Terrain.dll	00031ff0	FUN_10031ff0	61	0	0	0	0		
Terrain.dll	00034f80	FUN_10034f80	61	0	0	0	0		
golf_clean.exe	0040e5b0	FUN_0040e5b0	60	0	0	0	0		
golf_clean.exe	0042e7a0	FUN_0042e7a0	60	0	0	0	0		
golf_clean.exe	004966d0	FUN_004966d0	60	0	0	0	0		
golf_clean.exe	004a622c	FUN_004a622c	60	0	0	0	0		
golf_clean.exe	004afbb0	FUN_004afbb0	60	0	0	0	0		
golf_clean.exe	004b2420	FUN_004b2420	60	0	0	0	0		
Terrain.dll	000187e0	FID_conflict:___CxxFrameHandler3	60	0	0	0	0		
Terrain.dll	0001aa6c	FUN_1001aa6c	60	0	0	0	0		
Terrain.dll	00021f47	__startOneArgErrorHandling	60	0	0	0	0		
Terrain.dll	00037580	FUN_10037580	60	0	0	0	0		
Terrain.dll	000375c0	FUN_100375c0	60	0	0	0	0		
Terrain.dll	00037600	FUN_10037600	60	0	0	0	0		
Terrain.dll	00037690	FUN_10037690	60	0	0	0	0		
Terrain.dll	000376d0	FUN_100376d0	60	0	0	0	0		
Terrain.dll	00037800	FUN_10037800	60	0	0	0	0		
golf_clean.exe	00401c30	FUN_00401c30	59	0	0	0	0		
golf_clean.exe	00456b70	FUN_00456b70	59	0	0	0	0		
golf_clean.exe	004854c0	FUN_004854c0	59	0	0	0	0		
golf_clean.exe	00496690	FUN_00496690	59	0	0	0	0		
golf_clean.exe	00496d20	FUN_00496d20	59	0	0	0	0		
golf_clean.exe	004afc40	FUN_004afc40	59	0	0	0	0		
golf_clean.exe	004b12b0	FUN_004b12b0	59	0	0	0	0		
golf_clean.exe	00475b60	FUN_00475b60	58	0	0	0	0		
golf_clean.exe	004a5800	FUN_004a5800	58	0	0	0	0		
golf_clean.exe	004aaea8	FUN_004aaea8	58	0	0	0	0		
Terrain.dll	00019c80	__amsg_exit	58	0	0	0	0		
Terrain.dll	0002d680	FID_conflict:__set_errno_from_matherr	58	0	0	0	0		
Terrain.dll	0002f1a0	FUN_1002f1a0	58	0	0	0	0		
golf_clean.exe	00475b20	FUN_00475b20	57	0	0	0	0		
golf_clean.exe	00484f00	FUN_00484f00	57	0	0	0	0		
golf_clean.exe	004935f0	FUN_004935f0	57	0	0	0	0		
golf_clean.exe	0049ece0	FUN_0049ece0	57	0	0	0	0		
golf_clean.exe	004a43f0	FUN_004a43f0	57	0	0	0	0		
golf_clean.exe	004a4430	FUN_004a4430	57	0	0	0	0		
golf_clean.exe	004a4470	FUN_004a4470	57	0	0	0	0		
golf_clean.exe	004a44b0	FUN_004a44b0	57	0	0	0	0		
golf_clean.exe	004a44f0	FUN_004a44f0	57	0	0	0	0		
golf_clean.exe	004a4530	FUN_004a4530	57	0	0	0	0		
golf_clean.exe	004a4570	FUN_004a4570	57	0	0	0	0		
golf_clean.exe	004ab372	FUN_004ab372	57	0	0	0	0		
Terrain.dll	000188c0	FUN_100188c0	57	0	0	0	0		
golf_clean.exe	00492470	FUN_00492470	56	0	0	0	0		
golf_clean.exe	004aa53f	FUN_004aa53f	56	0	0	0	0		
golf_clean.exe	004ae700	FUN_004ae700	56	0	0	0	0		
golf_clean.exe	004b1f30	FUN_004b1f30	56	0	0	0	0		
Terrain.dll	00001f10	?getType@Terrain@@QAEHPAVTile@@@Z	56	0	0	3	0		log/diff/00001f10_Terrain_Terrain_getType.match.csv
Terrain.dll	00024c20	_strncmp	56	0	0	0	0		
golf_clean.exe	0049e640	FUN_0049e640	55	0	0	0	0		
golf_clean.exe	004b7081	FUN_004b7081	55	0	0	0	0		
Terrain.dll	0001796c	FUN_1001796c	55	0	0	0	0		
Terrain.dll	00027570	__IsZeroMan	55	0	0	0	0		
Terrain.dll	00033940	FUN_10033940	55	0	0	0	0		
Terrain.dll	000350c0	FUN_100350c0	55	0	0	0	0		
Terrain.dll	00035a50	FUN_10035a50	55	0	0	0	0		
Terrain.dll	00036ab0	FUN_10036ab0	55	0	0	0	0		
Terrain.dll	00036e30	FUN_10036e30	55	0	0	0	0		
golf_clean.exe	004a528c	FUN_004a528c	54	0	0	0	0		
golf_clean.exe	004b8134	Unwind@004b8134	54	0	0	0	0		
golf_clean.exe	004b816a	Unwind@004b816a	54	0	0	0	0		
Terrain.dll	000279f0	FUN_100279f0	54	0	0	0	0		
Terrain.dll	00027a30	FUN_10027a30	54	0	0	0	0		
Terrain.dll	00027a70	FUN_10027a70	54	0	0	0	0		
golf_clean.exe	004795d0	FUN_004795d0	53	0	0	0	0		
golf_clean.exe	00483c90	FUN_00483c90	53	0	0	0	0		
golf_clean.exe	00483cf0	FUN_00483cf0	53	0	0	0	0		
golf_clean.exe	0049aa30	FUN_0049aa30	53	0	0	0	0		
golf_clean.exe	004aa4d9	FUN_004aa4d9	53	0	0	0	0		
Terrain.dll	0001ab65	FUN_1001ab65	53	0	0	0	0		
Terrain.dll	00025a10	FUN_10025a10	53	0	0	0	0		
Terrain.dll	00036960	FUN_10036960	53	0	0	0	0		
golf_clean.exe	00409cb0	FUN_00409cb0	52	0	0	0	0		
golf_clean.exe	00489890	FUN_00489890	52	0	0	0	0		
golf_clean.exe	0049e990	FUN_0049e990	52	0	0	0	0		
golf_clean.exe	004a0060	FUN_004a0060	52	0	0	0	0		
golf_clean.exe	004ab500	__allmul	52	0	0	0	0		
golf_clean.exe	004ae6c0	FUN_004ae6c0	52	0	0	0	0		
golf_clean.exe	004b3d00	FUN_004b3d00	52	0	0	0	0		
golf_clean.exe	004b6628	FUN_004b6628	52	0	0	0	0		
Terrain.dll	00021b90	__allmul	52	0	0	0	0		
Terrain.dll	000290c0	FUN_100290c0	52	0	0	0	0		
Terrain.dll	00033f60	CBlobProperty	52	0	0	0	0		
golf_clean.exe	004838f0	FUN_004838f0	51	0	0	0	0		
golf_clean.exe	00486b30	FUN_00486b30	51	0	0	0	0		
golf_clean.exe	004935b0	FUN_004935b0	51	0	0	0	0		
golf_clean.exe	004a1370	FUN_004a1370	51	0	0	0	0		
golf_clean.exe	004ac6db	FUN_004ac6db	51	0	0	0	0		
golf_clean.exe	004b80ce	Unwind@004b80ce	51	0	0	0	0		
golf_clean.exe	004b8101	Unwind@004b8101	51	0	0	0	0		
Terrain.dll	00029080	FUN_10029080	51	0	0	0	0		
golf_clean.exe	00449860	FUN_00449860	50	0	0	0	0		
golf_clean.exe	00484550	FUN_00484550	50	0	0	0	0		
Terrain.dll	00026c10	__isatty	50	0	0	0	0		
Terrain.dll	0002d7d0	FUN_1002d7d0	50	0	0	0	0		
golf_clean.exe	004860d0	FUN_004860d0	49	0	0	0	0		
golf_clean.exe	0049eff0	FUN_0049eff0	49	0	0	0	0		
golf_clean.exe	004aa50e	FUN_004aa50e	49	0	0	0	0		
golf_clean.exe	00479670	FUN_00479670	48	0	0	0	0		
golf_clean.exe	00486cf0	FUN_00486cf0	48	0	0	0	0		
golf_clean.exe	004884b0	FUN_004884b0	48	0	0	0	0		
golf_clean.exe	0049ee90	FUN_0049ee90	48	0	0	0	0		
golf_clean.exe	0049eec0	FUN_0049eec0	48	0	0	0	0		
Terrain.dll	00019cc0	_set_new_handler	48	0	0	0	0		
Terrain.dll	0001afa6	FUN_1001afa6	48	0	0	0	0		
golf_clean.exe	004011b0	FUN_004011b0	47	0	0	0	0		
golf_clean.exe	00402130	FUN_00402130	47	0	0	0	0		
golf_clean.exe	004785e0	FUN_004785e0	47	0	0	0	0		
golf_clean.exe	00480360	FUN_00480360	47	0	0	0	0		
golf_clean.exe	0049c910	FUN_0049c910	47	0	0	0	0		
golf_clean.exe	004a4ea0	FUN_004a4ea0	47	0	0	0	0		
golf_clean.exe	004a6268	FUN_004a6268	47	0	0	0	0		
golf_clean.exe	004a9943	FUN_004a9943	47	0	0	0	0		
Terrain.dll	00001e40	FUN_10001e40	47	0	0	0	0		
Terrain.dll	00027540	__FillZeroMan	47	0	0	0	0		
golf_clean.exe	0045aed0	FUN_0045aed0	46	0	0	0	0		
golf_clean.exe	00486d60	FUN_00486d60	46	0	0	0	0		
golf_clean.exe	00486d90	FUN_00486d90	46	0	0	0	0		
golf_clean.exe	004a65c0	FUN_004a65c0	46	0	0	0	0		
golf_clean.exe	004a9972	FUN_004a9972	46	0	0	0	0		
golf_clean.exe	004acb9f	FUN_004acb9f	46	0	0	0	0		
Terrain.dll	0000a840	?setSplineHeight@Terrain@@QAEXM@Z	46	0	0	0	0		
Terrain.dll	00020ac0	__shift	46	0	0	0	0		
Terrain.dll	00032400	FUN_10032400	46	0	0	0	0		
Terrain.dll	00032c80	FUN_10032c80	46	0	0	0	0		
Terrain.dll	00034b50	FUN_10034b50	46	0	0	0	0		
Terrain.dll	00035fb0	FUN_10035fb0	46	0	0	0	0		
Terrain.dll	00037400	FUN_10037400	46	0	0	0	0		
golf_clean.exe	00456bb0	FUN_00456bb0	45	0	0	0	0		
golf_clean.exe	0046de70	FUN_0046de70	45	0	0	0	0		
golf_clean.exe	00489ab0	FUN_00489ab0	45	0	0	0	0		
golf_clean.exe	0049fc30	FUN_0049fc30	45	0	0	0	0		
golf_clean.exe	004a51fb	FUN_004a51fb	45	0	0	0	0		
golf_clean.exe	004abab9	FUN_004abab9	45	0	0	0	0		
golf_clean.exe	004abae6	FUN_004abae6	45	0	0	0	0		
golf_clean.exe	004acbcd	FUN_004acbcd	45	0	0	0	0		
Terrain.dll	00013360	FUN_10013360	45	0	0	0	0		
Terrain.dll	00018710	FUN_10018710	45	0	0	0	0		
Terrain.dll	00019d00	__callnewh	45	0	0	0	0		
Terrain.dll	00020550	__positive	45	0	0	0	0		
Terrain.dll	00029050	FUN_10029050	45	0	0	0	0		
golf_clean.exe	00484060	FUN_00484060	44	0	0	0	0		
golf_clean.exe	00486330	FUN_00486330	44	0	0	0	0		
golf_clean.exe	00493a30	FUN_00493a30	44	0	0	0	0		
golf_clean.exe	004a7119	FUN_004a7119	44	0	0	0	0		
golf_clean.exe	004b19e0	FUN_004b19e0	44	0	0	0	0		
Terrain.dll	00018550	ArrayUnwindFilter	44	0	0	0	0		
Terrain.dll	000212a0	ArrayUnwindFilter	44	0	0	0	0		
Terrain.dll	00029310	__chgsign	44	0	0	0	0		
Terrain.dll	00037490	before	44	0	0	0	0		
golf_clean.exe	00496710	FUN_00496710	43	0	0	0	0		
golf_clean.exe	00496740	FUN_00496740	43	0	0	0	0		
golf_clean.exe	004a05d0	FUN_004a05d0	43	0	0	0	0		
golf_clean.exe	004adfed	FUN_004adfed	43	0	0	0	0		
golf_clean.exe	004b5ca0	FUN_004b5ca0	43	0	0	0	0		
Terrain.dll	0001b168	FUN_1001b168	43	0	0	0	0		
Terrain.dll	0001d0b0	FUN_1001d0b0	43	0	0	0	0		
Terrain.dll	00027e50	FUN_10027e50	43	0	0	0	0		
Terrain.dll	00027e80	FUN_10027e80	43	0	0	0	0		
Terrain.dll	0002fb00	FUN_1002fb00	43	0	0	0	0		
golf_clean.exe	004a4ad0	FUN_004a4ad0	42	0	0	0	0		
golf_clean.exe	004a64b8	FUN_004a64b8	42	0	0	0	0		
golf_clean.exe	004a9d6e	FUN_004a9d6e	42	0	0	0	0		
golf_clean.exe	004b01f0	FUN_004b01f0	42	0	0	0	0		
Terrain.dll	000292e0	__copysign	42	0	0	0	0		
Terrain.dll	00035000	FUN_10035000	42	0	0	0	0		
golf_clean.exe	0049c8b0	FUN_0049c8b0	41	0	0	0	0		
golf_clean.exe	004ac140	FUN_004ac140	41	0	0	0	0		
golf_clean.exe	004ac70e	FUN_004ac70e	41	0	0	0	0		
Terrain.dll	0001e990	FUN_1001e990	41	0	0	0	0		
Terrain.dll	00021970	FUN_10021970	41	0	0	0	0		
Terrain.dll	00037460	type_info::operator!=	41	0	0	0	0		
golf_clean.exe	004049a0	FUN_004049a0	40	0	0	0	0		
golf_clean.exe	00476340	FUN_00476340	40	0	0	0	0		
golf_clean.exe	00476370	FUN_00476370	40	0	0	0	0		
golf_clean.exe	004763a0	FUN_004763a0	40	0	0	0	0		
golf_clean.exe	00478bb0	FUN_00478bb0	40	0	0	0	0		
golf_clean.exe	00478be0	FUN_00478be0	40	0	0	0	0		
golf_clean.exe	0048cac0	FUN_0048cac0	40	0	0	0	0		
golf_clean.exe	004924b0	FUN_004924b0	40	0	0	0	0		
golf_clean.exe	0049fe20	FUN_0049fe20	40	0	0	0	0		
golf_clean.exe	004a6570	FUN_004a6570	40	0	0	0	0		
golf_clean.exe	004afc10	FUN_004afc10	40	0	0	0	0		
Terrain.dll	00019565	FUN_10019565	40	0	0	0	0		
Terrain.dll	00037430	operator==	40	0	0	0	0		
golf_clean.exe	00421b60	FUN_00421b60	39	0	0	0	0		
golf_clean.exe	00487430	FUN_00487430	39	0	0	0	0		
golf_clean.exe	004879f0	FUN_004879f0	39	0	0	0	0		
golf_clean.exe	00487bd0	FUN_00487bd0	39	0	0	0	0		
golf_clean.exe	00493580	FUN_00493580	39	0	0	0	0		
Terrain.dll	0000bb70	FUN_1000bb70	39	0	0	0	0		
Terrain.dll	0001b2d0	FUN_1001b2d0	39	0	0	0	0		
Terrain.dll	00027eb0	_ValidateExecute	39	0	0	0	0		
Terrain.dll	00035b50	FUN_10035b50	39	0	0	0	0		
Terrain.dll	00036f30	FUN_10036f30	39	0	0	0	0		
golf_clean.exe	004021b0	FUN_004021b0	38	0	0	0	0		
golf_clean.exe	004914d0	FUN_004914d0	38	0	0	0	0		
Terrain.dll	000042a0	?drawCircle@Terrain@@QAEXPAVTile@@M@Z	38	0	0	0	0		
Terrain.dll	00018820	___CxxLongjmpUnwind@4	38	0	0	0	0		
golf_clean.exe	0045af00	FUN_0045af00	37	0	0	0	0		
golf_clean.exe	0048e190	FUN_0048e190	37	0	0	0	0		
golf_clean.exe	004a5316	FUN_004a5316	37	0	0	0	0		
golf_clean.exe	004a7928	FUN_004a7928	37	0	0	0	0		
Terrain.dll	000347e0	FUN_100347e0	37	0	0	0	0		
golf_clean.exe	0045c000	FUN_0045c000	36	0	0	0	0		
golf_clean.exe	0047d810	FUN_0047d810	36	0	0	0	0		
golf_clean.exe	00488460	FUN_00488460	36	0	0	0	0		
golf_clean.exe	004a0320	FUN_004a0320	36	0	0	0	0		
golf_clean.exe	004b70e9	FUN_004b70e9	36	0	0	0	0		
Terrain.dll	00001fe0	FUN_10001fe0	36	0	0	0	0		
Terrain.dll	0000bba0	FUN_1000bba0	36	0	0	0	0		
Terrain.dll	00015d40	_calloc	36	0	0	0	0		
Terrain.dll	00015dd0	FID_conflict:__expand	36	0	0	0	0		
Terrain.dll	000163b0	FID_conflict:__expand	36	0	0	0	0		
golf_clean.exe	004747e0	FUN_004747e0	35	0	0	0	0		
golf_clean.exe	00487770	FUN_00487770	35	0	0	0	0		
golf_clean.exe	004877a0	FUN_004877a0	35	0	0	0	0		
golf_clean.exe	0048c610	FUN_0048c610	35	0	0	0	0		
golf_clean.exe	00493670	FUN_00493670	35	0	0	0	0		
golf_clean.exe	004a558e	__abnormal_termination	35	0	0	0	0		
golf_clean.exe	004a695c	FUN_004a695c	35	0	0	0	0		
golf_clean.exe	004a8d76	FUN_004a8d76	35	0	0	0	0		
golf_clean.exe	004a98f5	FUN_004a98f5	35	0	0	0	0		
golf_clean.exe	004afa60	FUN_004afa60	35	0	0	0	0		
Terrain.dll	00018b9a	__abnormal_termination	35	0	0	0	0		
golf_clean.exe	004a01a0	FUN_004a01a0	34	0	0	0	0		
golf_clean.exe	004a6937	__amsg_exit	34	0	0	0	0		
Terrain.dll	00017020	FUN_10017020	34	0	0	0	0		
Terrain.dll	000297d0	FUN_100297d0	34	0	0	0	0		
Terrain.dll	00036480	FUN_10036480	34	0	0	0	0		
golf_clean.exe	00487460	FUN_00487460	33	0	0	0	0		
golf_clean.exe	00487ac0	FUN_00487ac0	33	0	0	0	0		
golf_clean.exe	00487c40	FUN_00487c40	33	0	0	0	0		
golf_clean.exe	004acb20	FUN_004acb20	33	0	0	0	0		
golf_clean.exe	004ad91d	FUN_004ad91d	33	0	0	0	0		
Terrain.dll	00035100	FUN_10035100	33	0	0	0	0		
Terrain.dll	00035a90	FUN_10035a90	33	0	0	0	0		
Terrain.dll	00036af0	FUN_10036af0	33	0	0	0	0		
Terrain.dll	00036e70	FUN_10036e70	33	0	0	0	0		
golf_clean.exe	0049f030	FUN_0049f030	32	0	0	0	0		
golf_clean.exe	004a4870	FUN_004a4870	32	0	0	0	0		
golf_clean.exe	004a54e4	__global_unwind2	32	0	0	0	0		
golf_clean.exe	004afbf0	FUN_004afbf0	32	0	0	0	0		
Terrain.dll	00018af0	__global_unwind2	32	0	0	0	0		
Terrain.dll	0001a030	__malloc_base	32	0	0	0	0		
Terrain.dll	00026c70	FUN_10026c70	32	0	0	0	0		
Terrain.dll	000371c0	FUN_100371c0	32	0	0	0	0		
golf_clean.exe	004490b0	FUN_004490b0	31	0	0	0	0		
golf_clean.exe	004afa90	FUN_004afa90	31	0	0	0	0		
golf_clean.exe	004afab0	FUN_004afab0	31	0	0	0	0		
golf_clean.exe	004afad0	FUN_004afad0	31	0	0	0	0		
golf_clean.exe	004b7240	__allshl	31	0	0	0	0		
Terrain.dll	0001a1a2	FUN_1001a1a2	31	0	0	0	0		
Terrain.dll	00022dd0	__ui64toa	31	0	0	0	0		
Terrain.dll	00025ac0	FUN_10025ac0	31	0	0	0	0		
Terrain.dll	00026c50	FUN_10026c50	31	0	0	0	0		
Terrain.dll	00030a60	FUN_10030a60	31	0	0	0	0		
Terrain.dll	00036c70	FUN_10036c70	31	0	0	0	0		
golf_clean.exe	00404260	FUN_00404260	30	0	0	0	0		
golf_clean.exe	00404380	FUN_00404380	30	0	0	0	0		
golf_clean.exe	0043cbd0	FUN_0043cbd0	30	0	0	0	0		
golf_clean.exe	004747c0	FUN_004747c0	30	0	0	0	0		
golf_clean.exe	00474c20	FUN_00474c20	30	0	0	0	0		
golf_clean.exe	00479f10	FUN_00479f10	30	0	0	0	0		
golf_clean.exe	00480580	FUN_00480580	30	0	0	0	0		
golf_clean.exe	00484110	FUN_00484110	30	0	0	0	0		
golf_clean.exe	004841c0	FUN_004841c0	30	0	0	0	0		
golf_clean.exe	004847b0	FUN_004847b0	30	0	0	0	0		
golf_clean.exe	00484880	FUN_00484880	30	0	0	0	0		
golf_clean.exe	004852b0	FUN_004852b0	30	0	0	0	0		
golf_clean.exe	004853b0	FUN_004853b0	30	0	0	0	0		
golf_clean.exe	00487020	FUN_00487020	30	0	0	0	0		
golf_clean.exe	00487240	FUN_00487240	30	0	0	0	0		
golf_clean.exe	004872f0	FUN_004872f0	30	0	0	0	0		
golf_clean.exe	00487a40	FUN_00487a40	30	0	0	0	0		
golf_clean.exe	00487b60	FUN_00487b60	30	0	0	0	0		
golf_clean.exe	004882d0	FUN_004882d0	30	0	0	0	0		
golf_clean.exe	00488630	FUN_00488630	30	0	0	0	0		
golf_clean.exe	00489350	FUN_00489350	30	0	0	0	0		
golf_clean.exe	00491470	FUN_00491470	30	0	0	0	0		
golf_clean.exe	004916f0	FUN_004916f0	30	0	0	0	0		
golf_clean.exe	004928b0	FUN_004928b0	30	0	0	0	0		
golf_clean.exe	00497a00	FUN_00497a00	30	0	0	0	0		
golf_clean.exe	0049c800	FUN_0049c800	30	0	0	0	0		
golf_clean.exe	0049d070	FUN_0049d070	30	0	0	0	0		
golf_clean.exe	0049ead0	FUN_0049ead0	30	0	0	0	0		
golf_clean.exe	004a0160	FUN_004a0160	30	0	0	0	0		
golf_clean.exe	004ae740	FUN_004ae740	30	0	0	0	0		
Terrain.dll	0001b0e6	FUN_1001b0e6	30	0	0	0	0		
Terrain.dll	00022490	_abort	30	0	0	0	0		
Terrain.dll	00022c60	__ultoa	30	0	0	0	0		
Terrain.dll	00032030	FUN_10032030	30	0	0	0	0		
Terrain.dll	000410b0	Unwind@100410b0	30	0	0	0	0		
Terrain.dll	00041100	Unwind@10041100	30	0	0	0	0		
golf_clean.exe	00481b20	FUN_00481b20	29	0	0	0	0		
golf_clean.exe	004a3860	FUN_004a3860	29	0	0	0	0		
golf_clean.exe	004af0a0	FUN_004af0a0	29	0	0	0	0		
golf_clean.exe	004b92a0	Unwind@004b92a0	29	0	0	0	0		
golf_clean.exe	004b92bd	Unwind@004b92bd	29	0	0	0	0		
golf_clean.exe	004b9340	Unwind@004b9340	29	0	0	0	0		
golf_clean.exe	004b9390	Unwind@004b9390	29	0	0	0	0		
golf_clean.exe	004b93ad	Unwind@004b93ad	29	0	0	0	0		
Terrain.dll	00020b80	FUN_10020b80	29	0	0	0	0		
golf_clean.exe	00477560	FUN_00477560	28	0	0	0	0		
golf_clean.exe	0047ba30	FUN_0047ba30	28	0	0	0	0		
golf_clean.exe	0047ba50	FUN_0047ba50	28	0	0	0	0		
golf_clean.exe	004882f0	FUN_004882f0	28	0	0	0	0		
golf_clean.exe	004abed8	FUN_004abed8	28	0	0	0	0		
golf_clean.exe	004abef4	FUN_004abef4	28	0	0	0	0		
golf_clean.exe	004b9158	Unwind@004b9158	28	0	0	0	0		
Terrain.dll	00016ac0	FUN_10016ac0	28	0	0	0	0		
Terrain.dll	00016bc0	FUN_10016bc0	28	0	0	0	0		
Terrain.dll	000173b0	FUN_100173b0	28	0	0	0	0		
Terrain.dll	000183d0	FUN_100183d0	28	0	0	0	0		
Terrain.dll	00018495	FUN_10018495	28	0	0	0	0		
Terrain.dll	0001a300	FUN_1001a300	28	0	0	0	0		
golf_clean.exe	00475df0	FUN_00475df0	27	0	0	0	0		
golf_clean.exe	00479b20	FUN_00479b20	27	0	0	0	0		
golf_clean.exe	0047abc0	FUN_0047abc0	27	0	0	0	0		
golf_clean.exe	00489c90	FUN_00489c90	27	0	0	0	0		
golf_clean.exe	00491490	FUN_00491490	27	0	0	0	0		
golf_clean.exe	004914b0	FUN_004914b0	27	0	0	0	0		
golf_clean.exe	004925f0	FUN_004925f0	27	0	0	0	0		
golf_clean.exe	004a3370	FUN_004a3370	27	0	0	0	0		
golf_clean.exe	004a8567	FUN_004a8567	27	0	0	0	0		
golf_clean.exe	004a9039	FUN_004a9039	27	0	0	0	0		
golf_clean.exe	004ab852	FUN_004ab852	27	0	0	0	0		
golf_clean.exe	004ab879	FUN_004ab879	27	0	0	0	0		
golf_clean.exe	004b0540	FUN_004b0540	27	0	0	0	0		
Terrain.dll	00019fb1	FUN_10019fb1	27	0	0	0	0		
Terrain.dll	00024750	FUN_10024750	27	0	0	0	0		
Terrain.dll	00024ab0	FUN_10024ab0	27	0	0	0	0		
Terrain.dll	00025ae0	FUN_10025ae0	27	0	0	0	0		
Terrain.dll	000292c0	FUN_100292c0	27	0	0	0	0		
golf_clean.exe	004a2980	FUN_004a2980	26	0	0	0	0		
golf_clean.exe	004b70b8	FUN_004b70b8	26	0	0	0	0		
golf_clean.exe	004b7fa0	Unwind@004b7fa0	26	0	0	0	0		
golf_clean.exe	004b90d4	Unwind@004b90d4	26	0	0	0	0		
golf_clean.exe	004b90ff	Unwind@004b90ff	26	0	0	0	0		
golf_clean.exe	004b912d	Unwind@004b912d	26	0	0	0	0		
golf_clean.exe	004b9200	Unwind@004b9200	26	0	0	0	0		
golf_clean.exe	004b9250	Unwind@004b9250	26	0	0	0	0		
Terrain.dll	00018cb0	FUN_10018cb0	26	0	0	0	0		
Terrain.dll	00019ed0	FUN_10019ed0	26	0	0	0	0		
Terrain.dll	0001e8c0	FUN_1001e8c0	26	0	0	0	0		
Terrain.dll	00025aa0	FUN_10025aa0	26	0	0	0	0		
Terrain.dll	000278f0	FUN_100278f0	26	0	0	0	0		
Terrain.dll	00027910	FUN_10027910	26	0	0	0	0		
Terrain.dll	00033da0	FUN_10033da0	26	0	0	0	0		
Terrain.dll	000411d0	Unwind@100411d0	26	0	0	0	0		
Terrain.dll	00041220	Unwind@10041220	26	0	0	0	0		
Terrain.dll	00041270	Unwind@10041270	26	0	0	0	0		
Terrain.dll	000412c0	Unwind@100412c0	26	0	0	0	0		
Terrain.dll	00041350	Unwind@10041350	26	0	0	0	0		
Terrain.dll	00041380	Unwind@10041380	26	0	0	0	0		
Terrain.dll	000413d0	Unwind@100413d0	26	0	0	0	0		
Terrain.dll	00041400	Unwind@10041400	26	0	0	0	0		
Terrain.dll	00041430	Unwind@10041430	26	0	0	0	0		
Terrain.dll	00041460	Unwind@10041460	26	0	0	0	0		
Terrain.dll	000414b0	Unwind@100414b0	26	0	0	0	0		
Terrain.dll	000414e0	Unwind@100414e0	26	0	0	0	0		
Terrain.dll	00019370	FUN_10019370	25	0	0	0	0		
Terrain.dll	00021dcc	FUN_10021dcc	25	0	0	0	0		
Terrain.dll	00029340	FUN_10029340	25	0	0	0	0		
Terrain.dll	00033dc0	FUN_10033dc0	25	0	0	0	0		
Terrain.dll	00035860	IsEmpty	25	0	0	0	0		
Terrain.dll	000374e0	FUN_100374e0	25	0	0	0	0		
golf_clean.exe	004a55ba	FUN_004a55ba	24	0	0	0	0		
golf_clean.exe	004abf10	FUN_004abf10	24	0	0	0	0		
golf_clean.exe	004b04d0	FUN_004b04d0	24	0	0	0	0		
golf_clean.exe	004b7614	Unwind@004b7614	24	0	0	0	0		
golf_clean.exe	004b76a4	Unwind@004b76a4	24	0	0	0	0		
golf_clean.exe	004b772e	Unwind@004b772e	24	0	0	0	0		
golf_clean.exe	004b777e	Unwind@004b777e	24	0	0	0	0		
Terrain.dll	00018bc6	FUN_10018bc6	24	0	0	0	0		
golf_clean.exe	00449110	getElevation	23	0	0	3	0		log/diff/00449110_Terrain_getElevation.match.csv
golf_clean.exe	00465560	FUN_00465560	23	0	0	0	0		
golf_clean.exe	0047b9f0	FUN_0047b9f0	23	0	0	0	0		
golf_clean.exe	0047ba10	FUN_0047ba10	23	0	0	0	0		
golf_clean.exe	0047ba70	FUN_0047ba70	23	0	0	0	0		
golf_clean.exe	0047ba90	FUN_0047ba90	23	0	0	0	0		
golf_clean.exe	0049e7b0	FUN_0049e7b0	23	0	0	0	0		
golf_clean.exe	0049fd80	FUN_0049fd80	23	0	0	0	0		
golf_clean.exe	004abfb4	FUN_004abfb4	23	0	0	0	0		
golf_clean.exe	004b70d2	FUN_004b70d2	23	0	0	0	0		
Terrain.dll	00015a00	FUN_10015a00	23	0	0	0	0		
Terrain.dll	00021db5	FUN_10021db5	23	0	0	0	0		
Terrain.dll	00021f30	FUN_10021f30	23	0	0	0	0		
Terrain.dll	0002a3e0	FUN_1002a3e0	23	0	0	0	0		
Terrain.dll	0002d7b0	FUN_1002d7b0	23	0	0	0	0		
golf_clean.exe	004aba8d	FUN_004aba8d	22	0	0	0	0		
golf_clean.exe	004abaa3	FUN_004abaa3	22	0	0	0	0		
golf_clean.exe	004b73c0	Unwind@004b73c0	22	0	0	0	0		
golf_clean.exe	004b73f0	Unwind@004b73f0	22	0	0	0	0		
golf_clean.exe	004b7420	Unwind@004b7420	22	0	0	0	0		
golf_clean.exe	004b7718	Unwind@004b7718	22	0	0	0	0		
golf_clean.exe	004b7768	Unwind@004b7768	22	0	0	0	0		
golf_clean.exe	004b7a90	Unwind@004b7a90	22	0	0	0	0		
golf_clean.exe	004b7ad0	Unwind@004b7ad0	22	0	0	0	0		
golf_clean.exe	004b7ae6	Unwind@004b7ae6	22	0	0	0	0		
Terrain.dll	00021e28	FUN_10021e28	22	0	0	0	0		
Terrain.dll	0002d790	FUN_1002d790	22	0	0	0	0		
Terrain.dll	00034880	FUN_10034880	22	0	0	0	0		
Terrain.dll	000411ea	Unwind@100411ea	22	0	0	0	0		
Terrain.dll	0004123a	Unwind@1004123a	22	0	0	0	0		
Terrain.dll	0004128a	Unwind@1004128a	22	0	0	0	0		
Terrain.dll	000412da	Unwind@100412da	22	0	0	0	0		
golf_clean.exe	00485590	FUN_00485590	21	0	0	0	0		
golf_clean.exe	00493ed0	FUN_00493ed0	21	0	0	0	0		
Terrain.dll	0001e410	FUN_1001e410	21	0	0	0	0		
Terrain.dll	0001e430	__exit	21	0	0	0	0		
Terrain.dll	00021da0	FUN_10021da0	21	0	0	0	0		
golf_clean.exe	0049ff30	FUN_0049ff30	20	0	0	0	0		
golf_clean.exe	004b0490	FUN_004b0490	20	0	0	0	0		
golf_clean.exe	004b90c0	Unwind@004b90c0	20	0	0	0	0		
golf_clean.exe	004b9119	Unwind@004b9119	20	0	0	0	0		
Terrain.dll	00015e6e	FUN_10015e6e	20	0	0	0	0		
Terrain.dll	0001644e	FUN_1001644e	20	0	0	0	0		
Terrain.dll	00016aac	FUN_10016aac	20	0	0	0	0		
Terrain.dll	00016ff0	FUN_10016ff0	20	0	0	0	0		
Terrain.dll	00017391	FUN_10017391	20	0	0	0	0		
Terrain.dll	00019150	FUN_10019150	20	0	0	0	0		
Terrain.dll	00019200	FUN_10019200	20	0	0	0	0		
Terrain.dll	000192b0	FUN_100192b0	20	0	0	0	0		
Terrain.dll	000214cb	FUN_100214cb	20	0	0	0	0		
golf_clean.exe	00483d80	FUN_00483d80	19	0	0	0	0		
golf_clean.exe	00487260	FUN_00487260	19	0	0	0	0		
golf_clean.exe	0049d0e0	FUN_0049d0e0	19	0	0	0	0		
golf_clean.exe	004a29a0	FUN_004a29a0	19	0	0	0	0		
golf_clean.exe	004a4d30	FUN_004a4d30	19	0	0	0	0		
golf_clean.exe	004b7d07	Unwind@004b7d07	19	0	0	0	0		
golf_clean.exe	004b7d2b	Unwind@004b7d2b	19	0	0	0	0		
golf_clean.exe	004b7d4f	Unwind@004b7d4f	19	0	0	0	0		
Terrain.dll	00016490	FUN_10016490	19	0	0	0	0		
Terrain.dll	00016910	FUN_10016910	19	0	0	0	0		
Terrain.dll	000184b1	FUN_100184b1	19	0	0	0	0		
Terrain.dll	0001a120	FUN_1001a120	19	0	0	0	0		
Terrain.dll	0001e450	FUN_1001e450	19	0	0	0	0		
Terrain.dll	0001e470	FUN_1001e470	19	0	0	0	0		
golf_clean.exe	00449130	getWall	18	0	0	3	0		log/diff/00449130_Terrain_getWall.match.csv
golf_clean.exe	004967d0	FUN_004967d0	18	0	0	0	0		
Terrain.dll	00034fc0	FUN_10034fc0	18	0	0	0	0		
Terrain.dll	00034fe0	FUN_10034fe0	18	0	0	0	0		
golf_clean.exe	00402160	FUN_00402160	17	0	0	0	0		
golf_clean.exe	00484130	FUN_00484130	17	0	0	0	0		
golf_clean.exe	004a5108	FUN_004a5108	17	0	0	0	0		
golf_clean.exe	004a5119	__exit	17	0	0	0	0		
golf_clean.exe	004b7cf6	Unwind@004b7cf6	17	0	0	0	0		
golf_clean.exe	004b7d1a	Unwind@004b7d1a	17	0	0	0	0		
golf_clean.exe	004b7d3e	Unwind@004b7d3e	17	0	0	0	0		
golf_clean.exe	004b7d62	Unwind@004b7d62	17	0	0	0	0		
golf_clean.exe	004b90ee	Unwind@004b90ee	17	0	0	0	0		
golf_clean.exe	004b9147	Unwind@004b9147	17	0	0	0	0		
Terrain.dll	00016ba8	FUN_10016ba8	17	0	0	0	0		
Terrain.dll	000170e8	FUN_100170e8	17	0	0	0	0		
Terrain.dll	00017563	FUN_10017563	17	0	0	0	0		
Terrain.dll	0001b040	FUN_1001b040	17	0	0	0	0		
Terrain.dll	00020c10	FUN_10020c10	17	0	0	0	0		
Terrain.dll	00027e30	FUN_10027e30	17	0	0	0	0		
Terrain.dll	00033920	FUN_10033920	17	0	0	0	0		
Terrain.dll	000342e0	FUN_100342e0	17	0	0	0	0		
Terrain.dll	00034300	FUN_10034300	17	0	0	0	0		
Terrain.dll	000347a0	FUN_100347a0	17	0	0	0	0		
Terrain.dll	00034ec0	FUN_10034ec0	17	0	0	0	0		
Terrain.dll	00034ee0	FUN_10034ee0	17	0	0	0	0		
Terrain.dll	00034f00	FUN_10034f00	17	0	0	0	0		
Terrain.dll	00034f20	FUN_10034f20	17	0	0	0	0		
Terrain.dll	00034f40	FUN_10034f40	17	0	0	0	0		
Terrain.dll	00034f60	FUN_10034f60	17	0	0	0	0		
Terrain.dll	00036560	FUN_10036560	17	0	0	0	0		
Terrain.dll	000374c0	FUN_100374c0	17	0	0	0	0		
golf_clean.exe	00463170	FUN_00463170	16	0	0	0	0		
golf_clean.exe	0047d010	FUN_0047d010	16	0	0	0	0		
golf_clean.exe	004aa584	FUN_004aa584	16	0	0	0	0		
golf_clean.exe	004b04c0	FUN_004b04c0	16	0	0	0	0		
Terrain.dll	00018cd0	FUN_10018cd0	16	0	0	0	0		
Terrain.dll	00036470	FUN_10036470	16	0	0	0	0		
Terrain.dll	00037500	FUN_10037500	16	0	0	0	0		
Terrain.dll	00037840	FUN_10037840	16	0	0	0	0		
golf_clean.exe	004021a0	FUN_004021a0	15	0	0	0	0		
golf_clean.exe	004845d0	FUN_004845d0	15	0	0	0	0		
golf_clean.exe	00492460	FUN_00492460	15	0	0	0	0		
Terrain.dll	0001e580	FUN_1001e580	15	0	0	0	0		
Terrain.dll	0001e590	FUN_1001e590	15	0	0	0	0		
Terrain.dll	0001ecf0	FUN_1001ecf0	15	0	0	0	0		
Terrain.dll	00027da0	__fptrap	15	0	0	0	0		
Terrain.dll	00037920	FUN_10037920	15	0	0	0	0		
Terrain.dll	000410ce	Unwind@100410ce	15	0	0	0	0		
Terrain.dll	0004111e	Unwind@1004111e	15	0	0	0	0		
golf_clean.exe	00483ba0	FUN_00483ba0	14	0	0	0	0		
golf_clean.exe	004aa594	FUN_004aa594	14	0	0	0	0		
golf_clean.exe	004b0460	FUN_004b0460	14	0	0	0	0		
golf_clean.exe	004b7458	Unwind@004b7458	14	0	0	0	0		
golf_clean.exe	004b752e	Unwind@004b752e	14	0	0	0	0		
golf_clean.exe	004b753c	Unwind@004b753c	14	0	0	0	0		
golf_clean.exe	004b757e	Unwind@004b757e	14	0	0	0	0		
golf_clean.exe	004b758c	Unwind@004b758c	14	0	0	0	0		
golf_clean.exe	004b75ce	Unwind@004b75ce	14	0	0	0	0		
golf_clean.exe	004b75dc	Unwind@004b75dc	14	0	0	0	0		
golf_clean.exe	004b75ea	Unwind@004b75ea	14	0	0	0	0		
golf_clean.exe	004b75f8	Unwind@004b75f8	14	0	0	0	0		
golf_clean.exe	004b7606	Unwind@004b7606	14	0	0	0	0		
golf_clean.exe	004b765e	Unwind@004b765e	14	0	0	0	0		
golf_clean.exe	004b766c	Unwind@004b766c	14	0	0	0	0		
golf_clean.exe	004b767a	Unwind@004b767a	14	0	0	0	0		
golf_clean.exe	004b7688	Unwind@004b7688	14	0	0	0	0		
golf_clean.exe	004b7696	Unwind@004b7696	14	0	0	0	0		
golf_clean.exe	004b7746	Unwind@004b7746	14	0	0	0	0		
golf_clean.exe	004b7796	Unwind@004b7796	14	0	0	0	0		
golf_clean.exe	004b780e	Unwind@004b780e	14	0	0	0	0		
golf_clean.exe	004b781c	Unwind@004b781c	14	0	0	0	0		
golf_clean.exe	004b782a	Unwind@004b782a	14	0	0	0	0		
golf_clean.exe	004b7838	Unwind@004b7838	14	0	0	0	0		
golf_clean.exe	004b7846	Unwind@004b7846	14	0	0	0	0		
golf_clean.exe	004b7854	Unwind@004b7854	14	0	0	0	0		
golf_clean.exe	004b7862	Unwind@004b7862	14	0	0	0	0		
golf_clean.exe	004b7870	Unwind@004b7870	14	0	0	0	0		
golf_clean.exe	004b78ae	Unwind@004b78ae	14	0	0	0	0		
golf_clean.exe	004b78bc	Unwind@004b78bc	14	0	0	0	0		
golf_clean.exe	004b78ca	Unwind@004b78ca	14	0	0	0	0		
golf_clean.exe	004b78d8	Unwind@004b78d8	14	0	0	0	0		
golf_clean.exe	004b78e6	Unwind@004b78e6	14	0	0	0	0		
golf_clean.exe	004b78f4	Unwind@004b78f4	14	0	0	0	0		
golf_clean.exe	004b7902	Unwind@004b7902	14	0	0	0	0		
golf_clean.exe	004b7910	Unwind@004b7910	14	0	0	0	0		
golf_clean.exe	004b7b40	Unwind@004b7b40	14	0	0	0	0		
golf_clean.exe	004b7b60	Unwind@004b7b60	14	0	0	0	0		
golf_clean.exe	004b7b6e	Unwind@004b7b6e	14	0	0	0	0		
golf_clean.exe	004b7b9b	Unwind@004b7b9b	14	0	0	0	0		
golf_clean.exe	004b7c08	Unwind@004b7c08	14	0	0	0	0		
golf_clean.exe	004b7c16	Unwind@004b7c16	14	0	0	0	0		
golf_clean.exe	004b7e80	Unwind@004b7e80	14	0	0	0	0		
golf_clean.exe	004b7f08	Unwind@004b7f08	14	0	0	0	0		
golf_clean.exe	004b7f28	Unwind@004b7f28	14	0	0	0	0		
golf_clean.exe	004b7f36	Unwind@004b7f36	14	0	0	0	0		
golf_clean.exe	004b7f5b	Unwind@004b7f5b	14	0	0	0	0		
golf_clean.exe	004b7fd8	Unwind@004b7fd8	14	0	0	0	0		
golf_clean.exe	004b7fe6	Unwind@004b7fe6	14	0	0	0	0		
golf_clean.exe	004b7ff4	Unwind@004b7ff4	14	0	0	0	0		
golf_clean.exe	004b8002	Unwind@004b8002	14	0	0	0	0		
golf_clean.exe	004b8010	Unwind@004b8010	14	0	0	0	0		
golf_clean.exe	004b801e	Unwind@004b801e	14	0	0	0	0		
golf_clean.exe	004b802c	Unwind@004b802c	14	0	0	0	0		
golf_clean.exe	004b803a	Unwind@004b803a	14	0	0	0	0		
golf_clean.exe	004b80c0	Unwind@004b80c0	14	0	0	0	0		
golf_clean.exe	004b81b8	Unwind@004b81b8	14	0	0	0	0		
golf_clean.exe	004b81c6	Unwind@004b81c6	14	0	0	0	0		
golf_clean.exe	004b81d4	Unwind@004b81d4	14	0	0	0	0		
golf_clean.exe	004b81e2	Unwind@004b81e2	14	0	0	0	0		
golf_clean.exe	004b81f0	Unwind@004b81f0	14	0	0	0	0		
golf_clean.exe	004b81fe	Unwind@004b81fe	14	0	0	0	0		
golf_clean.exe	004b820c	Unwind@004b820c	14	0	0	0	0		
golf_clean.exe	004b821a	Unwind@004b821a	14	0	0	0	0		
golf_clean.exe	004b8308	Unwind@004b8308	14	0	0	0	0		
golf_clean.exe	004b8328	Unwind@004b8328	14	0	0	0	0		
golf_clean.exe	004b8336	Unwind@004b8336	14	0	0	0	0		
golf_clean.exe	004b8a7d	Unwind@004b8a7d	14	0	0	0	0		
golf_clean.exe	004b8a8b	Unwind@004b8a8b	14	0	0	0	0		
golf_clean.exe	004b9188	Unwind@004b9188	14	0	0	0	0		
golf_clean.exe	004b91a8	Unwind@004b91a8	14	0	0	0	0		
golf_clean.exe	004b92f0	Unwind@004b92f0	14	0	0	0	0		
golf_clean.exe	004b92fe	Unwind@004b92fe	14	0	0	0	0		
golf_clean.exe	004b93f0	Unwind@004b93f0	14	0	0	0	0		
golf_clean.exe	004aa577	FUN_004aa577	13	0	0	0	0		
Terrain.dll	00021e3e	FUN_10021e3e	13	0	0	0	0		
Terrain.dll	00022a20	FUN_10022a20	13	0	0	0	0		
Terrain.dll	00022a30	FUN_10022a30	13	0	0	0	0		
golf_clean.exe	004ab86d	FUN_004ab86d	12	0	0	0	0		
golf_clean.exe	004ae210	FUN_004ae210	12	0	0	0	0		
golf_clean.exe	004b0470	FUN_004b0470	12	0	0	0	0		
Terrain.dll	00041170	Unwind@10041170	12	0	0	0	0		
Terrain.dll	00041190	Unwind@10041190	12	0	0	0	0		
Terrain.dll	000411b0	Unwind@100411b0	12	0	0	0	0		
Terrain.dll	00041200	Unwind@10041200	12	0	0	0	0		
Terrain.dll	00041250	Unwind@10041250	12	0	0	0	0		
Terrain.dll	000412a0	Unwind@100412a0	12	0	0	0	0		
Terrain.dll	000412f0	Unwind@100412f0	12	0	0	0	0		
golf_clean.exe	00474810	FUN_00474810	11	0	0	0	0		
golf_clean.exe	0047d7c0	FUN_0047d7c0	11	0	0	0	0		
golf_clean.exe	00483b90	FUN_00483b90	11	0	0	0	0		
golf_clean.exe	00487040	FUN_00487040	11	0	0	0	0		
golf_clean.exe	00487a60	FUN_00487a60	11	0	0	0	0		
golf_clean.exe	00487b80	FUN_00487b80	11	0	0	0	0		
golf_clean.exe	0049c0a0	FUN_0049c0a0	11	0	0	0	0		
golf_clean.exe	004a6b93	FUN_004a6b93	11	0	0	0	0		
golf_clean.exe	004b72d0	Unwind@004b72d0	11	0	0	0	0		
golf_clean.exe	004b72f8	Unwind@004b72f8	11	0	0	0	0		
golf_clean.exe	004b7310	Unwind@004b7310	11	0	0	0	0		
golf_clean.exe	004b731b	Unwind@004b731b	11	0	0	0	0		
golf_clean.exe	004b7330	Unwind@004b7330	11	0	0	0	0		
golf_clean.exe	004b733b	Unwind@004b733b	11	0	0	0	0		
golf_clean.exe	004b7346	Unwind@004b7346	11	0	0	0	0		
golf_clean.exe	004b7351	Unwind@004b7351	11	0	0	0	0		
golf_clean.exe	004b735c	Unwind@004b735c	11	0	0	0	0		
golf_clean.exe	004b7367	Unwind@004b7367	11	0	0	0	0		
golf_clean.exe	004b7380	Unwind@004b7380	11	0	0	0	0		
golf_clean.exe	004b73a0	Unwind@004b73a0	11	0	0	0	0		
golf_clean.exe	004b73d6	Unwind@004b73d6	11	0	0	0	0		
golf_clean.exe	004b7406	Unwind@004b7406	11	0	0	0	0		
golf_clean.exe	004b7436	Unwind@004b7436	11	0	0	0	0		
golf_clean.exe	004b7470	Unwind@004b7470	11	0	0	0	0		
golf_clean.exe	004b7490	Unwind@004b7490	11	0	0	0	0		
golf_clean.exe	004b74b0	Unwind@004b74b0	11	0	0	0	0		
golf_clean.exe	004b7518	Unwind@004b7518	11	0	0	0	0		
golf_clean.exe	004b7523	Unwind@004b7523	11	0	0	0	0		
golf_clean.exe	004b7568	Unwind@004b7568	11	0	0	0	0		
golf_clean.exe	004b7573	Unwind@004b7573	11	0	0	0	0		
golf_clean.exe	004b75b8	Unwind@004b75b8	11	0	0	0	0		
golf_clean.exe	004b75c3	Unwind@004b75c3	11	0	0	0	0		
golf_clean.exe	004b7648	Unwind@004b7648	11	0	0	0	0		
golf_clean.exe	004b7653	Unwind@004b7653	11	0	0	0	0		
golf_clean.exe	004b76d8	Unwind@004b76d8	11	0	0	0	0		
golf_clean.exe	004b76f8	Unwind@004b76f8	11	0	0	0	0		
golf_clean.exe	004b77f8	Unwind@004b77f8	11	0	0	0	0		
golf_clean.exe	004b7803	Unwind@004b7803	11	0	0	0	0		
golf_clean.exe	004b7898	Unwind@004b7898	11	0	0	0	0		
golf_clean.exe	004b78a3	Unwind@004b78a3	11	0	0	0	0		
golf_clean.exe	004b7930	Unwind@004b7930	11	0	0	0	0		
golf_clean.exe	004b793b	Unwind@004b793b	11	0	0	0	0		
golf_clean.exe	004b7946	Unwind@004b7946	11	0	0	0	0		
golf_clean.exe	004b7960	Unwind@004b7960	11	0	0	0	0		
golf_clean.exe	004b7980	Unwind@004b7980	11	0	0	0	0		
golf_clean.exe	004b798b	Unwind@004b798b	11	0	0	0	0		
golf_clean.exe	004b7996	Unwind@004b7996	11	0	0	0	0		
golf_clean.exe	004b79a1	Unwind@004b79a1	11	0	0	0	0		
golf_clean.exe	004b79ac	Unwind@004b79ac	11	0	0	0	0		
golf_clean.exe	004b79b7	Unwind@004b79b7	11	0	0	0	0		
golf_clean.exe	004b79c2	Unwind@004b79c2	11	0	0	0	0		
golf_clean.exe	004b79e0	Unwind@004b79e0	11	0	0	0	0		
golf_clean.exe	004b79eb	Unwind@004b79eb	11	0	0	0	0		
golf_clean.exe	004b79f6	Unwind@004b79f6	11	0	0	0	0		
golf_clean.exe	004b7a10	Unwind@004b7a10	11	0	0	0	0		
golf_clean.exe	004b7a70	Unwind@004b7a70	11	0	0	0	0		
golf_clean.exe	004b7a7b	Unwind@004b7a7b	11	0	0	0	0		
golf_clean.exe	004b7aa6	Unwind@004b7aa6	11	0	0	0	0		
golf_clean.exe	004b7ab1	Unwind@004b7ab1	11	0	0	0	0		
golf_clean.exe	004b7afc	Unwind@004b7afc	11	0	0	0	0		
golf_clean.exe	004b7b20	Unwind@004b7b20	11	0	0	0	0		
golf_clean.exe	004b7b90	Unwind@004b7b90	11	0	0	0	0		
golf_clean.exe	004b7bc0	Unwind@004b7bc0	11	0	0	0	0		
golf_clean.exe	004b7c30	Unwind@004b7c30	11	0	0	0	0		
golf_clean.exe	004b7c3b	Unwind@004b7c3b	11	0	0	0	0		
golf_clean.exe	004b7c46	Unwind@004b7c46	11	0	0	0	0		
golf_clean.exe	004b7c51	Unwind@004b7c51	11	0	0	0	0		
golf_clean.exe	004b7c5c	Unwind@004b7c5c	11	0	0	0	0		
golf_clean.exe	004b7c67	Unwind@004b7c67	11	0	0	0	0		
golf_clean.exe	004b7cc0	Unwind@004b7cc0	11	0	0	0	0		
golf_clean.exe	004b7ce0	Unwind@004b7ce0	11	0	0	0	0		
golf_clean.exe	004b7ceb	Unwind@004b7ceb	11	0	0	0	0		
golf_clean.exe	004b7d80	Unwind@004b7d80	11	0	0	0	0		
golf_clean.exe	004b7da0	Unwind@004b7da0	11	0	0	0	0		
golf_clean.exe	004b7dc0	Unwind@004b7dc0	11	0	0	0	0		
golf_clean.exe	004b7f50	Unwind@004b7f50	11	0	0	0	0		
golf_clean.exe	004b7f69	Unwind@004b7f69	11	0	0	0	0		
golf_clean.exe	004b7f80	Unwind@004b7f80	11	0	0	0	0		
golf_clean.exe	004b8060	Unwind@004b8060	11	0	0	0	0		
golf_clean.exe	004b8080	Unwind@004b8080	11	0	0	0	0		
golf_clean.exe	004b8228	Unwind@004b8228	11	0	0	0	0		
golf_clean.exe	004b8233	Unwind@004b8233	11	0	0	0	0		
golf_clean.exe	004b8260	Unwind@004b8260	11	0	0	0	0		
golf_clean.exe	004b8280	Unwind@004b8280	11	0	0	0	0		
golf_clean.exe	004b82a0	Unwind@004b82a0	11	0	0	0	0		
golf_clean.exe	004b82c0	Unwind@004b82c0	11	0	0	0	0		
golf_clean.exe	004b82e0	Unwind@004b82e0	11	0	0	0	0		
golf_clean.exe	004b8360	Unwind@004b8360	11	0	0	0	0		
golf_clean.exe	004b836b	Unwind@004b836b	11	0	0	0	0		
golf_clean.exe	004b8376	Unwind@004b8376	11	0	0	0	0		
golf_clean.exe	004b8381	Unwind@004b8381	11	0	0	0	0		
golf_clean.exe	004b838c	Unwind@004b838c	11	0	0	0	0		
golf_clean.exe	004b8397	Unwind@004b8397	11	0	0	0	0		
golf_clean.exe	004b83a2	Unwind@004b83a2	11	0	0	0	0		
golf_clean.exe	004b83ad	Unwind@004b83ad	11	0	0	0	0		
golf_clean.exe	004b83b8	Unwind@004b83b8	11	0	0	0	0		
golf_clean.exe	004b83c3	Unwind@004b83c3	11	0	0	0	0		
golf_clean.exe	004b83ce	Unwind@004b83ce	11	0	0	0	0		
golf_clean.exe	004b83d9	Unwind@004b83d9	11	0	0	0	0		
golf_clean.exe	004b83e4	Unwind@004b83e4	11	0	0	0	0		
golf_clean.exe	004b83ef	Unwind@004b83ef	11	0	0	0	0		
golf_clean.exe	004b83fa	Unwind@004b83fa	11	0	0	0	0		
golf_clean.exe	004b8405	Unwind@004b8405	11	0	0	0	0		
golf_clean.exe	004b8410	Unwind@004b8410	11	0	0	0	0		
golf_clean.exe	004b841b	Unwind@004b841b	11	0	0	0	0		
golf_clean.exe	004b8426	Unwind@004b8426	11	0	0	0	0		
golf_clean.exe	004b8431	Unwind@004b8431	11	0	0	0	0		
golf_clean.exe	004b843c	Unwind@004b843c	11	0	0	0	0		
golf_clean.exe	004b8447	Unwind@004b8447	11	0	0	0	0		
golf_clean.exe	004b8452	Unwind@004b8452	11	0	0	0	0		
golf_clean.exe	004b845d	Unwind@004b845d	11	0	0	0	0		
golf_clean.exe	004b8468	Unwind@004b8468	11	0	0	0	0		
golf_clean.exe	004b8473	Unwind@004b8473	11	0	0	0	0		
golf_clean.exe	004b847e	Unwind@004b847e	11	0	0	0	0		
golf_clean.exe	004b8489	Unwind@004b8489	11	0	0	0	0		
golf_clean.exe	004b8494	Unwind@004b8494	11	0	0	0	0		
golf_clean.exe	004b849f	Unwind@004b849f	11	0	0	0	0		
golf_clean.exe	004b84aa	Unwind@004b84aa	11	0	0	0	0		
golf_clean.exe	004b84b5	Unwind@004b84b5	11	0	0	0	0		
golf_clean.exe	004b84c0	Unwind@004b84c0	11	0	0	0	0		
golf_clean.exe	004b84cb	Unwind@004b84cb	11	0	0	0	0		
golf_clean.exe	004b84d6	Unwind@004b84d6	11	0	0	0	0		
golf_clean.exe	004b84e1	Unwind@004b84e1	11	0	0	0	0		
golf_clean.exe	004b84ec	Unwind@004b84ec	11	0	0	0	0		
golf_clean.exe	004b84f7	Unwind@004b84f7	11	0	0	0	0		
golf_clean.exe	004b8502	Unwind@004b8502	11	0	0	0	0		
golf_clean.exe	004b850d	Unwind@004b850d	11	0	0	0	0		
golf_clean.exe	004b8518	Unwind@004b8518	11	0	0	0	0		
golf_clean.exe	004b8523	Unwind@004b8523	11	0	0	0	0		
golf_clean.exe	004b852e	Unwind@004b852e	11	0	0	0	0		
golf_clean.exe	004b8539	Unwind@004b8539	11	0	0	0	0		
golf_clean.exe	004b8544	Unwind@004b8544	11	0	0	0	0		
golf_clean.exe	004b854f	Unwind@004b854f	11	0	0	0	0		
golf_clean.exe	004b855a	Unwind@004b855a	11	0	0	0	0		
golf_clean.exe	004b8565	Unwind@004b8565	11	0	0	0	0		
golf_clean.exe	004b8570	Unwind@004b8570	11	0	0	0	0		
golf_clean.exe	004b857b	Unwind@004b857b	11	0	0	0	0		
golf_clean.exe	004b8586	Unwind@004b8586	11	0	0	0	0		
golf_clean.exe	004b8591	Unwind@004b8591	11	0	0	0	0		
golf_clean.exe	004b859c	Unwind@004b859c	11	0	0	0	0		
golf_clean.exe	004b85a7	Unwind@004b85a7	11	0	0	0	0		
golf_clean.exe	004b85b2	Unwind@004b85b2	11	0	0	0	0		
golf_clean.exe	004b85bd	Unwind@004b85bd	11	0	0	0	0		
golf_clean.exe	004b85c8	Unwind@004b85c8	11	0	0	0	0		
golf_clean.exe	004b85d3	Unwind@004b85d3	11	0	0	0	0		
golf_clean.exe	004b85de	Unwind@004b85de	11	0	0	0	0		
golf_clean.exe	004b85e9	Unwind@004b85e9	11	0	0	0	0		
golf_clean.exe	004b85f4	Unwind@004b85f4	11	0	0	0	0		
golf_clean.exe	004b85ff	Unwind@004b85ff	11	0	0	0	0		
golf_clean.exe	004b860a	Unwind@004b860a	11	0	0	0	0		
golf_clean.exe	004b8615	Unwind@004b8615	11	0	0	0	0		
golf_clean.exe	004b8620	Unwind@004b8620	11	0	0	0	0		
golf_clean.exe	004b862b	Unwind@004b862b	11	0	0	0	0		
golf_clean.exe	004b8636	Unwind@004b8636	11	0	0	0	0		
golf_clean.exe	004b8641	Unwind@004b8641	11	0	0	0	0		
golf_clean.exe	004b864c	Unwind@004b864c	11	0	0	0	0		
golf_clean.exe	004b8657	Unwind@004b8657	11	0	0	0	0		
golf_clean.exe	004b8662	Unwind@004b8662	11	0	0	0	0		
golf_clean.exe	004b866d	Unwind@004b866d	11	0	0	0	0		
golf_clean.exe	004b8678	Unwind@004b8678	11	0	0	0	0		
golf_clean.exe	004b8683	Unwind@004b8683	11	0	0	0	0		
golf_clean.exe	004b868e	Unwind@004b868e	11	0	0	0	0		
golf_clean.exe	004b8699	Unwind@004b8699	11	0	0	0	0		
golf_clean.exe	004b86a4	Unwind@004b86a4	11	0	0	0	0		
golf_clean.exe	004b86af	Unwind@004b86af	11	0	0	0	0		
golf_clean.exe	004b86ba	Unwind@004b86ba	11	0	0	0	0		
golf_clean.exe	004b86c5	Unwind@004b86c5	11	0	0	0	0		
golf_clean.exe	004b86d0	Unwind@004b86d0	11	0	0	0	0		
golf_clean.exe	004b86db	Unwind@004b86db	11	0	0	0	0		
golf_clean.exe	004b86e6	Unwind@004b86e6	11	0	0	0	0		
golf_clean.exe	004b86f1	Unwind@004b86f1	11	0	0	0	0		
golf_clean.exe	004b86fc	Unwind@004b86fc	11	0	0	0	0		
golf_clean.exe	004b8707	Unwind@004b8707	11	0	0	0	0		
golf_clean.exe	004b8712	Unwind@004b8712	11	0	0	0	0		
golf_clean.exe	004b871d	Unwind@004b871d	11	0	0	0	0		
golf_clean.exe	004b8728	Unwind@004b8728	11	0	0	0	0		
golf_clean.exe	004b8733	Unwind@004b8733	11	0	0	0	0		
golf_clean.exe	004b873e	Unwind@004b873e	11	0	0	0	0		
golf_clean.exe	004b8749	Unwind@004b8749	11	0	0	0	0		
golf_clean.exe	004b8754	Unwind@004b8754	11	0	0	0	0		
golf_clean.exe	004b875f	Unwind@004b875f	11	0	0	0	0		
golf_clean.exe	004b876a	Unwind@004b876a	11	0	0	0	0		
golf_clean.exe	004b8775	Unwind@004b8775	11	0	0	0	0		
golf_clean.exe	004b8780	Unwind@004b8780	11	0	0	0	0		
golf_clean.exe	004b878b	Unwind@004b878b	11	0	0	0	0		
golf_clean.exe	004b8796	Unwind@004b8796	11	0	0	0	0		
golf_clean.exe	004b87a1	Unwind@004b87a1	11	0	0	0	0		
golf_clean.exe	004b87ac	Unwind@004b87ac	11	0	0	0	0		
golf_clean.exe	004b87b7	Unwind@004b87b7	11	0	0	0	0		
golf_clean.exe	004b87c2	Unwind@004b87c2	11	0	0	0	0		
golf_clean.exe	004b87cd	Unwind@004b87cd	11	0	0	0	0		
golf_clean.exe	004b87d8	Unwind@004b87d8	11	0	0	0	0		
golf_clean.exe	004b87e3	Unwind@004b87e3	11	0	0	0	0		
golf_clean.exe	004b87ee	Unwind@004b87ee	11	0	0	0	0		
golf_clean.exe	004b87f9	Unwind@004b87f9	11	0	0	0	0		
golf_clean.exe	004b8804	Unwind@004b8804	11	0	0	0	0		
golf_clean.exe	004b8820	Unwind@004b8820	11	0	0	0	0		
golf_clean.exe	004b882b	Unwind@004b882b	11	0	0	0	0		
golf_clean.exe	004b8836	Unwind@004b8836	11	0	0	0	0		
golf_clean.exe	004b8841	Unwind@004b8841	11	0	0	0	0		
golf_clean.exe	004b884c	Unwind@004b884c	11	0	0	0	0		
golf_clean.exe	004b8857	Unwind@004b8857	11	0	0	0	0		
golf_clean.exe	004b8862	Unwind@004b8862	11	0	0	0	0		
golf_clean.exe	004b886d	Unwind@004b886d	11	0	0	0	0		
golf_clean.exe	004b8878	Unwind@004b8878	11	0	0	0	0		
golf_clean.exe	004b8883	Unwind@004b8883	11	0	0	0	0		
golf_clean.exe	004b888e	Unwind@004b888e	11	0	0	0	0		
golf_clean.exe	004b8899	Unwind@004b8899	11	0	0	0	0		
golf_clean.exe	004b88a4	Unwind@004b88a4	11	0	0	0	0		
golf_clean.exe	004b88af	Unwind@004b88af	11	0	0	0	0		
golf_clean.exe	004b88ba	Unwind@004b88ba	11	0	0	0	0		
golf_clean.exe	004b88c5	Unwind@004b88c5	11	0	0	0	0		
golf_clean.exe	004b88d0	Unwind@004b88d0	11	0	0	0	0		
golf_clean.exe	004b88db	Unwind@004b88db	11	0	0	0	0		
golf_clean.exe	004b88e6	Unwind@004b88e6	11	0	0	0	0		
golf_clean.exe	004b88f1	Unwind@004b88f1	11	0	0	0	0		
golf_clean.exe	004b88fc	Unwind@004b88fc	11	0	0	0	0		
golf_clean.exe	004b8907	Unwind@004b8907	11	0	0	0	0		
golf_clean.exe	004b8912	Unwind@004b8912	11	0	0	0	0		
golf_clean.exe	004b891d	Unwind@004b891d	11	0	0	0	0		
golf_clean.exe	004b8928	Unwind@004b8928	11	0	0	0	0		
golf_clean.exe	004b8933	Unwind@004b8933	11	0	0	0	0		
golf_clean.exe	004b893e	Unwind@004b893e	11	0	0	0	0		
golf_clean.exe	004b8949	Unwind@004b8949	11	0	0	0	0		
golf_clean.exe	004b8954	Unwind@004b8954	11	0	0	0	0		
golf_clean.exe	004b895f	Unwind@004b895f	11	0	0	0	0		
golf_clean.exe	004b896a	Unwind@004b896a	11	0	0	0	0		
golf_clean.exe	004b8975	Unwind@004b8975	11	0	0	0	0		
golf_clean.exe	004b8980	Unwind@004b8980	11	0	0	0	0		
golf_clean.exe	004b898b	Unwind@004b898b	11	0	0	0	0		
golf_clean.exe	004b8996	Unwind@004b8996	11	0	0	0	0		
golf_clean.exe	004b89a1	Unwind@004b89a1	11	0	0	0	0		
golf_clean.exe	004b89ac	Unwind@004b89ac	11	0	0	0	0		
golf_clean.exe	004b89b7	Unwind@004b89b7	11	0	0	0	0		
golf_clean.exe	004b89c2	Unwind@004b89c2	11	0	0	0	0		
golf_clean.exe	004b89cd	Unwind@004b89cd	11	0	0	0	0		
golf_clean.exe	004b89d8	Unwind@004b89d8	11	0	0	0	0		
golf_clean.exe	004b89e3	Unwind@004b89e3	11	0	0	0	0		
golf_clean.exe	004b89ee	Unwind@004b89ee	11	0	0	0	0		
golf_clean.exe	004b89f9	Unwind@004b89f9	11	0	0	0	0		
golf_clean.exe	004b8a04	Unwind@004b8a04	11	0	0	0	0		
golf_clean.exe	004b8a0f	Unwind@004b8a0f	11	0	0	0	0		
golf_clean.exe	004b8a1a	Unwind@004b8a1a	11	0	0	0	0		
golf_clean.exe	004b8a25	Unwind@004b8a25	11	0	0	0	0		
golf_clean.exe	004b8a30	Unwind@004b8a30	11	0	0	0	0		
golf_clean.exe	004b8a3b	Unwind@004b8a3b	11	0	0	0	0		
golf_clean.exe	004b8a46	Unwind@004b8a46	11	0	0	0	0		
golf_clean.exe	004b8a51	Unwind@004b8a51	11	0	0	0	0		
golf_clean.exe	004b8a5c	Unwind@004b8a5c	11	0	0	0	0		
golf_clean.exe	004b8a67	Unwind@004b8a67	11	0	0	0	0		
golf_clean.exe	004b8a72	Unwind@004b8a72	11	0	0	0	0		
golf_clean.exe	004b8a99	Unwind@004b8a99	11	0	0	0	0		
golf_clean.exe	004b8aa4	Unwind@004b8aa4	11	0	0	0	0		
golf_clean.exe	004b8aaf	Unwind@004b8aaf	11	0	0	0	0		
golf_clean.exe	004b8aba	Unwind@004b8aba	11	0	0	0	0		
golf_clean.exe	004b8ac5	Unwind@004b8ac5	11	0	0	0	0		
golf_clean.exe	004b8ad0	Unwind@004b8ad0	11	0	0	0	0		
golf_clean.exe	004b8adb	Unwind@004b8adb	11	0	0	0	0		
golf_clean.exe	004b8ae6	Unwind@004b8ae6	11	0	0	0	0		
golf_clean.exe	004b8af1	Unwind@004b8af1	11	0	0	0	0		
golf_clean.exe	004b8afc	Unwind@004b8afc	11	0	0	0	0		
golf_clean.exe	004b8b07	Unwind@004b8b07	11	0	0	0	0		
golf_clean.exe	004b8b12	Unwind@004b8b12	11	0	0	0	0		
golf_clean.exe	004b8b1d	Unwind@004b8b1d	11	0	0	0	0		
golf_clean.exe	004b8b28	Unwind@004b8b28	11	0	0	0	0		
golf_clean.exe	004b8b33	Unwind@004b8b33	11	0	0	0	0		
golf_clean.exe	004b8b3e	Unwind@004b8b3e	11	0	0	0	0		
golf_clean.exe	004b8b49	Unwind@004b8b49	11	0	0	0	0		
golf_clean.exe	004b8b54	Unwind@004b8b54	11	0	0	0	0		
golf_clean.exe	004b8b5f	Unwind@004b8b5f	11	0	0	0	0		
golf_clean.exe	004b8b6a	Unwind@004b8b6a	11	0	0	0	0		
golf_clean.exe	004b8b75	Unwind@004b8b75	11	0	0	0	0		
golf_clean.exe	004b8b80	Unwind@004b8b80	11	0	0	0	0		
golf_clean.exe	004b8b8b	Unwind@004b8b8b	11	0	0	0	0		
golf_clean.exe	004b8b96	Unwind@004b8b96	11	0	0	0	0		
golf_clean.exe	004b8ba1	Unwind@004b8ba1	11	0	0	0	0		
golf_clean.exe	004b8bac	Unwind@004b8bac	11	0	0	0	0		
golf_clean.exe	004b8bb7	Unwind@004b8bb7	11	0	0	0	0		
golf_clean.exe	004b8bc2	Unwind@004b8bc2	11	0	0	0	0		
golf_clean.exe	004b8bcd	Unwind@004b8bcd	11	0	0	0	0		
golf_clean.exe	004b8bd8	Unwind@004b8bd8	11	0	0	0	0		
golf_clean.exe	004b8be3	Unwind@004b8be3	11	0	0	0	0		
golf_clean.exe	004b8bee	Unwind@004b8bee	11	0	0	0	0		
golf_clean.exe	004b8bf9	Unwind@004b8bf9	11	0	0	0	0		
golf_clean.exe	004b8c04	Unwind@004b8c04	11	0	0	0	0		
golf_clean.exe	004b8c0f	Unwind@004b8c0f	11	0	0	0	0		
golf_clean.exe	004b8c1a	Unwind@004b8c1a	11	0	0	0	0		
golf_clean.exe	004b8c25	Unwind@004b8c25	11	0	0	0	0		
golf_clean.exe	004b8c30	Unwind@004b8c30	11	0	0	0	0		
golf_clean.exe	004b8c3b	Unwind@004b8c3b	11	0	0	0	0		
golf_clean.exe	004b8c46	Unwind@004b8c46	11	0	0	0	0		
golf_clean.exe	004b8c51	Unwind@004b8c51	11	0	0	0	0		
golf_clean.exe	004b8c5c	Unwind@004b8c5c	11	0	0	0	0		
golf_clean.exe	004b8c67	Unwind@004b8c67	11	0	0	0	0		
golf_clean.exe	004b8c72	Unwind@004b8c72	11	0	0	0	0		
golf_clean.exe	004b8c7d	Unwind@004b8c7d	11	0	0	0	0		
golf_clean.exe	004b8c88	Unwind@004b8c88	11	0	0	0	0		
golf_clean.exe	004b8c93	Unwind@004b8c93	11	0	0	0	0		
golf_clean.exe	004b8c9e	Unwind@004b8c9e	11	0	0	0	0		
golf_clean.exe	004b8ca9	Unwind@004b8ca9	11	0	0	0	0		
golf_clean.exe	004b8cb4	Unwind@004b8cb4	11	0	0	0	0		
golf_clean.exe	004b8cbf	Unwind@004b8cbf	11	0	0	0	0		
golf_clean.exe	004b8cca	Unwind@004b8cca	11	0	0	0	0		
golf_clean.exe	004b8cd5	Unwind@004b8cd5	11	0	0	0	0		
golf_clean.exe	004b8ce0	Unwind@004b8ce0	11	0	0	0	0		
golf_clean.exe	004b8ceb	Unwind@004b8ceb	11	0	0	0	0		
golf_clean.exe	004b8cf6	Unwind@004b8cf6	11	0	0	0	0		
golf_clean.exe	004b8d01	Unwind@004b8d01	11	0	0	0	0		
golf_clean.exe	004b8d0c	Unwind@004b8d0c	11	0	0	0	0		
golf_clean.exe	004b8d17	Unwind@004b8d17	11	0	0	0	0		
golf_clean.exe	004b8d22	Unwind@004b8d22	11	0	0	0	0		
golf_clean.exe	004b8d2d	Unwind@004b8d2d	11	0	0	0	0		
golf_clean.exe	004b8d38	Unwind@004b8d38	11	0	0	0	0		
golf_clean.exe	004b8d43	Unwind@004b8d43	11	0	0	0	0		
golf_clean.exe	004b8d4e	Unwind@004b8d4e	11	0	0	0	0		
golf_clean.exe	004b8d59	Unwind@004b8d59	11	0	0	0	0		
golf_clean.exe	004b8d64	Unwind@004b8d64	11	0	0	0	0		
golf_clean.exe	004b8d6f	Unwind@004b8d6f	11	0	0	0	0		
golf_clean.exe	004b8d7a	Unwind@004b8d7a	11	0	0	0	0		
golf_clean.exe	004b8d85	Unwind@004b8d85	11	0	0	0	0		
golf_clean.exe	004b8d90	Unwind@004b8d90	11	0	0	0	0		
golf_clean.exe	004b8d9b	Unwind@004b8d9b	11	0	0	0	0		
golf_clean.exe	004b8da6	Unwind@004b8da6	11	0	0	0	0		
golf_clean.exe	004b8db1	Unwind@004b8db1	11	0	0	0	0		
golf_clean.exe	004b8dbc	Unwind@004b8dbc	11	0	0	0	0		
golf_clean.exe	004b8dc7	Unwind@004b8dc7	11	0	0	0	0		
golf_clean.exe	004b8dd2	Unwind@004b8dd2	11	0	0	0	0		
golf_clean.exe	004b8ddd	Unwind@004b8ddd	11	0	0	0	0		
golf_clean.exe	004b8de8	Unwind@004b8de8	11	0	0	0	0		
golf_clean.exe	004b8df3	Unwind@004b8df3	11	0	0	0	0		
golf_clean.exe	004b8dfe	Unwind@004b8dfe	11	0	0	0	0		
golf_clean.exe	004b8e09	Unwind@004b8e09	11	0	0	0	0		
golf_clean.exe	004b8e14	Unwind@004b8e14	11	0	0	0	0		
golf_clean.exe	004b8e1f	Unwind@004b8e1f	11	0	0	0	0		
golf_clean.exe	004b8e2a	Unwind@004b8e2a	11	0	0	0	0		
golf_clean.exe	004b8e35	Unwind@004b8e35	11	0	0	0	0		
golf_clean.exe	004b8e50	Unwind@004b8e50	11	0	0	0	0		
golf_clean.exe	004b8e5b	Unwind@004b8e5b	11	0	0	0	0		
golf_clean.exe	004b8e66	Unwind@004b8e66	11	0	0	0	0		
golf_clean.exe	004b8e71	Unwind@004b8e71	11	0	0	0	0		
golf_clean.exe	004b8e7c	Unwind@004b8e7c	11	0	0	0	0		
golf_clean.exe	004b8e87	Unwind@004b8e87	11	0	0	0	0		
golf_clean.exe	004b8e92	Unwind@004b8e92	11	0	0	0	0		
golf_clean.exe	004b8e9d	Unwind@004b8e9d	11	0	0	0	0		
golf_clean.exe	004b8ea8	Unwind@004b8ea8	11	0	0	0	0		
golf_clean.exe	004b8eb3	Unwind@004b8eb3	11	0	0	0	0		
golf_clean.exe	004b8ebe	Unwind@004b8ebe	11	0	0	0	0		
golf_clean.exe	004b8ec9	Unwind@004b8ec9	11	0	0	0	0		
golf_clean.exe	004b8ed4	Unwind@004b8ed4	11	0	0	0	0		
golf_clean.exe	004b8edf	Unwind@004b8edf	11	0	0	0	0		
golf_clean.exe	004b8eea	Unwind@004b8eea	11	0	0	0	0		
golf_clean.exe	004b8ef5	Unwind@004b8ef5	11	0	0	0	0		
golf_clean.exe	004b8f00	Unwind@004b8f00	11	0	0	0	0		
golf_clean.exe	004b8f0b	Unwind@004b8f0b	11	0	0	0	0		
golf_clean.exe	004b8f16	Unwind@004b8f16	11	0	0	0	0		
golf_clean.exe	004b8f21	Unwind@004b8f21	11	0	0	0	0		
golf_clean.exe	004b8f2c	Unwind@004b8f2c	11	0	0	0	0		
golf_clean.exe	004b8f37	Unwind@004b8f37	11	0	0	0	0		
golf_clean.exe	004b8f42	Unwind@004b8f42	11	0	0	0	0		
golf_clean.exe	004b8f4d	Unwind@004b8f4d	11	0	0	0	0		
golf_clean.exe	004b8f58	Unwind@004b8f58	11	0	0	0	0		
golf_clean.exe	004b8f63	Unwind@004b8f63	11	0	0	0	0		
golf_clean.exe	004b8f6e	Unwind@004b8f6e	11	0	0	0	0		
golf_clean.exe	004b8f79	Unwind@004b8f79	11	0	0	0	0		
golf_clean.exe	004b8f84	Unwind@004b8f84	11	0	0	0	0		
golf_clean.exe	004b8f8f	Unwind@004b8f8f	11	0	0	0	0		
golf_clean.exe	004b8f9a	Unwind@004b8f9a	11	0	0	0	0		
golf_clean.exe	004b8fa5	Unwind@004b8fa5	11	0	0	0	0		
golf_clean.exe	004b8fb0	Unwind@004b8fb0	11	0	0	0	0		
golf_clean.exe	004b8fbb	Unwind@004b8fbb	11	0	0	0	0		
golf_clean.exe	004b8fc6	Unwind@004b8fc6	11	0	0	0	0		
golf_clean.exe	004b8fd1	Unwind@004b8fd1	11	0	0	0	0		
golf_clean.exe	004b8fdc	Unwind@004b8fdc	11	0	0	0	0		
golf_clean.exe	004b8fe7	Unwind@004b8fe7	11	0	0	0	0		
golf_clean.exe	004b8ff2	Unwind@004b8ff2	11	0	0	0	0		
golf_clean.exe	004b8ffd	Unwind@004b8ffd	11	0	0	0	0		
golf_clean.exe	004b9008	Unwind@004b9008	11	0	0	0	0		
golf_clean.exe	004b9013	Unwind@004b9013	11	0	0	0	0		
golf_clean.exe	004b901e	Unwind@004b901e	11	0	0	0	0		
golf_clean.exe	004b9029	Unwind@004b9029	11	0	0	0	0		
golf_clean.exe	004b9034	Unwind@004b9034	11	0	0	0	0		
golf_clean.exe	004b903f	Unwind@004b903f	11	0	0	0	0		
golf_clean.exe	004b904a	Unwind@004b904a	11	0	0	0	0		
golf_clean.exe	004b9055	Unwind@004b9055	11	0	0	0	0		
golf_clean.exe	004b9060	Unwind@004b9060	11	0	0	0	0		
golf_clean.exe	004b906b	Unwind@004b906b	11	0	0	0	0		
golf_clean.exe	004b9076	Unwind@004b9076	11	0	0	0	0		
golf_clean.exe	004b9081	Unwind@004b9081	11	0	0	0	0		
golf_clean.exe	004b908c	Unwind@004b908c	11	0	0	0	0		
golf_clean.exe	004b9097	Unwind@004b9097	11	0	0	0	0		
golf_clean.exe	004b90a2	Unwind@004b90a2	11	0	0	0	0		
golf_clean.exe	004b91c0	Unwind@004b91c0	11	0	0	0	0		
golf_clean.exe	004b91e0	Unwind@004b91e0	11	0	0	0	0		
golf_clean.exe	004b9230	Unwind@004b9230	11	0	0	0	0		
golf_clean.exe	004b9280	Unwind@004b9280	11	0	0	0	0		
golf_clean.exe	004b92da	Unwind@004b92da	11	0	0	0	0		
golf_clean.exe	004b92e5	Unwind@004b92e5	11	0	0	0	0		
golf_clean.exe	004b9320	Unwind@004b9320	11	0	0	0	0		
golf_clean.exe	004b9370	Unwind@004b9370	11	0	0	0	0		
golf_clean.exe	004b93ca	Unwind@004b93ca	11	0	0	0	0		
golf_clean.exe	004b93d5	Unwind@004b93d5	11	0	0	0	0		
golf_clean.exe	004b93fe	Unwind@004b93fe	11	0	0	0	0		
Terrain.dll	00015e63	FUN_10015e63	11	0	0	0	0		
Terrain.dll	00016443	FUN_10016443	11	0	0	0	0		
Terrain.dll	00016aa1	FUN_10016aa1	11	0	0	0	0		
Terrain.dll	00016b9d	FUN_10016b9d	11	0	0	0	0		
Terrain.dll	00016fe5	FUN_10016fe5	11	0	0	0	0		
Terrain.dll	000170dd	FUN_100170dd	11	0	0	0	0		
Terrain.dll	00017386	FUN_10017386	11	0	0	0	0		
Terrain.dll	00017558	FUN_10017558	11	0	0	0	0		
Terrain.dll	00017961	FUN_10017961	11	0	0	0	0		
Terrain.dll	0001a115	FUN_1001a115	11	0	0	0	0		
Terrain.dll	0001a197	FUN_1001a197	11	0	0	0	0		
Terrain.dll	0001a210	FUN_1001a210	11	0	0	0	0		
Terrain.dll	0001aa61	FUN_1001aa61	11	0	0	0	0		
Terrain.dll	0001ab5a	FUN_1001ab5a	11	0	0	0	0		
Terrain.dll	0001ad86	FUN_1001ad86	11	0	0	0	0		
Terrain.dll	0001af9b	FUN_1001af9b	11	0	0	0	0		
Terrain.dll	0001b0db	FUN_1001b0db	11	0	0	0	0		
Terrain.dll	0001b15d	FUN_1001b15d	11	0	0	0	0		
Terrain.dll	0001b212	FUN_1001b212	11	0	0	0	0		
Terrain.dll	0001b257	FUN_1001b257	11	0	0	0	0		
Terrain.dll	00021b70	FUN_10021b70	11	0	0	0	0		
Terrain.dll	00021b80	FUN_10021b80	11	0	0	0	0		
Terrain.dll	000270f0	FUN_100270f0	11	0	0	0	0		
Terrain.dll	0002a430	FUN_1002a430	11	0	0	0	0		
Terrain.dll	00037850	FUN_10037850	11	0	0	0	0		
Terrain.dll	00041150	Unwind@10041150	11	0	0	0	0		
golf_clean.exe	00449150	getType	10	0	0	3	0		log/diff/00449150_Terrain_getType.match.csv
golf_clean.exe	00487e60	FUN_00487e60	10	0	0	0	0		
golf_clean.exe	0049d280	FUN_0049d280	10	0	0	0	0		
Terrain.dll	00019cf0	FUN_10019cf0	10	0	0	0	0		
Terrain.dll	0001b2c0	__heapset	10	0	0	0	0		
Terrain.dll	0001d0a0	FUN_1001d0a0	10	0	0	0	0		
Terrain.dll	00031b90	FUN_10031b90	10	0	0	0	0		
golf_clean.exe	004a55b1	__NLG_Notify1	9	0	0	0	0		
golf_clean.exe	004abe6b	FUN_004abe6b	9	0	0	0	0		
Terrain.dll	00018bbd	__NLG_Notify1	9	0	0	0	0		
Terrain.dll	00019389	FUN_10019389	9	0	0	0	0		
Terrain.dll	00041310	Unwind@10041310	9	0	0	0	0		
Terrain.dll	00041330	Unwind@10041330	9	0	0	0	0		
Terrain.dll	000413b0	Unwind@100413b0	9	0	0	0	0		
Terrain.dll	00041490	Unwind@10041490	9	0	0	0	0		
golf_clean.exe	0049cb80	FUN_0049cb80	8	0	0	0	0		
golf_clean.exe	004b72f0	Unwind@004b72f0	8	0	0	0	0		
golf_clean.exe	004b7450	Unwind@004b7450	8	0	0	0	0		
golf_clean.exe	004b74d0	Unwind@004b74d0	8	0	0	0	0		
golf_clean.exe	004b74f0	Unwind@004b74f0	8	0	0	0	0		
golf_clean.exe	004b7510	Unwind@004b7510	8	0	0	0	0		
golf_clean.exe	004b7560	Unwind@004b7560	8	0	0	0	0		
golf_clean.exe	004b75b0	Unwind@004b75b0	8	0	0	0	0		
golf_clean.exe	004b7640	Unwind@004b7640	8	0	0	0	0		
golf_clean.exe	004b76d0	Unwind@004b76d0	8	0	0	0	0		
golf_clean.exe	004b76f0	Unwind@004b76f0	8	0	0	0	0		
golf_clean.exe	004b7710	Unwind@004b7710	8	0	0	0	0		
golf_clean.exe	004b7760	Unwind@004b7760	8	0	0	0	0		
golf_clean.exe	004b77b0	Unwind@004b77b0	8	0	0	0	0		
golf_clean.exe	004b77d0	Unwind@004b77d0	8	0	0	0	0		
golf_clean.exe	004b77f0	Unwind@004b77f0	8	0	0	0	0		
golf_clean.exe	004b7890	Unwind@004b7890	8	0	0	0	0		
golf_clean.exe	004b7a30	Unwind@004b7a30	8	0	0	0	0		
golf_clean.exe	004b7a50	Unwind@004b7a50	8	0	0	0	0		
golf_clean.exe	004b7be0	Unwind@004b7be0	8	0	0	0	0		
golf_clean.exe	004b7c00	Unwind@004b7c00	8	0	0	0	0		
golf_clean.exe	004b7c80	Unwind@004b7c80	8	0	0	0	0		
golf_clean.exe	004b7ca0	Unwind@004b7ca0	8	0	0	0	0		
golf_clean.exe	004b7de0	Unwind@004b7de0	8	0	0	0	0		
golf_clean.exe	004b7e00	Unwind@004b7e00	8	0	0	0	0		
golf_clean.exe	004b7e20	Unwind@004b7e20	8	0	0	0	0		
golf_clean.exe	004b7e40	Unwind@004b7e40	8	0	0	0	0		
golf_clean.exe	004b7e60	Unwind@004b7e60	8	0	0	0	0		
golf_clean.exe	004b7ea0	Unwind@004b7ea0	8	0	0	0	0		
golf_clean.exe	004b7ec0	Unwind@004b7ec0	8	0	0	0	0		
golf_clean.exe	004b7ee0	Unwind@004b7ee0	8	0	0	0	0		
golf_clean.exe	004b7f00	Unwind@004b7f00	8	0	0	0	0		
golf_clean.exe	004b7f20	Unwind@004b7f20	8	0	0	0	0		
golf_clean.exe	004b7fd0	Unwind@004b7fd0	8	0	0	0	0		
golf_clean.exe	004b80a0	Unwind@004b80a0	8	0	0	0	0		
golf_clean.exe	004b81b0	Unwind@004b81b0	8	0	0	0	0		
golf_clean.exe	004b823e	Unwind@004b823e	8	0	0	0	0		
golf_clean.exe	004b8246	Unwind@004b8246	8	0	0	0	0		
golf_clean.exe	004b8300	Unwind@004b8300	8	0	0	0	0		
golf_clean.exe	004b8320	Unwind@004b8320	8	0	0	0	0		
golf_clean.exe	004b8344	Unwind@004b8344	8	0	0	0	0		
golf_clean.exe	004b834c	Unwind@004b834c	8	0	0	0	0		
golf_clean.exe	004b9180	Unwind@004b9180	8	0	0	0	0		
golf_clean.exe	004b91a0	Unwind@004b91a0	8	0	0	0	0		
golf_clean.exe	004852d0	FUN_004852d0	7	0	0	0	0		
golf_clean.exe	00486ff0	FUN_00486ff0	7	0	0	0	0		
golf_clean.exe	004a522f	FUN_004a522f	7	0	0	0	0		
golf_clean.exe	004a5236	FUN_004a5236	7	0	0	0	0		
Terrain.dll	00018750	_CallMemberFunction0	7	0	0	0	0		
Terrain.dll	00018760	FUN_10018760	7	0	0	0	0		
Terrain.dll	00018770	FUN_10018770	7	0	0	0	0		
Terrain.dll	0002b200	FUN_1002b200	7	0	0	0	0		
Terrain.dll	0002d780	__matherr	7	0	0	0	0		
Terrain.dll	0002f150	FUN_1002f150	7	0	0	0	0		
golf_clean.exe	004a4f5e	~Terrain	6	0	0	0	0		
golf_clean.exe	004a4f64	closeSystem	6	0	0	0	0		
golf_clean.exe	004a4f6a	pathUpdateRender	6	0	0	0	0		
golf_clean.exe	004a4f7c	setZoomLevel	6	0	0	0	0		
golf_clean.exe	004a4f94	hasConnectedPath	6	0	0	0	0		
golf_clean.exe	004a4f9a	updatePath	6	0	0	0	0		
golf_clean.exe	004a4fa6	stripRender	6	0	0	0	0		
golf_clean.exe	004b65d0	RtlUnwind	6	0	0	0	0		
Terrain.dll	0001577e	gluBuild2DMipmaps	6	0	0	0	0		
Terrain.dll	00015784	gluBuild1DMipmaps	6	0	0	0	0		
Terrain.dll	00020c0a	FUN_10020c0a	6	0	0	0	0		
Terrain.dll	000371f2	RtlUnwind	6	0	0	0	0		
golf_clean.exe	00404350	thunk_FUN_004805a0	5	0	0	0	0		
golf_clean.exe	00483020	FUN_00483020	5	0	0	0	0		
golf_clean.exe	00487cb0	FUN_00487cb0	5	0	0	0	0		
golf_clean.exe	0049bfc0	thunk_FUN_004853d0	5	0	0	0	0		
golf_clean.exe	0049d040	thunk_FUN_00474810	5	0	0	0	0		
golf_clean.exe	004b0480	FUN_004b0480	5	0	0	0	0		
Terrain.dll	00001023	hasConnectedPath	5	0	0	0	0		
Terrain.dll	00001073	thunk_FUN_10005750	5	0	0	0	0		
Terrain.dll	0000109b	tileHit	5	0	0	0	0		
Terrain.dll	000010a5	drawBezierSpline	5	0	0	0	0		
Terrain.dll	00001122	thunk_FUN_100108f0	5	0	0	0	0		
Terrain.dll	00001131	thunk_FUN_100133a0	5	0	0	0	0		
Terrain.dll	0000114f	thunk_FUN_10014190	5	0	0	0	0		
Terrain.dll	00001168	thunk_FUN_100149e0	5	0	0	0	0		
Terrain.dll	00001186	drawCircle	5	0	0	0	0		
Terrain.dll	000011c2	changeLighting	5	0	0	0	0		
Terrain.dll	000011e0	pathUpdateRender	5	0	0	0	0		
Terrain.dll	000011ea	renderTile	5	0	0	0	0		
Terrain.dll	00001203	thunk_FUN_1000d540	5	0	0	0	0		
Terrain.dll	00001208	thunk_FUN_100058a0	5	0	0	0	0		
Terrain.dll	0000120d	thunk_FUN_10001e40	5	0	0	0	0		
Terrain.dll	00001217	closeSystem	5	0	0	0	0		
Terrain.dll	00001230	thunk_FUN_1000de60	5	0	0	0	0		
Terrain.dll	00001244	drawCardinalSpline	5	0	0	0	0		
Terrain.dll	0000124e	getType	5	0	0	0	0		
Terrain.dll	0000125d	updatePath	5	0	0	0	0		
Terrain.dll	00001280	thunk_FUN_1000aed0	5	0	0	0	0		
Terrain.dll	00001294	setZoomLevel	5	0	0	0	0		
Terrain.dll	00001299	stripRender	5	0	0	0	0		
Terrain.dll	000012d0	thunk_FUN_10005090	5	0	0	0	0		
Terrain.dll	00001302	~Terrain	5	0	0	0	0		
Terrain.dll	00001311	thunk_FUN_100155b0	5	0	0	0	0		
Terrain.dll	00001325	thunk_FUN_10005840	5	0	0	0	0		
Terrain.dll	0000132a	thunk_FUN_10013360	5	0	0	0	0		
Terrain.dll	00001339	setSplineHeight	5	0	0	0	0		
Terrain.dll	00001343	getElevation	5	0	0	0	0		
Terrain.dll	00001348	thunk_FUN_10001fe0	5	0	0	0	0		
Terrain.dll	0000134d	thunk_FUN_100116d0	5	0	0	0	0		
Terrain.dll	00018370	FUN_10018370	5	0	0	0	0		
Terrain.dll	00020b5e	_abort	5	0	0	0	0		
golf_clean.exe	00487af0	FUN_00487af0	3	0	0	0	0		
golf_clean.exe	004a4340	FUN_004a4340	3	0	0	0	0		
Terrain.dll	0001b21d	thunk_FUN_1001b262	2	0	0	0	0		
golf_clean.exe	004b01e0	FUN_004b01e0	1	0	0	0	0		
